--
-- PostgreSQL database dump
--

-- Dumped from database version 15.8
-- Dumped by pg_dump version 16.4

SET statement_timeout = 0;
SET lock_timeout = 0;
SET idle_in_transaction_session_timeout = 0;
SET client_encoding = 'UTF8';
SET standard_conforming_strings = on;
SELECT pg_catalog.set_config('search_path', '', false);
SET check_function_bodies = false;
SET xmloption = content;
SET client_min_messages = warning;
SET row_security = off;

--
-- Data for Name: ckn_noun_base; Type: TABLE DATA; Schema: private; Owner: postgres
--

INSERT INTO private.ckn_noun_base (noun_base_key, noun_base) VALUES (1, 'air conditioning');
INSERT INTO private.ckn_noun_base (noun_base_key, noun_base) VALUES (2, 'bag');
INSERT INTO private.ckn_noun_base (noun_base_key, noun_base) VALUES (3, 'balcony');
INSERT INTO private.ckn_noun_base (noun_base_key, noun_base) VALUES (4, 'bathroom');
INSERT INTO private.ckn_noun_base (noun_base_key, noun_base) VALUES (5, 'bed');
INSERT INTO private.ckn_noun_base (noun_base_key, noun_base) VALUES (6, 'bellhop');
INSERT INTO private.ckn_noun_base (noun_base_key, noun_base) VALUES (7, 'bill');
INSERT INTO private.ckn_noun_base (noun_base_key, noun_base) VALUES (8, 'blanket');
INSERT INTO private.ckn_noun_base (noun_base_key, noun_base) VALUES (9, 'booking');
INSERT INTO private.ckn_noun_base (noun_base_key, noun_base) VALUES (10, 'breakfast');
INSERT INTO private.ckn_noun_base (noun_base_key, noun_base) VALUES (11, 'buffet');
INSERT INTO private.ckn_noun_base (noun_base_key, noun_base) VALUES (12, 'check-in');
INSERT INTO private.ckn_noun_base (noun_base_key, noun_base) VALUES (13, 'check-out');
INSERT INTO private.ckn_noun_base (noun_base_key, noun_base) VALUES (14, 'closet');
INSERT INTO private.ckn_noun_base (noun_base_key, noun_base) VALUES (15, 'complaint');
INSERT INTO private.ckn_noun_base (noun_base_key, noun_base) VALUES (16, 'concierge');
INSERT INTO private.ckn_noun_base (noun_base_key, noun_base) VALUES (17, 'confirmation');
INSERT INTO private.ckn_noun_base (noun_base_key, noun_base) VALUES (18, 'creditcard');
INSERT INTO private.ckn_noun_base (noun_base_key, noun_base) VALUES (19, 'curtain');
INSERT INTO private.ckn_noun_base (noun_base_key, noun_base) VALUES (20, 'desk');
INSERT INTO private.ckn_noun_base (noun_base_key, noun_base) VALUES (21, 'do not disturb sign');
INSERT INTO private.ckn_noun_base (noun_base_key, noun_base) VALUES (22, 'doorkey');
INSERT INTO private.ckn_noun_base (noun_base_key, noun_base) VALUES (23, 'drawer');
INSERT INTO private.ckn_noun_base (noun_base_key, noun_base) VALUES (24, 'elevator');
INSERT INTO private.ckn_noun_base (noun_base_key, noun_base) VALUES (25, 'elevatorbutton');
INSERT INTO private.ckn_noun_base (noun_base_key, noun_base) VALUES (26, 'floor');
INSERT INTO private.ckn_noun_base (noun_base_key, noun_base) VALUES (27, 'front desk');
INSERT INTO private.ckn_noun_base (noun_base_key, noun_base) VALUES (28, 'guest');
INSERT INTO private.ckn_noun_base (noun_base_key, noun_base) VALUES (29, 'hanger');
INSERT INTO private.ckn_noun_base (noun_base_key, noun_base) VALUES (30, 'heater');
INSERT INTO private.ckn_noun_base (noun_base_key, noun_base) VALUES (31, 'heating');
INSERT INTO private.ckn_noun_base (noun_base_key, noun_base) VALUES (32, 'housekeeper');
INSERT INTO private.ckn_noun_base (noun_base_key, noun_base) VALUES (33, 'housekeeping');
INSERT INTO private.ckn_noun_base (noun_base_key, noun_base) VALUES (34, 'invoice');
INSERT INTO private.ckn_noun_base (noun_base_key, noun_base) VALUES (35, 'iron');
INSERT INTO private.ckn_noun_base (noun_base_key, noun_base) VALUES (36, 'key');
INSERT INTO private.ckn_noun_base (noun_base_key, noun_base) VALUES (37, 'keycard');
INSERT INTO private.ckn_noun_base (noun_base_key, noun_base) VALUES (38, 'lamp');
INSERT INTO private.ckn_noun_base (noun_base_key, noun_base) VALUES (39, 'laundry');
INSERT INTO private.ckn_noun_base (noun_base_key, noun_base) VALUES (40, 'light');
INSERT INTO private.ckn_noun_base (noun_base_key, noun_base) VALUES (41, 'lobby');
INSERT INTO private.ckn_noun_base (noun_base_key, noun_base) VALUES (42, 'manager');
INSERT INTO private.ckn_noun_base (noun_base_key, noun_base) VALUES (43, 'menu');
INSERT INTO private.ckn_noun_base (noun_base_key, noun_base) VALUES (44, 'minibar');
INSERT INTO private.ckn_noun_base (noun_base_key, noun_base) VALUES (45, 'mirror');
INSERT INTO private.ckn_noun_base (noun_base_key, noun_base) VALUES (46, 'noise');
INSERT INTO private.ckn_noun_base (noun_base_key, noun_base) VALUES (47, 'passport');
INSERT INTO private.ckn_noun_base (noun_base_key, noun_base) VALUES (48, 'password');
INSERT INTO private.ckn_noun_base (noun_base_key, noun_base) VALUES (49, 'payment');
INSERT INTO private.ckn_noun_base (noun_base_key, noun_base) VALUES (50, 'pillow');
INSERT INTO private.ckn_noun_base (noun_base_key, noun_base) VALUES (51, 'reception');
INSERT INTO private.ckn_noun_base (noun_base_key, noun_base) VALUES (52, 'remote');
INSERT INTO private.ckn_noun_base (noun_base_key, noun_base) VALUES (53, 'reservation');
INSERT INTO private.ckn_noun_base (noun_base_key, noun_base) VALUES (54, 'restaurant');
INSERT INTO private.ckn_noun_base (noun_base_key, noun_base) VALUES (55, 'review');
INSERT INTO private.ckn_noun_base (noun_base_key, noun_base) VALUES (56, 'room number');
INSERT INTO private.ckn_noun_base (noun_base_key, noun_base) VALUES (57, 'room service');
INSERT INTO private.ckn_noun_base (noun_base_key, noun_base) VALUES (58, 'room');
INSERT INTO private.ckn_noun_base (noun_base_key, noun_base) VALUES (59, 'safe');
INSERT INTO private.ckn_noun_base (noun_base_key, noun_base) VALUES (60, 'service');
INSERT INTO private.ckn_noun_base (noun_base_key, noun_base) VALUES (61, 'shampoo');
INSERT INTO private.ckn_noun_base (noun_base_key, noun_base) VALUES (62, 'shower');
INSERT INTO private.ckn_noun_base (noun_base_key, noun_base) VALUES (63, 'sink');
INSERT INTO private.ckn_noun_base (noun_base_key, noun_base) VALUES (64, 'soap');
INSERT INTO private.ckn_noun_base (noun_base_key, noun_base) VALUES (65, 'stairs');
INSERT INTO private.ckn_noun_base (noun_base_key, noun_base) VALUES (66, 'suitcase');
INSERT INTO private.ckn_noun_base (noun_base_key, noun_base) VALUES (67, 'tip');
INSERT INTO private.ckn_noun_base (noun_base_key, noun_base) VALUES (68, 'toothbrush');
INSERT INTO private.ckn_noun_base (noun_base_key, noun_base) VALUES (69, 'toothpaste');
INSERT INTO private.ckn_noun_base (noun_base_key, noun_base) VALUES (70, 'towel');
INSERT INTO private.ckn_noun_base (noun_base_key, noun_base) VALUES (71, 'tv');
INSERT INTO private.ckn_noun_base (noun_base_key, noun_base) VALUES (72, 'wake-up call');
INSERT INTO private.ckn_noun_base (noun_base_key, noun_base) VALUES (73, 'wifi');
INSERT INTO private.ckn_noun_base (noun_base_key, noun_base) VALUES (74, 'window');
INSERT INTO private.ckn_noun_base (noun_base_key, noun_base) VALUES (75, 'appetizer');
INSERT INTO private.ckn_noun_base (noun_base_key, noun_base) VALUES (76, 'bar');
INSERT INTO private.ckn_noun_base (noun_base_key, noun_base) VALUES (77, 'beer');
INSERT INTO private.ckn_noun_base (noun_base_key, noun_base) VALUES (78, 'booth');
INSERT INTO private.ckn_noun_base (noun_base_key, noun_base) VALUES (79, 'busser');
INSERT INTO private.ckn_noun_base (noun_base_key, noun_base) VALUES (80, 'cash');
INSERT INTO private.ckn_noun_base (noun_base_key, noun_base) VALUES (81, 'chef');
INSERT INTO private.ckn_noun_base (noun_base_key, noun_base) VALUES (82, 'counter');
INSERT INTO private.ckn_noun_base (noun_base_key, noun_base) VALUES (83, 'cup');
INSERT INTO private.ckn_noun_base (noun_base_key, noun_base) VALUES (84, 'customer');
INSERT INTO private.ckn_noun_base (noun_base_key, noun_base) VALUES (85, 'dessert');
INSERT INTO private.ckn_noun_base (noun_base_key, noun_base) VALUES (86, 'dish');
INSERT INTO private.ckn_noun_base (noun_base_key, noun_base) VALUES (87, 'dishwasher');
INSERT INTO private.ckn_noun_base (noun_base_key, noun_base) VALUES (88, 'drink');
INSERT INTO private.ckn_noun_base (noun_base_key, noun_base) VALUES (89, 'entree');
INSERT INTO private.ckn_noun_base (noun_base_key, noun_base) VALUES (90, 'fork');
INSERT INTO private.ckn_noun_base (noun_base_key, noun_base) VALUES (91, 'glass');
INSERT INTO private.ckn_noun_base (noun_base_key, noun_base) VALUES (92, 'host');
INSERT INTO private.ckn_noun_base (noun_base_key, noun_base) VALUES (93, 'hostess');
INSERT INTO private.ckn_noun_base (noun_base_key, noun_base) VALUES (94, 'hoststand');
INSERT INTO private.ckn_noun_base (noun_base_key, noun_base) VALUES (95, 'juice');
INSERT INTO private.ckn_noun_base (noun_base_key, noun_base) VALUES (96, 'kitchen');
INSERT INTO private.ckn_noun_base (noun_base_key, noun_base) VALUES (97, 'kitchenstaff');
INSERT INTO private.ckn_noun_base (noun_base_key, noun_base) VALUES (98, 'knife');
INSERT INTO private.ckn_noun_base (noun_base_key, noun_base) VALUES (99, 'menuitem');
INSERT INTO private.ckn_noun_base (noun_base_key, noun_base) VALUES (100, 'napkin');
INSERT INTO private.ckn_noun_base (noun_base_key, noun_base) VALUES (101, 'order');
INSERT INTO private.ckn_noun_base (noun_base_key, noun_base) VALUES (102, 'plate');
INSERT INTO private.ckn_noun_base (noun_base_key, noun_base) VALUES (103, 'receipt');
INSERT INTO private.ckn_noun_base (noun_base_key, noun_base) VALUES (104, 'reservationbook');
INSERT INTO private.ckn_noun_base (noun_base_key, noun_base) VALUES (105, 'salad');
INSERT INTO private.ckn_noun_base (noun_base_key, noun_base) VALUES (106, 'server');
INSERT INTO private.ckn_noun_base (noun_base_key, noun_base) VALUES (107, 'soda');
INSERT INTO private.ckn_noun_base (noun_base_key, noun_base) VALUES (108, 'special');
INSERT INTO private.ckn_noun_base (noun_base_key, noun_base) VALUES (109, 'spoon');
INSERT INTO private.ckn_noun_base (noun_base_key, noun_base) VALUES (110, 'stool');
INSERT INTO private.ckn_noun_base (noun_base_key, noun_base) VALUES (111, 'table');
INSERT INTO private.ckn_noun_base (noun_base_key, noun_base) VALUES (112, 'waiter');
INSERT INTO private.ckn_noun_base (noun_base_key, noun_base) VALUES (113, 'waitress');
INSERT INTO private.ckn_noun_base (noun_base_key, noun_base) VALUES (114, 'waitstaff');
INSERT INTO private.ckn_noun_base (noun_base_key, noun_base) VALUES (115, 'water');
INSERT INTO private.ckn_noun_base (noun_base_key, noun_base) VALUES (116, 'wine');
INSERT INTO private.ckn_noun_base (noun_base_key, noun_base) VALUES (117, 'agent');
INSERT INTO private.ckn_noun_base (noun_base_key, noun_base) VALUES (118, 'airline');
INSERT INTO private.ckn_noun_base (noun_base_key, noun_base) VALUES (119, 'airtraffic');
INSERT INTO private.ckn_noun_base (noun_base_key, noun_base) VALUES (120, 'aisle');
INSERT INTO private.ckn_noun_base (noun_base_key, noun_base) VALUES (121, 'announcement');
INSERT INTO private.ckn_noun_base (noun_base_key, noun_base) VALUES (122, 'arrival');
INSERT INTO private.ckn_noun_base (noun_base_key, noun_base) VALUES (123, 'arrivalboard');
INSERT INTO private.ckn_noun_base (noun_base_key, noun_base) VALUES (124, 'attendant');
INSERT INTO private.ckn_noun_base (noun_base_key, noun_base) VALUES (125, 'baggage');
INSERT INTO private.ckn_noun_base (noun_base_key, noun_base) VALUES (126, 'boardinggroup');
INSERT INTO private.ckn_noun_base (noun_base_key, noun_base) VALUES (127, 'boardingpass');
INSERT INTO private.ckn_noun_base (noun_base_key, noun_base) VALUES (128, 'boardingzone');
INSERT INTO private.ckn_noun_base (noun_base_key, noun_base) VALUES (129, 'cabin');
INSERT INTO private.ckn_noun_base (noun_base_key, noun_base) VALUES (130, 'carousel');
INSERT INTO private.ckn_noun_base (noun_base_key, noun_base) VALUES (131, 'checkin');
INSERT INTO private.ckn_noun_base (noun_base_key, noun_base) VALUES (132, 'conveyor');
INSERT INTO private.ckn_noun_base (noun_base_key, noun_base) VALUES (133, 'copilot');
INSERT INTO private.ckn_noun_base (noun_base_key, noun_base) VALUES (134, 'crew');
INSERT INTO private.ckn_noun_base (noun_base_key, noun_base) VALUES (135, 'customs');
INSERT INTO private.ckn_noun_base (noun_base_key, noun_base) VALUES (136, 'delay');
INSERT INTO private.ckn_noun_base (noun_base_key, noun_base) VALUES (137, 'departure');
INSERT INTO private.ckn_noun_base (noun_base_key, noun_base) VALUES (138, 'departureboard');
INSERT INTO private.ckn_noun_base (noun_base_key, noun_base) VALUES (139, 'e-ticket');
INSERT INTO private.ckn_noun_base (noun_base_key, noun_base) VALUES (140, 'flightnumber');
INSERT INTO private.ckn_noun_base (noun_base_key, noun_base) VALUES (141, 'flightpath');
INSERT INTO private.ckn_noun_base (noun_base_key, noun_base) VALUES (142, 'gate');
INSERT INTO private.ckn_noun_base (noun_base_key, noun_base) VALUES (143, 'hangar');
INSERT INTO private.ckn_noun_base (noun_base_key, noun_base) VALUES (144, 'immigration');
INSERT INTO private.ckn_noun_base (noun_base_key, noun_base) VALUES (145, 'landing');
INSERT INTO private.ckn_noun_base (noun_base_key, noun_base) VALUES (146, 'layover');
INSERT INTO private.ckn_noun_base (noun_base_key, noun_base) VALUES (147, 'liftoff');
INSERT INTO private.ckn_noun_base (noun_base_key, noun_base) VALUES (148, 'luggage');
INSERT INTO private.ckn_noun_base (noun_base_key, noun_base) VALUES (149, 'overheadbin');
INSERT INTO private.ckn_noun_base (noun_base_key, noun_base) VALUES (150, 'oxygenmask');
INSERT INTO private.ckn_noun_base (noun_base_key, noun_base) VALUES (151, 'passportcontrol');
INSERT INTO private.ckn_noun_base (noun_base_key, noun_base) VALUES (152, 'pilot');
INSERT INTO private.ckn_noun_base (noun_base_key, noun_base) VALUES (153, 'plane');
INSERT INTO private.ckn_noun_base (noun_base_key, noun_base) VALUES (154, 'runway');
INSERT INTO private.ckn_noun_base (noun_base_key, noun_base) VALUES (155, 'scanner');
INSERT INTO private.ckn_noun_base (noun_base_key, noun_base) VALUES (156, 'seat');
INSERT INTO private.ckn_noun_base (noun_base_key, noun_base) VALUES (157, 'security');
INSERT INTO private.ckn_noun_base (noun_base_key, noun_base) VALUES (158, 'taxiway');
INSERT INTO private.ckn_noun_base (noun_base_key, noun_base) VALUES (159, 'terminal');
INSERT INTO private.ckn_noun_base (noun_base_key, noun_base) VALUES (160, 'ticket');
INSERT INTO private.ckn_noun_base (noun_base_key, noun_base) VALUES (161, 'ticketcounter');
INSERT INTO private.ckn_noun_base (noun_base_key, noun_base) VALUES (162, 'timezone');
INSERT INTO private.ckn_noun_base (noun_base_key, noun_base) VALUES (163, 'tower');
INSERT INTO private.ckn_noun_base (noun_base_key, noun_base) VALUES (164, 'tsa');
INSERT INTO private.ckn_noun_base (noun_base_key, noun_base) VALUES (165, 'turbulence');
INSERT INTO private.ckn_noun_base (noun_base_key, noun_base) VALUES (166, 'visa');
INSERT INTO private.ckn_noun_base (noun_base_key, noun_base) VALUES (167, 'windowseat');
INSERT INTO private.ckn_noun_base (noun_base_key, noun_base) VALUES (168, 'address');
INSERT INTO private.ckn_noun_base (noun_base_key, noun_base) VALUES (169, 'apartment');
INSERT INTO private.ckn_noun_base (noun_base_key, noun_base) VALUES (170, 'avenue');
INSERT INTO private.ckn_noun_base (noun_base_key, noun_base) VALUES (171, 'backseat');
INSERT INTO private.ckn_noun_base (noun_base_key, noun_base) VALUES (172, 'brake');
INSERT INTO private.ckn_noun_base (noun_base_key, noun_base) VALUES (173, 'building');
INSERT INTO private.ckn_noun_base (noun_base_key, noun_base) VALUES (174, 'cancellation');
INSERT INTO private.ckn_noun_base (noun_base_key, noun_base) VALUES (175, 'car');
INSERT INTO private.ckn_noun_base (noun_base_key, noun_base) VALUES (176, 'curb');
INSERT INTO private.ckn_noun_base (noun_base_key, noun_base) VALUES (177, 'destination');
INSERT INTO private.ckn_noun_base (noun_base_key, noun_base) VALUES (178, 'direction');
INSERT INTO private.ckn_noun_base (noun_base_key, noun_base) VALUES (179, 'dispatcher');
INSERT INTO private.ckn_noun_base (noun_base_key, noun_base) VALUES (180, 'door');
INSERT INTO private.ckn_noun_base (noun_base_key, noun_base) VALUES (181, 'driver');
INSERT INTO private.ckn_noun_base (noun_base_key, noun_base) VALUES (182, 'driverseat');
INSERT INTO private.ckn_noun_base (noun_base_key, noun_base) VALUES (183, 'dropoff');
INSERT INTO private.ckn_noun_base (noun_base_key, noun_base) VALUES (184, 'engine');
INSERT INTO private.ckn_noun_base (noun_base_key, noun_base) VALUES (185, 'fare');
INSERT INTO private.ckn_noun_base (noun_base_key, noun_base) VALUES (186, 'gps');
INSERT INTO private.ckn_noun_base (noun_base_key, noun_base) VALUES (187, 'highway');
INSERT INTO private.ckn_noun_base (noun_base_key, noun_base) VALUES (188, 'horn');
INSERT INTO private.ckn_noun_base (noun_base_key, noun_base) VALUES (189, 'intersection');
INSERT INTO private.ckn_noun_base (noun_base_key, noun_base) VALUES (190, 'lane');
INSERT INTO private.ckn_noun_base (noun_base_key, noun_base) VALUES (191, 'license');
INSERT INTO private.ckn_noun_base (noun_base_key, noun_base) VALUES (192, 'meter');
INSERT INTO private.ckn_noun_base (noun_base_key, noun_base) VALUES (193, 'notification');
INSERT INTO private.ckn_noun_base (noun_base_key, noun_base) VALUES (194, 'passenger');
INSERT INTO private.ckn_noun_base (noun_base_key, noun_base) VALUES (195, 'pickup');
INSERT INTO private.ckn_noun_base (noun_base_key, noun_base) VALUES (196, 'rating');
INSERT INTO private.ckn_noun_base (noun_base_key, noun_base) VALUES (197, 'request');
INSERT INTO private.ckn_noun_base (noun_base_key, noun_base) VALUES (198, 'ride');
INSERT INTO private.ckn_noun_base (noun_base_key, noun_base) VALUES (199, 'rideapp');
INSERT INTO private.ckn_noun_base (noun_base_key, noun_base) VALUES (200, 'ridepool');
INSERT INTO private.ckn_noun_base (noun_base_key, noun_base) VALUES (201, 'route');
INSERT INTO private.ckn_noun_base (noun_base_key, noun_base) VALUES (202, 'signal');
INSERT INTO private.ckn_noun_base (noun_base_key, noun_base) VALUES (203, 'street');
INSERT INTO private.ckn_noun_base (noun_base_key, noun_base) VALUES (204, 'surge');
INSERT INTO private.ckn_noun_base (noun_base_key, noun_base) VALUES (205, 'suv');
INSERT INTO private.ckn_noun_base (noun_base_key, noun_base) VALUES (206, 'traffic');
INSERT INTO private.ckn_noun_base (noun_base_key, noun_base) VALUES (207, 'trunk');
INSERT INTO private.ckn_noun_base (noun_base_key, noun_base) VALUES (208, 'van');
INSERT INTO private.ckn_noun_base (noun_base_key, noun_base) VALUES (209, 'vehicle');
INSERT INTO private.ckn_noun_base (noun_base_key, noun_base) VALUES (210, 'waittime');
INSERT INTO private.ckn_noun_base (noun_base_key, noun_base) VALUES (211, 'name');
INSERT INTO private.ckn_noun_base (noun_base_key, noun_base) VALUES (212, 'specialty');
INSERT INTO private.ckn_noun_base (noun_base_key, noun_base) VALUES (213, 'house');
INSERT INTO private.ckn_noun_base (noun_base_key, noun_base) VALUES (214, 'paella');
INSERT INTO private.ckn_noun_base (noun_base_key, noun_base) VALUES (215, 'mixed');
INSERT INTO private.ckn_noun_base (noun_base_key, noun_base) VALUES (216, 'diner');
INSERT INTO private.ckn_noun_base (noun_base_key, noun_base) VALUES (217, 'man');
INSERT INTO private.ckn_noun_base (noun_base_key, noun_base) VALUES (218, 'to order');
INSERT INTO private.ckn_noun_base (noun_base_key, noun_base) VALUES (219, 'night');
INSERT INTO private.ckn_noun_base (noun_base_key, noun_base) VALUES (220, 'miss');
INSERT INTO private.ckn_noun_base (noun_base_key, noun_base) VALUES (221, 'pie');
INSERT INTO private.ckn_noun_base (noun_base_key, noun_base) VALUES (222, 'chocolate');
INSERT INTO private.ckn_noun_base (noun_base_key, noun_base) VALUES (223, 'ice cream');
INSERT INTO private.ckn_noun_base (noun_base_key, noun_base) VALUES (224, 'vanilla');
INSERT INTO private.ckn_noun_base (noun_base_key, noun_base) VALUES (225, 'thanks');
INSERT INTO private.ckn_noun_base (noun_base_key, noun_base) VALUES (226, 'group');
INSERT INTO private.ckn_noun_base (noun_base_key, noun_base) VALUES (227, 'orange');
INSERT INTO private.ckn_noun_base (noun_base_key, noun_base) VALUES (228, 'days');
INSERT INTO private.ckn_noun_base (noun_base_key, noun_base) VALUES (229, 'coffee');
INSERT INTO private.ckn_noun_base (noun_base_key, noun_base) VALUES (230, 'milk');
INSERT INTO private.ckn_noun_base (noun_base_key, noun_base) VALUES (231, 'piece');
INSERT INTO private.ckn_noun_base (noun_base_key, noun_base) VALUES (232, 'recommendation');
INSERT INTO private.ckn_noun_base (noun_base_key, noun_base) VALUES (233, 'choice');
INSERT INTO private.ckn_noun_base (noun_base_key, noun_base) VALUES (234, 'john');
INSERT INTO private.ckn_noun_base (noun_base_key, noun_base) VALUES (235, 'card');
INSERT INTO private.ckn_noun_base (noun_base_key, noun_base) VALUES (236, 'form');
INSERT INTO private.ckn_noun_base (noun_base_key, noun_base) VALUES (237, 'mix');
INSERT INTO private.ckn_noun_base (noun_base_key, noun_base) VALUES (238, 'food');


--
-- Data for Name: ckn_noun; Type: TABLE DATA; Schema: private; Owner: postgres
--

INSERT INTO private.ckn_noun (noun_key, noun_base_key, language, noun_singular, noun_plural, noun_gender, curated) VALUES (1, 1, 'en', 'air conditioning', 'air conditionings', 'n', true);
INSERT INTO private.ckn_noun (noun_key, noun_base_key, language, noun_singular, noun_plural, noun_gender, curated) VALUES (2, 1, 'es', 'aire acondicionado', 'aires acondicionados', 'm', true);
INSERT INTO private.ckn_noun (noun_key, noun_base_key, language, noun_singular, noun_plural, noun_gender, curated) VALUES (3, 2, 'en', 'bag', 'bags', 'n', true);
INSERT INTO private.ckn_noun (noun_key, noun_base_key, language, noun_singular, noun_plural, noun_gender, curated) VALUES (4, 2, 'es', 'bolsa', 'bolsas', 'f', true);
INSERT INTO private.ckn_noun (noun_key, noun_base_key, language, noun_singular, noun_plural, noun_gender, curated) VALUES (5, 3, 'en', 'balcony', 'balconies', 'n', true);
INSERT INTO private.ckn_noun (noun_key, noun_base_key, language, noun_singular, noun_plural, noun_gender, curated) VALUES (6, 3, 'es', 'balcón', 'balcones', 'm', true);
INSERT INTO private.ckn_noun (noun_key, noun_base_key, language, noun_singular, noun_plural, noun_gender, curated) VALUES (7, 4, 'en', 'bathroom', 'bathrooms', 'n', true);
INSERT INTO private.ckn_noun (noun_key, noun_base_key, language, noun_singular, noun_plural, noun_gender, curated) VALUES (8, 4, 'es', 'baño', 'baños', 'm', true);
INSERT INTO private.ckn_noun (noun_key, noun_base_key, language, noun_singular, noun_plural, noun_gender, curated) VALUES (9, 5, 'en', 'bed', 'beds', 'n', true);
INSERT INTO private.ckn_noun (noun_key, noun_base_key, language, noun_singular, noun_plural, noun_gender, curated) VALUES (10, 5, 'es', 'cama', 'camas', 'f', true);
INSERT INTO private.ckn_noun (noun_key, noun_base_key, language, noun_singular, noun_plural, noun_gender, curated) VALUES (11, 6, 'en', 'bellhop', 'bellhops', 'n', true);
INSERT INTO private.ckn_noun (noun_key, noun_base_key, language, noun_singular, noun_plural, noun_gender, curated) VALUES (12, 6, 'es', 'botones', 'botones', 'm', true);
INSERT INTO private.ckn_noun (noun_key, noun_base_key, language, noun_singular, noun_plural, noun_gender, curated) VALUES (13, 7, 'en', 'bill', 'bills', 'n', true);
INSERT INTO private.ckn_noun (noun_key, noun_base_key, language, noun_singular, noun_plural, noun_gender, curated) VALUES (14, 7, 'es', 'cuenta', 'cuentas', 'f', true);
INSERT INTO private.ckn_noun (noun_key, noun_base_key, language, noun_singular, noun_plural, noun_gender, curated) VALUES (15, 8, 'en', 'blanket', 'blankets', 'n', true);
INSERT INTO private.ckn_noun (noun_key, noun_base_key, language, noun_singular, noun_plural, noun_gender, curated) VALUES (16, 8, 'es', 'manta', 'mantas', 'f', true);
INSERT INTO private.ckn_noun (noun_key, noun_base_key, language, noun_singular, noun_plural, noun_gender, curated) VALUES (17, 9, 'en', 'booking', 'bookings', 'n', true);
INSERT INTO private.ckn_noun (noun_key, noun_base_key, language, noun_singular, noun_plural, noun_gender, curated) VALUES (18, 9, 'es', 'reserva', 'reservas', 'f', true);
INSERT INTO private.ckn_noun (noun_key, noun_base_key, language, noun_singular, noun_plural, noun_gender, curated) VALUES (19, 10, 'en', 'breakfast', 'breakfasts', 'n', true);
INSERT INTO private.ckn_noun (noun_key, noun_base_key, language, noun_singular, noun_plural, noun_gender, curated) VALUES (20, 10, 'es', 'desayuno', 'desayunos', 'm', true);
INSERT INTO private.ckn_noun (noun_key, noun_base_key, language, noun_singular, noun_plural, noun_gender, curated) VALUES (21, 11, 'en', 'buffet', 'buffets', 'n', true);
INSERT INTO private.ckn_noun (noun_key, noun_base_key, language, noun_singular, noun_plural, noun_gender, curated) VALUES (22, 11, 'es', 'bufé', 'bufés', 'm', true);
INSERT INTO private.ckn_noun (noun_key, noun_base_key, language, noun_singular, noun_plural, noun_gender, curated) VALUES (23, 12, 'en', 'check-in', 'check-ins', 'n', true);
INSERT INTO private.ckn_noun (noun_key, noun_base_key, language, noun_singular, noun_plural, noun_gender, curated) VALUES (24, 12, 'es', 'registro', 'registros', 'm', true);
INSERT INTO private.ckn_noun (noun_key, noun_base_key, language, noun_singular, noun_plural, noun_gender, curated) VALUES (25, 13, 'en', 'check-out', 'check-outs', 'n', true);
INSERT INTO private.ckn_noun (noun_key, noun_base_key, language, noun_singular, noun_plural, noun_gender, curated) VALUES (26, 13, 'es', 'salida', 'salidas', 'f', true);
INSERT INTO private.ckn_noun (noun_key, noun_base_key, language, noun_singular, noun_plural, noun_gender, curated) VALUES (27, 14, 'en', 'closet', 'closets', 'n', true);
INSERT INTO private.ckn_noun (noun_key, noun_base_key, language, noun_singular, noun_plural, noun_gender, curated) VALUES (28, 14, 'es', 'armario', 'armarios', 'm', true);
INSERT INTO private.ckn_noun (noun_key, noun_base_key, language, noun_singular, noun_plural, noun_gender, curated) VALUES (29, 15, 'en', 'complaint', 'complaints', 'n', true);
INSERT INTO private.ckn_noun (noun_key, noun_base_key, language, noun_singular, noun_plural, noun_gender, curated) VALUES (30, 15, 'es', 'queja', 'quejas', 'f', true);
INSERT INTO private.ckn_noun (noun_key, noun_base_key, language, noun_singular, noun_plural, noun_gender, curated) VALUES (31, 16, 'en', 'concierge', 'concierges', 'n', true);
INSERT INTO private.ckn_noun (noun_key, noun_base_key, language, noun_singular, noun_plural, noun_gender, curated) VALUES (32, 16, 'es', 'conserje', 'conserjes', 'm', true);
INSERT INTO private.ckn_noun (noun_key, noun_base_key, language, noun_singular, noun_plural, noun_gender, curated) VALUES (33, 17, 'en', 'confirmation', 'confirmations', 'n', true);
INSERT INTO private.ckn_noun (noun_key, noun_base_key, language, noun_singular, noun_plural, noun_gender, curated) VALUES (34, 17, 'es', 'confirmación', 'confirmaciones', 'f', true);
INSERT INTO private.ckn_noun (noun_key, noun_base_key, language, noun_singular, noun_plural, noun_gender, curated) VALUES (35, 18, 'en', 'credit card', 'credit cards', 'n', true);
INSERT INTO private.ckn_noun (noun_key, noun_base_key, language, noun_singular, noun_plural, noun_gender, curated) VALUES (36, 18, 'es', 'tarjeta de crédito', 'tarjetas de crédito', 'f', true);
INSERT INTO private.ckn_noun (noun_key, noun_base_key, language, noun_singular, noun_plural, noun_gender, curated) VALUES (37, 19, 'en', 'curtain', 'curtains', 'n', true);
INSERT INTO private.ckn_noun (noun_key, noun_base_key, language, noun_singular, noun_plural, noun_gender, curated) VALUES (38, 19, 'es', 'cortina', 'cortinas', 'f', true);
INSERT INTO private.ckn_noun (noun_key, noun_base_key, language, noun_singular, noun_plural, noun_gender, curated) VALUES (39, 20, 'en', 'desk', 'desks', 'n', true);
INSERT INTO private.ckn_noun (noun_key, noun_base_key, language, noun_singular, noun_plural, noun_gender, curated) VALUES (40, 20, 'es', 'escritorio', 'escritorios', 'm', true);
INSERT INTO private.ckn_noun (noun_key, noun_base_key, language, noun_singular, noun_plural, noun_gender, curated) VALUES (41, 21, 'en', 'do not disturb sign', 'do not disturb signs', 'n', true);
INSERT INTO private.ckn_noun (noun_key, noun_base_key, language, noun_singular, noun_plural, noun_gender, curated) VALUES (42, 21, 'es', 'letrero de no molestar', 'letreros de no molestar', 'm', true);
INSERT INTO private.ckn_noun (noun_key, noun_base_key, language, noun_singular, noun_plural, noun_gender, curated) VALUES (43, 22, 'en', 'door key', 'door keys', 'n', true);
INSERT INTO private.ckn_noun (noun_key, noun_base_key, language, noun_singular, noun_plural, noun_gender, curated) VALUES (44, 22, 'es', 'llave de la puerta', 'llaves de la puerta', 'f', true);
INSERT INTO private.ckn_noun (noun_key, noun_base_key, language, noun_singular, noun_plural, noun_gender, curated) VALUES (45, 23, 'en', 'drawer', 'drawers', 'n', true);
INSERT INTO private.ckn_noun (noun_key, noun_base_key, language, noun_singular, noun_plural, noun_gender, curated) VALUES (46, 23, 'es', 'cajón', 'cajones', 'm', true);
INSERT INTO private.ckn_noun (noun_key, noun_base_key, language, noun_singular, noun_plural, noun_gender, curated) VALUES (47, 24, 'en', 'elevator', 'elevators', 'n', true);
INSERT INTO private.ckn_noun (noun_key, noun_base_key, language, noun_singular, noun_plural, noun_gender, curated) VALUES (48, 24, 'es', 'ascensor', 'ascensores', 'm', true);
INSERT INTO private.ckn_noun (noun_key, noun_base_key, language, noun_singular, noun_plural, noun_gender, curated) VALUES (49, 25, 'en', 'elevator button', 'elevator buttons', 'n', true);
INSERT INTO private.ckn_noun (noun_key, noun_base_key, language, noun_singular, noun_plural, noun_gender, curated) VALUES (50, 25, 'es', 'botón del ascensor', 'botones del ascensor', 'm', true);
INSERT INTO private.ckn_noun (noun_key, noun_base_key, language, noun_singular, noun_plural, noun_gender, curated) VALUES (51, 26, 'en', 'floor', 'floors', 'n', true);
INSERT INTO private.ckn_noun (noun_key, noun_base_key, language, noun_singular, noun_plural, noun_gender, curated) VALUES (52, 26, 'es', 'piso', 'pisos', 'm', true);
INSERT INTO private.ckn_noun (noun_key, noun_base_key, language, noun_singular, noun_plural, noun_gender, curated) VALUES (53, 27, 'en', 'front desk', 'front desks', 'n', true);
INSERT INTO private.ckn_noun (noun_key, noun_base_key, language, noun_singular, noun_plural, noun_gender, curated) VALUES (54, 27, 'es', 'recepción', 'recepciones', 'f', true);
INSERT INTO private.ckn_noun (noun_key, noun_base_key, language, noun_singular, noun_plural, noun_gender, curated) VALUES (55, 28, 'en', 'guest', 'guests', 'n', true);
INSERT INTO private.ckn_noun (noun_key, noun_base_key, language, noun_singular, noun_plural, noun_gender, curated) VALUES (56, 28, 'es', 'huésped', 'huéspedes', 'm', true);
INSERT INTO private.ckn_noun (noun_key, noun_base_key, language, noun_singular, noun_plural, noun_gender, curated) VALUES (57, 29, 'en', 'hanger', 'hangers', 'n', true);
INSERT INTO private.ckn_noun (noun_key, noun_base_key, language, noun_singular, noun_plural, noun_gender, curated) VALUES (58, 29, 'es', 'gancho', 'ganchos', 'm', true);
INSERT INTO private.ckn_noun (noun_key, noun_base_key, language, noun_singular, noun_plural, noun_gender, curated) VALUES (59, 30, 'en', 'heater', 'heaters', 'n', true);
INSERT INTO private.ckn_noun (noun_key, noun_base_key, language, noun_singular, noun_plural, noun_gender, curated) VALUES (60, 30, 'es', 'calefactor', 'calefactores', 'm', true);
INSERT INTO private.ckn_noun (noun_key, noun_base_key, language, noun_singular, noun_plural, noun_gender, curated) VALUES (61, 31, 'en', 'heater', 'heaters', 'n', true);
INSERT INTO private.ckn_noun (noun_key, noun_base_key, language, noun_singular, noun_plural, noun_gender, curated) VALUES (62, 31, 'es', 'calefacción', 'calefacciones', 'f', true);
INSERT INTO private.ckn_noun (noun_key, noun_base_key, language, noun_singular, noun_plural, noun_gender, curated) VALUES (63, 32, 'en', 'housekeeper', 'housekeepers', 'n', true);
INSERT INTO private.ckn_noun (noun_key, noun_base_key, language, noun_singular, noun_plural, noun_gender, curated) VALUES (64, 32, 'es', 'camarera', 'camareras', 'f', true);
INSERT INTO private.ckn_noun (noun_key, noun_base_key, language, noun_singular, noun_plural, noun_gender, curated) VALUES (65, 33, 'en', 'housekeeping', 'housekeepings', 'n', true);
INSERT INTO private.ckn_noun (noun_key, noun_base_key, language, noun_singular, noun_plural, noun_gender, curated) VALUES (66, 33, 'es', 'servicio de limpieza', 'servicios de limpieza', 'm', true);
INSERT INTO private.ckn_noun (noun_key, noun_base_key, language, noun_singular, noun_plural, noun_gender, curated) VALUES (67, 34, 'en', 'invoice', 'invoices', 'n', true);
INSERT INTO private.ckn_noun (noun_key, noun_base_key, language, noun_singular, noun_plural, noun_gender, curated) VALUES (68, 34, 'es', 'factura', 'facturas', 'f', true);
INSERT INTO private.ckn_noun (noun_key, noun_base_key, language, noun_singular, noun_plural, noun_gender, curated) VALUES (69, 35, 'en', 'iron', 'irons', 'n', true);
INSERT INTO private.ckn_noun (noun_key, noun_base_key, language, noun_singular, noun_plural, noun_gender, curated) VALUES (70, 35, 'es', 'plancha', 'planchas', 'f', true);
INSERT INTO private.ckn_noun (noun_key, noun_base_key, language, noun_singular, noun_plural, noun_gender, curated) VALUES (71, 36, 'en', 'key', 'keys', 'n', true);
INSERT INTO private.ckn_noun (noun_key, noun_base_key, language, noun_singular, noun_plural, noun_gender, curated) VALUES (72, 36, 'es', 'clave', 'claves', 'f', true);
INSERT INTO private.ckn_noun (noun_key, noun_base_key, language, noun_singular, noun_plural, noun_gender, curated) VALUES (73, 37, 'en', 'keycard', 'keycards', 'n', true);
INSERT INTO private.ckn_noun (noun_key, noun_base_key, language, noun_singular, noun_plural, noun_gender, curated) VALUES (74, 37, 'es', 'tarjeta llave', 'tarjetas llave', 'f', true);
INSERT INTO private.ckn_noun (noun_key, noun_base_key, language, noun_singular, noun_plural, noun_gender, curated) VALUES (75, 38, 'en', 'lamp', 'lamps', 'n', true);
INSERT INTO private.ckn_noun (noun_key, noun_base_key, language, noun_singular, noun_plural, noun_gender, curated) VALUES (76, 38, 'es', 'lámpara', 'lámparas', 'f', true);
INSERT INTO private.ckn_noun (noun_key, noun_base_key, language, noun_singular, noun_plural, noun_gender, curated) VALUES (77, 39, 'en', 'laundry', 'laundries', 'n', true);
INSERT INTO private.ckn_noun (noun_key, noun_base_key, language, noun_singular, noun_plural, noun_gender, curated) VALUES (78, 39, 'es', 'lavandería', 'lavanderías', 'f', true);
INSERT INTO private.ckn_noun (noun_key, noun_base_key, language, noun_singular, noun_plural, noun_gender, curated) VALUES (79, 40, 'en', 'light', 'lights', 'n', true);
INSERT INTO private.ckn_noun (noun_key, noun_base_key, language, noun_singular, noun_plural, noun_gender, curated) VALUES (80, 40, 'es', 'luz', 'luces', 'f', true);
INSERT INTO private.ckn_noun (noun_key, noun_base_key, language, noun_singular, noun_plural, noun_gender, curated) VALUES (81, 41, 'en', 'lobby', 'lobbies', 'n', true);
INSERT INTO private.ckn_noun (noun_key, noun_base_key, language, noun_singular, noun_plural, noun_gender, curated) VALUES (82, 41, 'es', 'vestíbulo', 'vestíbulos', 'm', true);
INSERT INTO private.ckn_noun (noun_key, noun_base_key, language, noun_singular, noun_plural, noun_gender, curated) VALUES (83, 42, 'en', 'manager', 'managers', 'n', true);
INSERT INTO private.ckn_noun (noun_key, noun_base_key, language, noun_singular, noun_plural, noun_gender, curated) VALUES (84, 42, 'es', 'gerente', 'gerentes', 'm', true);
INSERT INTO private.ckn_noun (noun_key, noun_base_key, language, noun_singular, noun_plural, noun_gender, curated) VALUES (85, 43, 'en', 'menu', 'menus', 'n', true);
INSERT INTO private.ckn_noun (noun_key, noun_base_key, language, noun_singular, noun_plural, noun_gender, curated) VALUES (86, 43, 'es', 'menú', 'menús', 'm', true);
INSERT INTO private.ckn_noun (noun_key, noun_base_key, language, noun_singular, noun_plural, noun_gender, curated) VALUES (87, 44, 'en', 'minibar', 'minibars', 'n', true);
INSERT INTO private.ckn_noun (noun_key, noun_base_key, language, noun_singular, noun_plural, noun_gender, curated) VALUES (88, 44, 'es', 'minibar', 'minibares', 'm', true);
INSERT INTO private.ckn_noun (noun_key, noun_base_key, language, noun_singular, noun_plural, noun_gender, curated) VALUES (89, 45, 'en', 'mirror', 'mirrors', 'n', true);
INSERT INTO private.ckn_noun (noun_key, noun_base_key, language, noun_singular, noun_plural, noun_gender, curated) VALUES (90, 45, 'es', 'espejo', 'espejos', 'm', true);
INSERT INTO private.ckn_noun (noun_key, noun_base_key, language, noun_singular, noun_plural, noun_gender, curated) VALUES (91, 46, 'en', 'noise', 'noises', 'n', true);
INSERT INTO private.ckn_noun (noun_key, noun_base_key, language, noun_singular, noun_plural, noun_gender, curated) VALUES (92, 46, 'es', 'ruido', 'ruidos', 'm', true);
INSERT INTO private.ckn_noun (noun_key, noun_base_key, language, noun_singular, noun_plural, noun_gender, curated) VALUES (93, 47, 'en', 'passport', 'passports', 'n', true);
INSERT INTO private.ckn_noun (noun_key, noun_base_key, language, noun_singular, noun_plural, noun_gender, curated) VALUES (94, 47, 'es', 'pasaporte', 'pasaportes', 'm', true);
INSERT INTO private.ckn_noun (noun_key, noun_base_key, language, noun_singular, noun_plural, noun_gender, curated) VALUES (95, 48, 'en', 'password', 'passwords', 'n', true);
INSERT INTO private.ckn_noun (noun_key, noun_base_key, language, noun_singular, noun_plural, noun_gender, curated) VALUES (96, 48, 'es', 'contraseña', 'contraseñas', 'f', true);
INSERT INTO private.ckn_noun (noun_key, noun_base_key, language, noun_singular, noun_plural, noun_gender, curated) VALUES (97, 49, 'en', 'payment', 'payments', 'n', true);
INSERT INTO private.ckn_noun (noun_key, noun_base_key, language, noun_singular, noun_plural, noun_gender, curated) VALUES (98, 49, 'es', 'pago', 'pagos', 'm', true);
INSERT INTO private.ckn_noun (noun_key, noun_base_key, language, noun_singular, noun_plural, noun_gender, curated) VALUES (99, 50, 'en', 'pillow', 'pillows', 'n', true);
INSERT INTO private.ckn_noun (noun_key, noun_base_key, language, noun_singular, noun_plural, noun_gender, curated) VALUES (100, 50, 'es', 'almohada', 'almohadas', 'f', true);
INSERT INTO private.ckn_noun (noun_key, noun_base_key, language, noun_singular, noun_plural, noun_gender, curated) VALUES (101, 51, 'en', 'reception', 'receptions', 'n', true);
INSERT INTO private.ckn_noun (noun_key, noun_base_key, language, noun_singular, noun_plural, noun_gender, curated) VALUES (102, 51, 'es', 'recepción', 'recepciones', 'f', true);
INSERT INTO private.ckn_noun (noun_key, noun_base_key, language, noun_singular, noun_plural, noun_gender, curated) VALUES (103, 52, 'en', 'remote', 'remotes', 'n', true);
INSERT INTO private.ckn_noun (noun_key, noun_base_key, language, noun_singular, noun_plural, noun_gender, curated) VALUES (104, 52, 'es', 'control remoto', 'controles remotos', 'm', true);
INSERT INTO private.ckn_noun (noun_key, noun_base_key, language, noun_singular, noun_plural, noun_gender, curated) VALUES (105, 53, 'en', 'reservation', 'reservations', 'n', true);
INSERT INTO private.ckn_noun (noun_key, noun_base_key, language, noun_singular, noun_plural, noun_gender, curated) VALUES (106, 53, 'es', 'reserva', 'reservas', 'f', true);
INSERT INTO private.ckn_noun (noun_key, noun_base_key, language, noun_singular, noun_plural, noun_gender, curated) VALUES (107, 54, 'en', 'restaurant', 'restaurants', 'n', true);
INSERT INTO private.ckn_noun (noun_key, noun_base_key, language, noun_singular, noun_plural, noun_gender, curated) VALUES (108, 54, 'es', 'restaurante', 'restaurantes', 'm', true);
INSERT INTO private.ckn_noun (noun_key, noun_base_key, language, noun_singular, noun_plural, noun_gender, curated) VALUES (109, 55, 'en', 'review', 'reviews', 'n', true);
INSERT INTO private.ckn_noun (noun_key, noun_base_key, language, noun_singular, noun_plural, noun_gender, curated) VALUES (110, 55, 'es', 'reseña', 'reseñas', 'f', true);
INSERT INTO private.ckn_noun (noun_key, noun_base_key, language, noun_singular, noun_plural, noun_gender, curated) VALUES (111, 56, 'en', 'room number', 'room numbers', 'n', true);
INSERT INTO private.ckn_noun (noun_key, noun_base_key, language, noun_singular, noun_plural, noun_gender, curated) VALUES (112, 56, 'es', 'número de habitación', 'números de habitación', 'm', true);
INSERT INTO private.ckn_noun (noun_key, noun_base_key, language, noun_singular, noun_plural, noun_gender, curated) VALUES (113, 57, 'en', 'room service', 'room services', 'n', true);
INSERT INTO private.ckn_noun (noun_key, noun_base_key, language, noun_singular, noun_plural, noun_gender, curated) VALUES (114, 57, 'es', 'servicio a la habitación', 'servicios a la habitación', 'm', true);
INSERT INTO private.ckn_noun (noun_key, noun_base_key, language, noun_singular, noun_plural, noun_gender, curated) VALUES (115, 58, 'en', 'room', 'rooms', 'n', true);
INSERT INTO private.ckn_noun (noun_key, noun_base_key, language, noun_singular, noun_plural, noun_gender, curated) VALUES (116, 58, 'es', 'habitación', 'habitaciones', 'f', true);
INSERT INTO private.ckn_noun (noun_key, noun_base_key, language, noun_singular, noun_plural, noun_gender, curated) VALUES (117, 59, 'en', 'safe', 'safes', 'n', true);
INSERT INTO private.ckn_noun (noun_key, noun_base_key, language, noun_singular, noun_plural, noun_gender, curated) VALUES (118, 59, 'es', 'caja fuerte', 'cajas fuertes', 'f', true);
INSERT INTO private.ckn_noun (noun_key, noun_base_key, language, noun_singular, noun_plural, noun_gender, curated) VALUES (119, 60, 'en', 'service', 'services', 'n', true);
INSERT INTO private.ckn_noun (noun_key, noun_base_key, language, noun_singular, noun_plural, noun_gender, curated) VALUES (120, 60, 'es', 'servicio', 'servicios', 'm', true);
INSERT INTO private.ckn_noun (noun_key, noun_base_key, language, noun_singular, noun_plural, noun_gender, curated) VALUES (121, 61, 'en', 'shampoo', 'shampoos', 'n', true);
INSERT INTO private.ckn_noun (noun_key, noun_base_key, language, noun_singular, noun_plural, noun_gender, curated) VALUES (122, 61, 'es', 'champú', 'champús', 'm', true);
INSERT INTO private.ckn_noun (noun_key, noun_base_key, language, noun_singular, noun_plural, noun_gender, curated) VALUES (123, 62, 'en', 'shower', 'showers', 'n', true);
INSERT INTO private.ckn_noun (noun_key, noun_base_key, language, noun_singular, noun_plural, noun_gender, curated) VALUES (124, 62, 'es', 'ducha', 'duchas', 'f', true);
INSERT INTO private.ckn_noun (noun_key, noun_base_key, language, noun_singular, noun_plural, noun_gender, curated) VALUES (125, 63, 'en', 'sink', 'sinks', 'n', true);
INSERT INTO private.ckn_noun (noun_key, noun_base_key, language, noun_singular, noun_plural, noun_gender, curated) VALUES (126, 63, 'es', 'lavabo', 'lavabos', 'm', true);
INSERT INTO private.ckn_noun (noun_key, noun_base_key, language, noun_singular, noun_plural, noun_gender, curated) VALUES (127, 64, 'en', 'soap', 'soaps', 'n', true);
INSERT INTO private.ckn_noun (noun_key, noun_base_key, language, noun_singular, noun_plural, noun_gender, curated) VALUES (128, 64, 'es', 'jabón', 'jabones', 'm', true);
INSERT INTO private.ckn_noun (noun_key, noun_base_key, language, noun_singular, noun_plural, noun_gender, curated) VALUES (129, 65, 'en', 'stairs', 'stairs', 'n', true);
INSERT INTO private.ckn_noun (noun_key, noun_base_key, language, noun_singular, noun_plural, noun_gender, curated) VALUES (130, 65, 'es', 'escalera', 'escaleras', 'f', true);
INSERT INTO private.ckn_noun (noun_key, noun_base_key, language, noun_singular, noun_plural, noun_gender, curated) VALUES (131, 66, 'en', 'suitcase', 'suitcases', 'n', true);
INSERT INTO private.ckn_noun (noun_key, noun_base_key, language, noun_singular, noun_plural, noun_gender, curated) VALUES (132, 66, 'es', 'maleta', 'maletas', 'f', true);
INSERT INTO private.ckn_noun (noun_key, noun_base_key, language, noun_singular, noun_plural, noun_gender, curated) VALUES (133, 67, 'en', 'tip', 'tips', 'n', true);
INSERT INTO private.ckn_noun (noun_key, noun_base_key, language, noun_singular, noun_plural, noun_gender, curated) VALUES (134, 67, 'es', 'propina', 'propinas', 'f', true);
INSERT INTO private.ckn_noun (noun_key, noun_base_key, language, noun_singular, noun_plural, noun_gender, curated) VALUES (135, 68, 'en', 'toothbrush', 'toothbrushes', 'n', true);
INSERT INTO private.ckn_noun (noun_key, noun_base_key, language, noun_singular, noun_plural, noun_gender, curated) VALUES (136, 68, 'es', 'cepillo de dientes', 'cepillos de dientes', 'm', true);
INSERT INTO private.ckn_noun (noun_key, noun_base_key, language, noun_singular, noun_plural, noun_gender, curated) VALUES (137, 69, 'en', 'toothpaste', 'toothpastes', 'n', true);
INSERT INTO private.ckn_noun (noun_key, noun_base_key, language, noun_singular, noun_plural, noun_gender, curated) VALUES (138, 69, 'es', 'pasta de dientes', 'pastas de dientes', 'f', true);
INSERT INTO private.ckn_noun (noun_key, noun_base_key, language, noun_singular, noun_plural, noun_gender, curated) VALUES (139, 70, 'en', 'towel', 'towels', 'n', true);
INSERT INTO private.ckn_noun (noun_key, noun_base_key, language, noun_singular, noun_plural, noun_gender, curated) VALUES (140, 70, 'es', 'toalla', 'toallas', 'f', true);
INSERT INTO private.ckn_noun (noun_key, noun_base_key, language, noun_singular, noun_plural, noun_gender, curated) VALUES (141, 71, 'en', 'TV', 'TVs', 'n', true);
INSERT INTO private.ckn_noun (noun_key, noun_base_key, language, noun_singular, noun_plural, noun_gender, curated) VALUES (142, 71, 'es', 'televisor', 'televisores', 'm', true);
INSERT INTO private.ckn_noun (noun_key, noun_base_key, language, noun_singular, noun_plural, noun_gender, curated) VALUES (143, 72, 'en', 'wake-up call', 'wake-up calls', 'n', true);
INSERT INTO private.ckn_noun (noun_key, noun_base_key, language, noun_singular, noun_plural, noun_gender, curated) VALUES (144, 72, 'es', 'llamada de despertador', 'llamadas de despertador', 'f', true);
INSERT INTO private.ckn_noun (noun_key, noun_base_key, language, noun_singular, noun_plural, noun_gender, curated) VALUES (145, 73, 'en', 'Wi-Fi', 'Wi-Fis', 'n', true);
INSERT INTO private.ckn_noun (noun_key, noun_base_key, language, noun_singular, noun_plural, noun_gender, curated) VALUES (146, 73, 'es', 'wifi', 'wifis', 'm', true);
INSERT INTO private.ckn_noun (noun_key, noun_base_key, language, noun_singular, noun_plural, noun_gender, curated) VALUES (147, 74, 'en', 'window', 'windows', 'n', true);
INSERT INTO private.ckn_noun (noun_key, noun_base_key, language, noun_singular, noun_plural, noun_gender, curated) VALUES (148, 74, 'es', 'ventana', 'ventanas', 'f', true);
INSERT INTO private.ckn_noun (noun_key, noun_base_key, language, noun_singular, noun_plural, noun_gender, curated) VALUES (149, 75, 'en', 'appetizer', 'appetizers', 'n', true);
INSERT INTO private.ckn_noun (noun_key, noun_base_key, language, noun_singular, noun_plural, noun_gender, curated) VALUES (150, 75, 'es', 'aperitivo', 'aperitivos', 'm', true);
INSERT INTO private.ckn_noun (noun_key, noun_base_key, language, noun_singular, noun_plural, noun_gender, curated) VALUES (151, 76, 'en', 'bar', 'bars', 'n', true);
INSERT INTO private.ckn_noun (noun_key, noun_base_key, language, noun_singular, noun_plural, noun_gender, curated) VALUES (152, 76, 'es', 'bar', 'bares', 'm', true);
INSERT INTO private.ckn_noun (noun_key, noun_base_key, language, noun_singular, noun_plural, noun_gender, curated) VALUES (153, 77, 'en', 'beer', 'beers', 'n', true);
INSERT INTO private.ckn_noun (noun_key, noun_base_key, language, noun_singular, noun_plural, noun_gender, curated) VALUES (154, 77, 'es', 'cerveza', 'cervezas', 'f', true);
INSERT INTO private.ckn_noun (noun_key, noun_base_key, language, noun_singular, noun_plural, noun_gender, curated) VALUES (155, 78, 'en', 'booth', 'booths', 'n', true);
INSERT INTO private.ckn_noun (noun_key, noun_base_key, language, noun_singular, noun_plural, noun_gender, curated) VALUES (156, 78, 'es', 'cabina', 'cabinas', 'f', true);
INSERT INTO private.ckn_noun (noun_key, noun_base_key, language, noun_singular, noun_plural, noun_gender, curated) VALUES (157, 79, 'en', 'busser', 'bussers', 'n', true);
INSERT INTO private.ckn_noun (noun_key, noun_base_key, language, noun_singular, noun_plural, noun_gender, curated) VALUES (158, 79, 'es', 'ayudante de camarero', 'ayudantes de camarero', 'm', true);
INSERT INTO private.ckn_noun (noun_key, noun_base_key, language, noun_singular, noun_plural, noun_gender, curated) VALUES (159, 80, 'en', 'cash', 'cashes', 'n', true);
INSERT INTO private.ckn_noun (noun_key, noun_base_key, language, noun_singular, noun_plural, noun_gender, curated) VALUES (160, 80, 'es', 'efectivo', 'efectivos', 'm', true);
INSERT INTO private.ckn_noun (noun_key, noun_base_key, language, noun_singular, noun_plural, noun_gender, curated) VALUES (161, 81, 'en', 'chef', 'chefs', 'n', true);
INSERT INTO private.ckn_noun (noun_key, noun_base_key, language, noun_singular, noun_plural, noun_gender, curated) VALUES (162, 81, 'es', 'chef', 'chefs', 'm', true);
INSERT INTO private.ckn_noun (noun_key, noun_base_key, language, noun_singular, noun_plural, noun_gender, curated) VALUES (163, 82, 'en', 'counter', 'counters', 'n', true);
INSERT INTO private.ckn_noun (noun_key, noun_base_key, language, noun_singular, noun_plural, noun_gender, curated) VALUES (164, 82, 'es', 'mostrador', 'mostradores', 'm', true);
INSERT INTO private.ckn_noun (noun_key, noun_base_key, language, noun_singular, noun_plural, noun_gender, curated) VALUES (165, 83, 'en', 'cup', 'cups', 'n', true);
INSERT INTO private.ckn_noun (noun_key, noun_base_key, language, noun_singular, noun_plural, noun_gender, curated) VALUES (166, 83, 'es', 'taza', 'tazas', 'f', true);
INSERT INTO private.ckn_noun (noun_key, noun_base_key, language, noun_singular, noun_plural, noun_gender, curated) VALUES (167, 84, 'en', 'customer', 'customers', 'n', true);
INSERT INTO private.ckn_noun (noun_key, noun_base_key, language, noun_singular, noun_plural, noun_gender, curated) VALUES (168, 84, 'es', 'cliente', 'clientes', 'm', true);
INSERT INTO private.ckn_noun (noun_key, noun_base_key, language, noun_singular, noun_plural, noun_gender, curated) VALUES (169, 85, 'en', 'dessert', 'desserts', 'n', true);
INSERT INTO private.ckn_noun (noun_key, noun_base_key, language, noun_singular, noun_plural, noun_gender, curated) VALUES (170, 85, 'es', 'postre', 'postres', 'm', true);
INSERT INTO private.ckn_noun (noun_key, noun_base_key, language, noun_singular, noun_plural, noun_gender, curated) VALUES (171, 86, 'en', 'dish', 'dishes', 'n', true);
INSERT INTO private.ckn_noun (noun_key, noun_base_key, language, noun_singular, noun_plural, noun_gender, curated) VALUES (172, 86, 'es', 'plato', 'platos', 'm', true);
INSERT INTO private.ckn_noun (noun_key, noun_base_key, language, noun_singular, noun_plural, noun_gender, curated) VALUES (173, 87, 'en', 'dishwasher', 'dishwashers', 'n', true);
INSERT INTO private.ckn_noun (noun_key, noun_base_key, language, noun_singular, noun_plural, noun_gender, curated) VALUES (174, 87, 'es', 'lavaplatos', 'lavaplatos', 'm', true);
INSERT INTO private.ckn_noun (noun_key, noun_base_key, language, noun_singular, noun_plural, noun_gender, curated) VALUES (175, 88, 'en', 'drink', 'drinks', 'n', true);
INSERT INTO private.ckn_noun (noun_key, noun_base_key, language, noun_singular, noun_plural, noun_gender, curated) VALUES (176, 88, 'es', 'bebida', 'bebidas', 'f', true);
INSERT INTO private.ckn_noun (noun_key, noun_base_key, language, noun_singular, noun_plural, noun_gender, curated) VALUES (177, 89, 'en', 'entrée', 'entrées', 'n', true);
INSERT INTO private.ckn_noun (noun_key, noun_base_key, language, noun_singular, noun_plural, noun_gender, curated) VALUES (178, 89, 'es', 'plato principal', 'platos principales', 'm', true);
INSERT INTO private.ckn_noun (noun_key, noun_base_key, language, noun_singular, noun_plural, noun_gender, curated) VALUES (179, 90, 'en', 'fork', 'forks', 'n', true);
INSERT INTO private.ckn_noun (noun_key, noun_base_key, language, noun_singular, noun_plural, noun_gender, curated) VALUES (180, 90, 'es', 'tenedor', 'tenedores', 'm', true);
INSERT INTO private.ckn_noun (noun_key, noun_base_key, language, noun_singular, noun_plural, noun_gender, curated) VALUES (181, 91, 'en', 'glass', 'glasses', 'n', true);
INSERT INTO private.ckn_noun (noun_key, noun_base_key, language, noun_singular, noun_plural, noun_gender, curated) VALUES (182, 91, 'es', 'vaso', 'vasos', 'm', true);
INSERT INTO private.ckn_noun (noun_key, noun_base_key, language, noun_singular, noun_plural, noun_gender, curated) VALUES (183, 92, 'en', 'host', 'hosts', 'n', true);
INSERT INTO private.ckn_noun (noun_key, noun_base_key, language, noun_singular, noun_plural, noun_gender, curated) VALUES (184, 92, 'es', 'anfitrión', 'anfitriones', 'm', true);
INSERT INTO private.ckn_noun (noun_key, noun_base_key, language, noun_singular, noun_plural, noun_gender, curated) VALUES (185, 93, 'en', 'hostess', 'hostesses', 'n', true);
INSERT INTO private.ckn_noun (noun_key, noun_base_key, language, noun_singular, noun_plural, noun_gender, curated) VALUES (186, 93, 'es', 'anfitriona', 'anfitrionas', 'f', true);
INSERT INTO private.ckn_noun (noun_key, noun_base_key, language, noun_singular, noun_plural, noun_gender, curated) VALUES (187, 94, 'en', 'host stand', 'host stands', 'n', true);
INSERT INTO private.ckn_noun (noun_key, noun_base_key, language, noun_singular, noun_plural, noun_gender, curated) VALUES (188, 94, 'es', 'podio del anfitrión', 'podios del anfitrión', 'm', true);
INSERT INTO private.ckn_noun (noun_key, noun_base_key, language, noun_singular, noun_plural, noun_gender, curated) VALUES (189, 95, 'en', 'juice', 'juices', 'n', true);
INSERT INTO private.ckn_noun (noun_key, noun_base_key, language, noun_singular, noun_plural, noun_gender, curated) VALUES (190, 95, 'es', 'jugo', 'jugos', 'm', true);
INSERT INTO private.ckn_noun (noun_key, noun_base_key, language, noun_singular, noun_plural, noun_gender, curated) VALUES (191, 96, 'en', 'kitchen', 'kitchens', 'n', true);
INSERT INTO private.ckn_noun (noun_key, noun_base_key, language, noun_singular, noun_plural, noun_gender, curated) VALUES (192, 96, 'es', 'cocina', 'cocinas', 'f', true);
INSERT INTO private.ckn_noun (noun_key, noun_base_key, language, noun_singular, noun_plural, noun_gender, curated) VALUES (193, 97, 'en', 'kitchen staff', 'kitchen staffs', 'n', true);
INSERT INTO private.ckn_noun (noun_key, noun_base_key, language, noun_singular, noun_plural, noun_gender, curated) VALUES (194, 97, 'es', 'personal de cocina', 'personales de cocina', 'm', true);
INSERT INTO private.ckn_noun (noun_key, noun_base_key, language, noun_singular, noun_plural, noun_gender, curated) VALUES (195, 98, 'en', 'knife', 'knives', 'n', true);
INSERT INTO private.ckn_noun (noun_key, noun_base_key, language, noun_singular, noun_plural, noun_gender, curated) VALUES (196, 98, 'es', 'cuchillo', 'cuchillos', 'm', true);
INSERT INTO private.ckn_noun (noun_key, noun_base_key, language, noun_singular, noun_plural, noun_gender, curated) VALUES (197, 99, 'en', 'menu item', 'menu items', 'n', true);
INSERT INTO private.ckn_noun (noun_key, noun_base_key, language, noun_singular, noun_plural, noun_gender, curated) VALUES (198, 99, 'es', 'plato del menú', 'platos del menú', 'm', true);
INSERT INTO private.ckn_noun (noun_key, noun_base_key, language, noun_singular, noun_plural, noun_gender, curated) VALUES (199, 100, 'en', 'napkin', 'napkins', 'n', true);
INSERT INTO private.ckn_noun (noun_key, noun_base_key, language, noun_singular, noun_plural, noun_gender, curated) VALUES (200, 100, 'es', 'servilleta', 'servilletas', 'f', true);
INSERT INTO private.ckn_noun (noun_key, noun_base_key, language, noun_singular, noun_plural, noun_gender, curated) VALUES (201, 101, 'en', 'order', 'orders', 'n', true);
INSERT INTO private.ckn_noun (noun_key, noun_base_key, language, noun_singular, noun_plural, noun_gender, curated) VALUES (202, 101, 'es', 'pedido', 'pedidos', 'm', true);
INSERT INTO private.ckn_noun (noun_key, noun_base_key, language, noun_singular, noun_plural, noun_gender, curated) VALUES (203, 102, 'en', 'plate', 'plates', 'n', true);
INSERT INTO private.ckn_noun (noun_key, noun_base_key, language, noun_singular, noun_plural, noun_gender, curated) VALUES (204, 102, 'es', 'plato', 'platos', 'm', true);
INSERT INTO private.ckn_noun (noun_key, noun_base_key, language, noun_singular, noun_plural, noun_gender, curated) VALUES (205, 103, 'en', 'receipt', 'receipts', 'n', true);
INSERT INTO private.ckn_noun (noun_key, noun_base_key, language, noun_singular, noun_plural, noun_gender, curated) VALUES (206, 103, 'es', 'recibo', 'recibos', 'm', true);
INSERT INTO private.ckn_noun (noun_key, noun_base_key, language, noun_singular, noun_plural, noun_gender, curated) VALUES (207, 104, 'en', 'reservation book', 'reservation books', 'n', true);
INSERT INTO private.ckn_noun (noun_key, noun_base_key, language, noun_singular, noun_plural, noun_gender, curated) VALUES (208, 104, 'es', 'libro de reservas', 'libros de reservas', 'm', true);
INSERT INTO private.ckn_noun (noun_key, noun_base_key, language, noun_singular, noun_plural, noun_gender, curated) VALUES (209, 105, 'en', 'salad', 'salads', 'n', true);
INSERT INTO private.ckn_noun (noun_key, noun_base_key, language, noun_singular, noun_plural, noun_gender, curated) VALUES (210, 105, 'es', 'ensalada', 'ensaladas', 'f', true);
INSERT INTO private.ckn_noun (noun_key, noun_base_key, language, noun_singular, noun_plural, noun_gender, curated) VALUES (211, 106, 'en', 'server', 'servers', 'n', true);
INSERT INTO private.ckn_noun (noun_key, noun_base_key, language, noun_singular, noun_plural, noun_gender, curated) VALUES (212, 106, 'es', 'mesero', 'meseros', 'm', true);
INSERT INTO private.ckn_noun (noun_key, noun_base_key, language, noun_singular, noun_plural, noun_gender, curated) VALUES (213, 107, 'en', 'soda', 'sodas', 'n', true);
INSERT INTO private.ckn_noun (noun_key, noun_base_key, language, noun_singular, noun_plural, noun_gender, curated) VALUES (214, 107, 'es', 'refresco', 'refrescos', 'm', true);
INSERT INTO private.ckn_noun (noun_key, noun_base_key, language, noun_singular, noun_plural, noun_gender, curated) VALUES (215, 108, 'en', 'special', 'specials', 'n', true);
INSERT INTO private.ckn_noun (noun_key, noun_base_key, language, noun_singular, noun_plural, noun_gender, curated) VALUES (216, 108, 'es', 'especial', 'especiales', 'm', true);
INSERT INTO private.ckn_noun (noun_key, noun_base_key, language, noun_singular, noun_plural, noun_gender, curated) VALUES (217, 109, 'en', 'spoon', 'spoons', 'n', true);
INSERT INTO private.ckn_noun (noun_key, noun_base_key, language, noun_singular, noun_plural, noun_gender, curated) VALUES (218, 109, 'es', 'cuchara', 'cucharas', 'f', true);
INSERT INTO private.ckn_noun (noun_key, noun_base_key, language, noun_singular, noun_plural, noun_gender, curated) VALUES (219, 110, 'en', 'stool', 'stools', 'n', true);
INSERT INTO private.ckn_noun (noun_key, noun_base_key, language, noun_singular, noun_plural, noun_gender, curated) VALUES (220, 110, 'es', 'banqueta', 'banquetas', 'f', true);
INSERT INTO private.ckn_noun (noun_key, noun_base_key, language, noun_singular, noun_plural, noun_gender, curated) VALUES (221, 111, 'en', 'table', 'tables', 'n', true);
INSERT INTO private.ckn_noun (noun_key, noun_base_key, language, noun_singular, noun_plural, noun_gender, curated) VALUES (222, 111, 'es', 'mesa', 'mesas', 'f', true);
INSERT INTO private.ckn_noun (noun_key, noun_base_key, language, noun_singular, noun_plural, noun_gender, curated) VALUES (223, 112, 'en', 'waiter', 'waiters', 'n', true);
INSERT INTO private.ckn_noun (noun_key, noun_base_key, language, noun_singular, noun_plural, noun_gender, curated) VALUES (224, 112, 'es', 'camarero', 'camareros', 'm', true);
INSERT INTO private.ckn_noun (noun_key, noun_base_key, language, noun_singular, noun_plural, noun_gender, curated) VALUES (225, 113, 'en', 'waitress', 'waitresses', 'n', true);
INSERT INTO private.ckn_noun (noun_key, noun_base_key, language, noun_singular, noun_plural, noun_gender, curated) VALUES (226, 113, 'es', 'camarera', 'camareras', 'f', true);
INSERT INTO private.ckn_noun (noun_key, noun_base_key, language, noun_singular, noun_plural, noun_gender, curated) VALUES (227, 114, 'en', 'waitstaff', 'waitstaffs', 'n', true);
INSERT INTO private.ckn_noun (noun_key, noun_base_key, language, noun_singular, noun_plural, noun_gender, curated) VALUES (228, 114, 'es', 'personal de servicio', 'personales de servicio', 'm', true);
INSERT INTO private.ckn_noun (noun_key, noun_base_key, language, noun_singular, noun_plural, noun_gender, curated) VALUES (229, 115, 'en', 'water', 'waters', 'n', true);
INSERT INTO private.ckn_noun (noun_key, noun_base_key, language, noun_singular, noun_plural, noun_gender, curated) VALUES (230, 115, 'es', 'agua', 'aguas', 'f', true);
INSERT INTO private.ckn_noun (noun_key, noun_base_key, language, noun_singular, noun_plural, noun_gender, curated) VALUES (231, 116, 'en', 'wine', 'wines', 'n', true);
INSERT INTO private.ckn_noun (noun_key, noun_base_key, language, noun_singular, noun_plural, noun_gender, curated) VALUES (232, 116, 'es', 'vino', 'vinos', 'm', true);
INSERT INTO private.ckn_noun (noun_key, noun_base_key, language, noun_singular, noun_plural, noun_gender, curated) VALUES (233, 117, 'en', 'agent', 'agents', 'n', true);
INSERT INTO private.ckn_noun (noun_key, noun_base_key, language, noun_singular, noun_plural, noun_gender, curated) VALUES (234, 117, 'es', 'agente', 'agentes', 'm', true);
INSERT INTO private.ckn_noun (noun_key, noun_base_key, language, noun_singular, noun_plural, noun_gender, curated) VALUES (235, 118, 'en', 'airline', 'airlines', 'n', true);
INSERT INTO private.ckn_noun (noun_key, noun_base_key, language, noun_singular, noun_plural, noun_gender, curated) VALUES (236, 118, 'es', 'aerolínea', 'aerolíneas', 'f', true);
INSERT INTO private.ckn_noun (noun_key, noun_base_key, language, noun_singular, noun_plural, noun_gender, curated) VALUES (237, 119, 'en', 'air traffic controller', 'air traffic controllers', 'n', true);
INSERT INTO private.ckn_noun (noun_key, noun_base_key, language, noun_singular, noun_plural, noun_gender, curated) VALUES (238, 119, 'es', 'controlador aéreo', 'controladores aéreos', 'm', true);
INSERT INTO private.ckn_noun (noun_key, noun_base_key, language, noun_singular, noun_plural, noun_gender, curated) VALUES (239, 120, 'en', 'aisle', 'aisles', 'n', true);
INSERT INTO private.ckn_noun (noun_key, noun_base_key, language, noun_singular, noun_plural, noun_gender, curated) VALUES (240, 120, 'es', 'pasillo', 'pasillos', 'm', true);
INSERT INTO private.ckn_noun (noun_key, noun_base_key, language, noun_singular, noun_plural, noun_gender, curated) VALUES (241, 121, 'en', 'announcement', 'announcements', 'n', true);
INSERT INTO private.ckn_noun (noun_key, noun_base_key, language, noun_singular, noun_plural, noun_gender, curated) VALUES (242, 121, 'es', 'anuncio', 'anuncios', 'm', true);
INSERT INTO private.ckn_noun (noun_key, noun_base_key, language, noun_singular, noun_plural, noun_gender, curated) VALUES (243, 122, 'en', 'arrival', 'arrivals', 'n', true);
INSERT INTO private.ckn_noun (noun_key, noun_base_key, language, noun_singular, noun_plural, noun_gender, curated) VALUES (244, 122, 'es', 'llegada', 'llegadas', 'f', true);
INSERT INTO private.ckn_noun (noun_key, noun_base_key, language, noun_singular, noun_plural, noun_gender, curated) VALUES (245, 123, 'en', 'arrival board', 'arrival boards', 'n', true);
INSERT INTO private.ckn_noun (noun_key, noun_base_key, language, noun_singular, noun_plural, noun_gender, curated) VALUES (246, 123, 'es', 'pantalla de llegadas', 'pantallas de llegadas', 'f', true);
INSERT INTO private.ckn_noun (noun_key, noun_base_key, language, noun_singular, noun_plural, noun_gender, curated) VALUES (247, 124, 'en', 'attendant', 'attendants', 'n', true);
INSERT INTO private.ckn_noun (noun_key, noun_base_key, language, noun_singular, noun_plural, noun_gender, curated) VALUES (248, 124, 'es', 'asistente', 'asistentes', 'm', true);
INSERT INTO private.ckn_noun (noun_key, noun_base_key, language, noun_singular, noun_plural, noun_gender, curated) VALUES (249, 125, 'en', 'baggage', 'baggage pieces', 'n', true);
INSERT INTO private.ckn_noun (noun_key, noun_base_key, language, noun_singular, noun_plural, noun_gender, curated) VALUES (250, 125, 'es', 'equipaje', 'equipajes', 'm', true);
INSERT INTO private.ckn_noun (noun_key, noun_base_key, language, noun_singular, noun_plural, noun_gender, curated) VALUES (251, 126, 'en', 'boarding group', 'boarding groups', 'n', true);
INSERT INTO private.ckn_noun (noun_key, noun_base_key, language, noun_singular, noun_plural, noun_gender, curated) VALUES (252, 126, 'es', 'grupo de embarque', 'grupos de embarque', 'm', true);
INSERT INTO private.ckn_noun (noun_key, noun_base_key, language, noun_singular, noun_plural, noun_gender, curated) VALUES (253, 127, 'en', 'boarding pass', 'boarding passes', 'n', true);
INSERT INTO private.ckn_noun (noun_key, noun_base_key, language, noun_singular, noun_plural, noun_gender, curated) VALUES (254, 127, 'es', 'pase de abordar', 'pases de abordar', 'm', true);
INSERT INTO private.ckn_noun (noun_key, noun_base_key, language, noun_singular, noun_plural, noun_gender, curated) VALUES (255, 128, 'en', 'boarding zone', 'boarding zones', 'n', true);
INSERT INTO private.ckn_noun (noun_key, noun_base_key, language, noun_singular, noun_plural, noun_gender, curated) VALUES (256, 128, 'es', 'zona de embarque', 'zonas de embarque', 'f', true);
INSERT INTO private.ckn_noun (noun_key, noun_base_key, language, noun_singular, noun_plural, noun_gender, curated) VALUES (257, 129, 'en', 'cabin', 'cabins', 'n', true);
INSERT INTO private.ckn_noun (noun_key, noun_base_key, language, noun_singular, noun_plural, noun_gender, curated) VALUES (258, 129, 'es', 'cabina', 'cabinas', 'f', true);
INSERT INTO private.ckn_noun (noun_key, noun_base_key, language, noun_singular, noun_plural, noun_gender, curated) VALUES (259, 130, 'en', 'carousel', 'carousels', 'n', true);
INSERT INTO private.ckn_noun (noun_key, noun_base_key, language, noun_singular, noun_plural, noun_gender, curated) VALUES (260, 130, 'es', 'carrusel', 'carruseles', 'm', true);
INSERT INTO private.ckn_noun (noun_key, noun_base_key, language, noun_singular, noun_plural, noun_gender, curated) VALUES (261, 131, 'en', 'check-in', 'check-ins', 'n', true);
INSERT INTO private.ckn_noun (noun_key, noun_base_key, language, noun_singular, noun_plural, noun_gender, curated) VALUES (262, 131, 'es', 'registro', 'registros', 'm', true);
INSERT INTO private.ckn_noun (noun_key, noun_base_key, language, noun_singular, noun_plural, noun_gender, curated) VALUES (263, 132, 'en', 'conveyor', 'conveyors', 'n', true);
INSERT INTO private.ckn_noun (noun_key, noun_base_key, language, noun_singular, noun_plural, noun_gender, curated) VALUES (264, 132, 'es', 'cinta transportadora', 'cintas transportadoras', 'f', true);
INSERT INTO private.ckn_noun (noun_key, noun_base_key, language, noun_singular, noun_plural, noun_gender, curated) VALUES (265, 133, 'en', 'copilot', 'co-pilots', 'n', true);
INSERT INTO private.ckn_noun (noun_key, noun_base_key, language, noun_singular, noun_plural, noun_gender, curated) VALUES (266, 133, 'es', 'copiloto', 'copilotos', 'm', true);
INSERT INTO private.ckn_noun (noun_key, noun_base_key, language, noun_singular, noun_plural, noun_gender, curated) VALUES (267, 134, 'en', 'crew', 'crews', 'n', true);
INSERT INTO private.ckn_noun (noun_key, noun_base_key, language, noun_singular, noun_plural, noun_gender, curated) VALUES (268, 134, 'es', 'tripulación', 'tripulaciones', 'f', true);
INSERT INTO private.ckn_noun (noun_key, noun_base_key, language, noun_singular, noun_plural, noun_gender, curated) VALUES (269, 135, 'en', 'customs', 'customs stations', 'n', true);
INSERT INTO private.ckn_noun (noun_key, noun_base_key, language, noun_singular, noun_plural, noun_gender, curated) VALUES (270, 135, 'es', 'aduana', 'aduanas', 'f', true);
INSERT INTO private.ckn_noun (noun_key, noun_base_key, language, noun_singular, noun_plural, noun_gender, curated) VALUES (271, 136, 'en', 'delay', 'delays', 'n', true);
INSERT INTO private.ckn_noun (noun_key, noun_base_key, language, noun_singular, noun_plural, noun_gender, curated) VALUES (272, 136, 'es', 'retraso', 'retrasos', 'm', true);
INSERT INTO private.ckn_noun (noun_key, noun_base_key, language, noun_singular, noun_plural, noun_gender, curated) VALUES (273, 137, 'en', 'departure', 'departures', 'n', true);
INSERT INTO private.ckn_noun (noun_key, noun_base_key, language, noun_singular, noun_plural, noun_gender, curated) VALUES (274, 137, 'es', 'salida', 'salidas', 'f', true);
INSERT INTO private.ckn_noun (noun_key, noun_base_key, language, noun_singular, noun_plural, noun_gender, curated) VALUES (275, 138, 'en', 'departure board', 'departure boards', 'n', true);
INSERT INTO private.ckn_noun (noun_key, noun_base_key, language, noun_singular, noun_plural, noun_gender, curated) VALUES (276, 138, 'es', 'pantalla de salidas', 'pantallas de salidas', 'f', true);
INSERT INTO private.ckn_noun (noun_key, noun_base_key, language, noun_singular, noun_plural, noun_gender, curated) VALUES (277, 139, 'en', 'e-ticket', 'e-tickets', 'n', true);
INSERT INTO private.ckn_noun (noun_key, noun_base_key, language, noun_singular, noun_plural, noun_gender, curated) VALUES (278, 139, 'es', 'boleto electrónico', 'boletos electrónicos', 'm', true);
INSERT INTO private.ckn_noun (noun_key, noun_base_key, language, noun_singular, noun_plural, noun_gender, curated) VALUES (279, 140, 'en', 'flight number', 'flight numbers', 'n', true);
INSERT INTO private.ckn_noun (noun_key, noun_base_key, language, noun_singular, noun_plural, noun_gender, curated) VALUES (280, 140, 'es', 'número de vuelo', 'números de vuelo', 'm', true);
INSERT INTO private.ckn_noun (noun_key, noun_base_key, language, noun_singular, noun_plural, noun_gender, curated) VALUES (281, 141, 'en', 'flight path', 'flight paths', 'n', true);
INSERT INTO private.ckn_noun (noun_key, noun_base_key, language, noun_singular, noun_plural, noun_gender, curated) VALUES (282, 141, 'es', 'ruta de vuelo', 'rutas de vuelo', 'f', true);
INSERT INTO private.ckn_noun (noun_key, noun_base_key, language, noun_singular, noun_plural, noun_gender, curated) VALUES (283, 142, 'en', 'gate', 'gates', 'n', true);
INSERT INTO private.ckn_noun (noun_key, noun_base_key, language, noun_singular, noun_plural, noun_gender, curated) VALUES (284, 142, 'es', 'puerta', 'puertas', 'f', true);
INSERT INTO private.ckn_noun (noun_key, noun_base_key, language, noun_singular, noun_plural, noun_gender, curated) VALUES (285, 143, 'es', 'hangar', 'hangares', 'm', true);
INSERT INTO private.ckn_noun (noun_key, noun_base_key, language, noun_singular, noun_plural, noun_gender, curated) VALUES (286, 144, 'en', 'immigration', 'immigrations', 'n', true);
INSERT INTO private.ckn_noun (noun_key, noun_base_key, language, noun_singular, noun_plural, noun_gender, curated) VALUES (287, 144, 'es', 'inmigración', 'inmigraciones', 'f', true);
INSERT INTO private.ckn_noun (noun_key, noun_base_key, language, noun_singular, noun_plural, noun_gender, curated) VALUES (288, 145, 'en', 'landing', 'landings', 'n', true);
INSERT INTO private.ckn_noun (noun_key, noun_base_key, language, noun_singular, noun_plural, noun_gender, curated) VALUES (289, 145, 'es', 'aterrizaje', 'aterrizajes', 'm', true);
INSERT INTO private.ckn_noun (noun_key, noun_base_key, language, noun_singular, noun_plural, noun_gender, curated) VALUES (290, 146, 'en', 'layover', 'layovers', 'n', true);
INSERT INTO private.ckn_noun (noun_key, noun_base_key, language, noun_singular, noun_plural, noun_gender, curated) VALUES (291, 146, 'es', 'escala', 'escalas', 'f', true);
INSERT INTO private.ckn_noun (noun_key, noun_base_key, language, noun_singular, noun_plural, noun_gender, curated) VALUES (292, 147, 'en', 'lift-off', 'lift-offs', 'n', true);
INSERT INTO private.ckn_noun (noun_key, noun_base_key, language, noun_singular, noun_plural, noun_gender, curated) VALUES (293, 147, 'es', 'despegue', 'despegues', 'm', true);
INSERT INTO private.ckn_noun (noun_key, noun_base_key, language, noun_singular, noun_plural, noun_gender, curated) VALUES (294, 148, 'en', 'luggage', 'luggage pieces', 'n', true);
INSERT INTO private.ckn_noun (noun_key, noun_base_key, language, noun_singular, noun_plural, noun_gender, curated) VALUES (295, 148, 'es', 'equipaje', 'equipajes', 'm', true);
INSERT INTO private.ckn_noun (noun_key, noun_base_key, language, noun_singular, noun_plural, noun_gender, curated) VALUES (296, 149, 'en', 'overhead bin', 'overhead bins', 'n', true);
INSERT INTO private.ckn_noun (noun_key, noun_base_key, language, noun_singular, noun_plural, noun_gender, curated) VALUES (297, 149, 'es', 'compartimiento superior', 'compartimientos superiores', 'm', true);
INSERT INTO private.ckn_noun (noun_key, noun_base_key, language, noun_singular, noun_plural, noun_gender, curated) VALUES (298, 150, 'en', 'oxygen mask', 'oxygen masks', 'n', true);
INSERT INTO private.ckn_noun (noun_key, noun_base_key, language, noun_singular, noun_plural, noun_gender, curated) VALUES (299, 150, 'es', 'máscara de oxígeno', 'máscaras de oxígeno', 'f', true);
INSERT INTO private.ckn_noun (noun_key, noun_base_key, language, noun_singular, noun_plural, noun_gender, curated) VALUES (300, 151, 'en', 'passport control', 'passport controls', 'n', true);
INSERT INTO private.ckn_noun (noun_key, noun_base_key, language, noun_singular, noun_plural, noun_gender, curated) VALUES (301, 151, 'es', 'control de pasaportes', 'controles de pasaportes', 'm', true);
INSERT INTO private.ckn_noun (noun_key, noun_base_key, language, noun_singular, noun_plural, noun_gender, curated) VALUES (302, 152, 'en', 'pilot', 'pilots', 'n', true);
INSERT INTO private.ckn_noun (noun_key, noun_base_key, language, noun_singular, noun_plural, noun_gender, curated) VALUES (303, 152, 'es', 'piloto', 'pilotos', 'm', true);
INSERT INTO private.ckn_noun (noun_key, noun_base_key, language, noun_singular, noun_plural, noun_gender, curated) VALUES (304, 153, 'en', 'plane', 'planes', 'n', true);
INSERT INTO private.ckn_noun (noun_key, noun_base_key, language, noun_singular, noun_plural, noun_gender, curated) VALUES (305, 153, 'es', 'avión', 'aviones', 'm', true);
INSERT INTO private.ckn_noun (noun_key, noun_base_key, language, noun_singular, noun_plural, noun_gender, curated) VALUES (306, 154, 'en', 'runway', 'runways', 'n', true);
INSERT INTO private.ckn_noun (noun_key, noun_base_key, language, noun_singular, noun_plural, noun_gender, curated) VALUES (307, 154, 'es', 'pista', 'pistas', 'f', true);
INSERT INTO private.ckn_noun (noun_key, noun_base_key, language, noun_singular, noun_plural, noun_gender, curated) VALUES (308, 155, 'en', 'scanner', 'scanners', 'n', true);
INSERT INTO private.ckn_noun (noun_key, noun_base_key, language, noun_singular, noun_plural, noun_gender, curated) VALUES (309, 155, 'es', 'escáner', 'escáneres', 'm', true);
INSERT INTO private.ckn_noun (noun_key, noun_base_key, language, noun_singular, noun_plural, noun_gender, curated) VALUES (310, 156, 'en', 'seat', 'seats', 'n', true);
INSERT INTO private.ckn_noun (noun_key, noun_base_key, language, noun_singular, noun_plural, noun_gender, curated) VALUES (311, 156, 'es', 'asiento', 'asientos', 'm', true);
INSERT INTO private.ckn_noun (noun_key, noun_base_key, language, noun_singular, noun_plural, noun_gender, curated) VALUES (312, 157, 'en', 'security', 'security checkpoints', 'n', true);
INSERT INTO private.ckn_noun (noun_key, noun_base_key, language, noun_singular, noun_plural, noun_gender, curated) VALUES (313, 157, 'es', 'seguridad', 'controles de seguridad', 'f', true);
INSERT INTO private.ckn_noun (noun_key, noun_base_key, language, noun_singular, noun_plural, noun_gender, curated) VALUES (314, 158, 'en', 'taxiway', 'taxiwys', 'n', true);
INSERT INTO private.ckn_noun (noun_key, noun_base_key, language, noun_singular, noun_plural, noun_gender, curated) VALUES (315, 158, 'es', 'calle de rodaje', 'calles de rodaje', 'f', true);
INSERT INTO private.ckn_noun (noun_key, noun_base_key, language, noun_singular, noun_plural, noun_gender, curated) VALUES (316, 159, 'en', 'terminal', 'terminals', 'n', true);
INSERT INTO private.ckn_noun (noun_key, noun_base_key, language, noun_singular, noun_plural, noun_gender, curated) VALUES (317, 159, 'es', 'terminal', 'terminales', 'f', true);
INSERT INTO private.ckn_noun (noun_key, noun_base_key, language, noun_singular, noun_plural, noun_gender, curated) VALUES (318, 160, 'en', 'ticket', 'tickets', 'n', true);
INSERT INTO private.ckn_noun (noun_key, noun_base_key, language, noun_singular, noun_plural, noun_gender, curated) VALUES (319, 160, 'es', 'boleto', 'boletos', 'm', true);
INSERT INTO private.ckn_noun (noun_key, noun_base_key, language, noun_singular, noun_plural, noun_gender, curated) VALUES (320, 161, 'en', 'ticket counter', 'ticket counters', 'n', true);
INSERT INTO private.ckn_noun (noun_key, noun_base_key, language, noun_singular, noun_plural, noun_gender, curated) VALUES (321, 161, 'es', 'taquilla', 'taquillas', 'f', true);
INSERT INTO private.ckn_noun (noun_key, noun_base_key, language, noun_singular, noun_plural, noun_gender, curated) VALUES (322, 162, 'en', 'time zone', 'time zones', 'n', true);
INSERT INTO private.ckn_noun (noun_key, noun_base_key, language, noun_singular, noun_plural, noun_gender, curated) VALUES (323, 162, 'es', 'zona horaria', 'zonas horarias', 'f', true);
INSERT INTO private.ckn_noun (noun_key, noun_base_key, language, noun_singular, noun_plural, noun_gender, curated) VALUES (324, 163, 'en', 'tower', 'towers', 'n', true);
INSERT INTO private.ckn_noun (noun_key, noun_base_key, language, noun_singular, noun_plural, noun_gender, curated) VALUES (325, 163, 'es', 'torre', 'torres', 'f', true);
INSERT INTO private.ckn_noun (noun_key, noun_base_key, language, noun_singular, noun_plural, noun_gender, curated) VALUES (326, 164, 'en', 'TSA', 'TSA agents', 'n', true);
INSERT INTO private.ckn_noun (noun_key, noun_base_key, language, noun_singular, noun_plural, noun_gender, curated) VALUES (327, 164, 'es', 'agente de seguridad', 'agentes de seguridad', 'm', true);
INSERT INTO private.ckn_noun (noun_key, noun_base_key, language, noun_singular, noun_plural, noun_gender, curated) VALUES (328, 165, 'en', 'turbulence', 'turbulences', 'n', true);
INSERT INTO private.ckn_noun (noun_key, noun_base_key, language, noun_singular, noun_plural, noun_gender, curated) VALUES (329, 165, 'es', 'turbulencia', 'turbulencias', 'f', true);
INSERT INTO private.ckn_noun (noun_key, noun_base_key, language, noun_singular, noun_plural, noun_gender, curated) VALUES (330, 166, 'en', 'visa', 'visas', 'n', true);
INSERT INTO private.ckn_noun (noun_key, noun_base_key, language, noun_singular, noun_plural, noun_gender, curated) VALUES (331, 166, 'es', 'visa', 'visas', 'f', true);
INSERT INTO private.ckn_noun (noun_key, noun_base_key, language, noun_singular, noun_plural, noun_gender, curated) VALUES (332, 167, 'en', 'window seat', 'window seats', 'n', true);
INSERT INTO private.ckn_noun (noun_key, noun_base_key, language, noun_singular, noun_plural, noun_gender, curated) VALUES (333, 167, 'es', 'asiento de ventana', 'asientos de ventana', 'm', true);
INSERT INTO private.ckn_noun (noun_key, noun_base_key, language, noun_singular, noun_plural, noun_gender, curated) VALUES (334, 168, 'en', 'address', 'addresses', 'n', true);
INSERT INTO private.ckn_noun (noun_key, noun_base_key, language, noun_singular, noun_plural, noun_gender, curated) VALUES (335, 168, 'es', 'dirección', 'direcciones', 'f', true);
INSERT INTO private.ckn_noun (noun_key, noun_base_key, language, noun_singular, noun_plural, noun_gender, curated) VALUES (336, 169, 'en', 'apartment', 'apartments', 'n', true);
INSERT INTO private.ckn_noun (noun_key, noun_base_key, language, noun_singular, noun_plural, noun_gender, curated) VALUES (337, 169, 'es', 'apartamento', 'apartamentos', 'm', true);
INSERT INTO private.ckn_noun (noun_key, noun_base_key, language, noun_singular, noun_plural, noun_gender, curated) VALUES (338, 170, 'en', 'avenue', 'avenues', 'n', true);
INSERT INTO private.ckn_noun (noun_key, noun_base_key, language, noun_singular, noun_plural, noun_gender, curated) VALUES (339, 170, 'es', 'avenida', 'avenidas', 'f', true);
INSERT INTO private.ckn_noun (noun_key, noun_base_key, language, noun_singular, noun_plural, noun_gender, curated) VALUES (340, 171, 'en', 'back seat', 'back seats', 'n', true);
INSERT INTO private.ckn_noun (noun_key, noun_base_key, language, noun_singular, noun_plural, noun_gender, curated) VALUES (341, 171, 'es', 'asiento trasero', 'asientos traseros', 'm', true);
INSERT INTO private.ckn_noun (noun_key, noun_base_key, language, noun_singular, noun_plural, noun_gender, curated) VALUES (342, 172, 'en', 'brake', 'brakes', 'n', true);
INSERT INTO private.ckn_noun (noun_key, noun_base_key, language, noun_singular, noun_plural, noun_gender, curated) VALUES (343, 172, 'es', 'freno', 'frenos', 'm', true);
INSERT INTO private.ckn_noun (noun_key, noun_base_key, language, noun_singular, noun_plural, noun_gender, curated) VALUES (344, 173, 'en', 'building', 'buildings', 'n', true);
INSERT INTO private.ckn_noun (noun_key, noun_base_key, language, noun_singular, noun_plural, noun_gender, curated) VALUES (345, 173, 'es', 'edificio', 'edificios', 'm', true);
INSERT INTO private.ckn_noun (noun_key, noun_base_key, language, noun_singular, noun_plural, noun_gender, curated) VALUES (346, 174, 'en', 'cancellation', 'cancellations', 'n', true);
INSERT INTO private.ckn_noun (noun_key, noun_base_key, language, noun_singular, noun_plural, noun_gender, curated) VALUES (347, 174, 'es', 'cancelación', 'cancelaciones', 'f', true);
INSERT INTO private.ckn_noun (noun_key, noun_base_key, language, noun_singular, noun_plural, noun_gender, curated) VALUES (348, 175, 'en', 'car', 'cars', 'n', true);
INSERT INTO private.ckn_noun (noun_key, noun_base_key, language, noun_singular, noun_plural, noun_gender, curated) VALUES (349, 175, 'es', 'coche', 'coches', 'm', true);
INSERT INTO private.ckn_noun (noun_key, noun_base_key, language, noun_singular, noun_plural, noun_gender, curated) VALUES (350, 176, 'en', 'curb', 'curbs', 'n', true);
INSERT INTO private.ckn_noun (noun_key, noun_base_key, language, noun_singular, noun_plural, noun_gender, curated) VALUES (351, 176, 'es', 'acera', 'aceras', 'f', true);
INSERT INTO private.ckn_noun (noun_key, noun_base_key, language, noun_singular, noun_plural, noun_gender, curated) VALUES (352, 177, 'en', 'destination', 'destinations', 'n', true);
INSERT INTO private.ckn_noun (noun_key, noun_base_key, language, noun_singular, noun_plural, noun_gender, curated) VALUES (353, 177, 'es', 'destino', 'destinos', 'm', true);
INSERT INTO private.ckn_noun (noun_key, noun_base_key, language, noun_singular, noun_plural, noun_gender, curated) VALUES (354, 178, 'en', 'direction', 'directions', 'n', true);
INSERT INTO private.ckn_noun (noun_key, noun_base_key, language, noun_singular, noun_plural, noun_gender, curated) VALUES (355, 178, 'es', 'dirección', 'direcciones', 'f', true);
INSERT INTO private.ckn_noun (noun_key, noun_base_key, language, noun_singular, noun_plural, noun_gender, curated) VALUES (356, 179, 'en', 'dispatcher', 'dispatchers', 'n', true);
INSERT INTO private.ckn_noun (noun_key, noun_base_key, language, noun_singular, noun_plural, noun_gender, curated) VALUES (357, 179, 'es', 'despachador', 'despachadores', 'm', true);
INSERT INTO private.ckn_noun (noun_key, noun_base_key, language, noun_singular, noun_plural, noun_gender, curated) VALUES (358, 180, 'en', 'door', 'doors', 'n', true);
INSERT INTO private.ckn_noun (noun_key, noun_base_key, language, noun_singular, noun_plural, noun_gender, curated) VALUES (359, 180, 'es', 'puerta', 'puertas', 'f', true);
INSERT INTO private.ckn_noun (noun_key, noun_base_key, language, noun_singular, noun_plural, noun_gender, curated) VALUES (360, 181, 'en', 'driver', 'drivers', 'n', true);
INSERT INTO private.ckn_noun (noun_key, noun_base_key, language, noun_singular, noun_plural, noun_gender, curated) VALUES (361, 181, 'es', 'conductor', 'conductores', 'm', true);
INSERT INTO private.ckn_noun (noun_key, noun_base_key, language, noun_singular, noun_plural, noun_gender, curated) VALUES (362, 182, 'en', 'driver seat', 'driver seats', 'n', true);
INSERT INTO private.ckn_noun (noun_key, noun_base_key, language, noun_singular, noun_plural, noun_gender, curated) VALUES (363, 182, 'es', 'asiento del conductor', 'asientos del conductor', 'm', true);
INSERT INTO private.ckn_noun (noun_key, noun_base_key, language, noun_singular, noun_plural, noun_gender, curated) VALUES (364, 183, 'en', 'drop-off', 'drop-offs', 'n', true);
INSERT INTO private.ckn_noun (noun_key, noun_base_key, language, noun_singular, noun_plural, noun_gender, curated) VALUES (365, 183, 'es', 'lugar de bajada', 'lugares de bajada', 'm', true);
INSERT INTO private.ckn_noun (noun_key, noun_base_key, language, noun_singular, noun_plural, noun_gender, curated) VALUES (366, 184, 'en', 'engine', 'engines', 'n', true);
INSERT INTO private.ckn_noun (noun_key, noun_base_key, language, noun_singular, noun_plural, noun_gender, curated) VALUES (367, 184, 'es', 'motor', 'motores', 'm', true);
INSERT INTO private.ckn_noun (noun_key, noun_base_key, language, noun_singular, noun_plural, noun_gender, curated) VALUES (368, 185, 'en', 'fare', 'fares', 'n', true);
INSERT INTO private.ckn_noun (noun_key, noun_base_key, language, noun_singular, noun_plural, noun_gender, curated) VALUES (369, 185, 'es', 'tarifa', 'tarifas', 'f', true);
INSERT INTO private.ckn_noun (noun_key, noun_base_key, language, noun_singular, noun_plural, noun_gender, curated) VALUES (370, 186, 'en', 'GPS', 'GPS systems', 'n', true);
INSERT INTO private.ckn_noun (noun_key, noun_base_key, language, noun_singular, noun_plural, noun_gender, curated) VALUES (371, 186, 'es', 'GPS', 'GPS', 'm', true);
INSERT INTO private.ckn_noun (noun_key, noun_base_key, language, noun_singular, noun_plural, noun_gender, curated) VALUES (372, 187, 'en', 'highway', 'highways', 'n', true);
INSERT INTO private.ckn_noun (noun_key, noun_base_key, language, noun_singular, noun_plural, noun_gender, curated) VALUES (373, 187, 'es', 'autopista', 'autopistas', 'f', true);
INSERT INTO private.ckn_noun (noun_key, noun_base_key, language, noun_singular, noun_plural, noun_gender, curated) VALUES (374, 188, 'en', 'horn', 'horns', 'n', true);
INSERT INTO private.ckn_noun (noun_key, noun_base_key, language, noun_singular, noun_plural, noun_gender, curated) VALUES (375, 188, 'es', 'bocina', 'bocinas', 'f', true);
INSERT INTO private.ckn_noun (noun_key, noun_base_key, language, noun_singular, noun_plural, noun_gender, curated) VALUES (376, 189, 'en', 'intersection', 'intersections', 'n', true);
INSERT INTO private.ckn_noun (noun_key, noun_base_key, language, noun_singular, noun_plural, noun_gender, curated) VALUES (377, 189, 'es', 'intersección', 'intersecciones', 'f', true);
INSERT INTO private.ckn_noun (noun_key, noun_base_key, language, noun_singular, noun_plural, noun_gender, curated) VALUES (378, 190, 'en', 'lane', 'lanes', 'n', true);
INSERT INTO private.ckn_noun (noun_key, noun_base_key, language, noun_singular, noun_plural, noun_gender, curated) VALUES (379, 190, 'es', 'carril', 'carriles', 'm', true);
INSERT INTO private.ckn_noun (noun_key, noun_base_key, language, noun_singular, noun_plural, noun_gender, curated) VALUES (380, 191, 'en', 'license', 'licenses', 'n', true);
INSERT INTO private.ckn_noun (noun_key, noun_base_key, language, noun_singular, noun_plural, noun_gender, curated) VALUES (381, 191, 'es', 'licencia', 'licencias', 'f', true);
INSERT INTO private.ckn_noun (noun_key, noun_base_key, language, noun_singular, noun_plural, noun_gender, curated) VALUES (382, 192, 'en', 'meter', 'meters', 'n', true);
INSERT INTO private.ckn_noun (noun_key, noun_base_key, language, noun_singular, noun_plural, noun_gender, curated) VALUES (383, 192, 'es', 'taxímetro', 'taxímetros', 'm', true);
INSERT INTO private.ckn_noun (noun_key, noun_base_key, language, noun_singular, noun_plural, noun_gender, curated) VALUES (384, 193, 'en', 'notification', 'notifications', 'n', true);
INSERT INTO private.ckn_noun (noun_key, noun_base_key, language, noun_singular, noun_plural, noun_gender, curated) VALUES (385, 193, 'es', 'notificación', 'notificaciones', 'f', true);
INSERT INTO private.ckn_noun (noun_key, noun_base_key, language, noun_singular, noun_plural, noun_gender, curated) VALUES (386, 194, 'en', 'passenger', 'passengers', 'n', true);
INSERT INTO private.ckn_noun (noun_key, noun_base_key, language, noun_singular, noun_plural, noun_gender, curated) VALUES (387, 194, 'es', 'pasajero', 'pasajeros', 'm', true);
INSERT INTO private.ckn_noun (noun_key, noun_base_key, language, noun_singular, noun_plural, noun_gender, curated) VALUES (388, 195, 'en', 'pickup', 'pickups', 'n', true);
INSERT INTO private.ckn_noun (noun_key, noun_base_key, language, noun_singular, noun_plural, noun_gender, curated) VALUES (389, 195, 'es', 'recogida', 'recogidas', 'f', true);
INSERT INTO private.ckn_noun (noun_key, noun_base_key, language, noun_singular, noun_plural, noun_gender, curated) VALUES (390, 196, 'en', 'rating', 'ratings', 'n', true);
INSERT INTO private.ckn_noun (noun_key, noun_base_key, language, noun_singular, noun_plural, noun_gender, curated) VALUES (391, 196, 'es', 'calificación', 'calificaciones', 'f', true);
INSERT INTO private.ckn_noun (noun_key, noun_base_key, language, noun_singular, noun_plural, noun_gender, curated) VALUES (392, 197, 'en', 'request', 'requests', 'n', true);
INSERT INTO private.ckn_noun (noun_key, noun_base_key, language, noun_singular, noun_plural, noun_gender, curated) VALUES (393, 197, 'es', 'solicitud', 'solicitudes', 'f', true);
INSERT INTO private.ckn_noun (noun_key, noun_base_key, language, noun_singular, noun_plural, noun_gender, curated) VALUES (394, 198, 'en', 'ride', 'rides', 'n', true);
INSERT INTO private.ckn_noun (noun_key, noun_base_key, language, noun_singular, noun_plural, noun_gender, curated) VALUES (395, 198, 'es', 'viaje', 'viajes', 'm', true);
INSERT INTO private.ckn_noun (noun_key, noun_base_key, language, noun_singular, noun_plural, noun_gender, curated) VALUES (396, 199, 'en', 'ride app', 'ride apps', 'n', true);
INSERT INTO private.ckn_noun (noun_key, noun_base_key, language, noun_singular, noun_plural, noun_gender, curated) VALUES (397, 199, 'es', 'aplicación de transporte', 'aplicaciones de transporte', 'f', true);
INSERT INTO private.ckn_noun (noun_key, noun_base_key, language, noun_singular, noun_plural, noun_gender, curated) VALUES (398, 200, 'en', 'ride pool', 'ride pools', 'n', true);
INSERT INTO private.ckn_noun (noun_key, noun_base_key, language, noun_singular, noun_plural, noun_gender, curated) VALUES (399, 200, 'es', 'viaje compartido', 'viajes compartidos', 'm', true);
INSERT INTO private.ckn_noun (noun_key, noun_base_key, language, noun_singular, noun_plural, noun_gender, curated) VALUES (400, 201, 'en', 'route', 'routes', 'n', true);
INSERT INTO private.ckn_noun (noun_key, noun_base_key, language, noun_singular, noun_plural, noun_gender, curated) VALUES (401, 201, 'es', 'ruta', 'rutas', 'f', true);
INSERT INTO private.ckn_noun (noun_key, noun_base_key, language, noun_singular, noun_plural, noun_gender, curated) VALUES (402, 202, 'en', 'signal', 'signals', 'n', true);
INSERT INTO private.ckn_noun (noun_key, noun_base_key, language, noun_singular, noun_plural, noun_gender, curated) VALUES (403, 202, 'es', 'señal', 'señales', 'f', true);
INSERT INTO private.ckn_noun (noun_key, noun_base_key, language, noun_singular, noun_plural, noun_gender, curated) VALUES (404, 203, 'en', 'street', 'streets', 'n', true);
INSERT INTO private.ckn_noun (noun_key, noun_base_key, language, noun_singular, noun_plural, noun_gender, curated) VALUES (405, 203, 'es', 'calle', 'calles', 'f', true);
INSERT INTO private.ckn_noun (noun_key, noun_base_key, language, noun_singular, noun_plural, noun_gender, curated) VALUES (406, 204, 'en', 'surge', 'surges', 'n', true);
INSERT INTO private.ckn_noun (noun_key, noun_base_key, language, noun_singular, noun_plural, noun_gender, curated) VALUES (407, 204, 'es', 'aumento', 'aumentos', 'm', true);
INSERT INTO private.ckn_noun (noun_key, noun_base_key, language, noun_singular, noun_plural, noun_gender, curated) VALUES (408, 205, 'en', 'SUV', 'SUVs', 'n', true);
INSERT INTO private.ckn_noun (noun_key, noun_base_key, language, noun_singular, noun_plural, noun_gender, curated) VALUES (409, 205, 'es', 'SUV', 'SUVs', 'f', true);
INSERT INTO private.ckn_noun (noun_key, noun_base_key, language, noun_singular, noun_plural, noun_gender, curated) VALUES (410, 206, 'en', 'traffic', 'traffic jams', 'n', true);
INSERT INTO private.ckn_noun (noun_key, noun_base_key, language, noun_singular, noun_plural, noun_gender, curated) VALUES (411, 206, 'es', 'tráfico', 'atascos', 'm', true);
INSERT INTO private.ckn_noun (noun_key, noun_base_key, language, noun_singular, noun_plural, noun_gender, curated) VALUES (412, 207, 'en', 'trunk', 'trunks', 'n', true);
INSERT INTO private.ckn_noun (noun_key, noun_base_key, language, noun_singular, noun_plural, noun_gender, curated) VALUES (413, 207, 'es', 'maletero', 'maleteros', 'm', true);
INSERT INTO private.ckn_noun (noun_key, noun_base_key, language, noun_singular, noun_plural, noun_gender, curated) VALUES (414, 208, 'en', 'van', 'vans', 'n', true);
INSERT INTO private.ckn_noun (noun_key, noun_base_key, language, noun_singular, noun_plural, noun_gender, curated) VALUES (415, 208, 'es', 'furgoneta', 'furgonetas', 'f', true);
INSERT INTO private.ckn_noun (noun_key, noun_base_key, language, noun_singular, noun_plural, noun_gender, curated) VALUES (416, 209, 'en', 'vehicle', 'vehicles', 'n', true);
INSERT INTO private.ckn_noun (noun_key, noun_base_key, language, noun_singular, noun_plural, noun_gender, curated) VALUES (417, 209, 'es', 'vehículo', 'vehículos', 'm', true);
INSERT INTO private.ckn_noun (noun_key, noun_base_key, language, noun_singular, noun_plural, noun_gender, curated) VALUES (418, 210, 'en', 'wait time', 'wait times', 'n', true);
INSERT INTO private.ckn_noun (noun_key, noun_base_key, language, noun_singular, noun_plural, noun_gender, curated) VALUES (419, 210, 'es', 'tiempo de espera', 'tiempos de espera', 'm', true);
INSERT INTO private.ckn_noun (noun_key, noun_base_key, language, noun_singular, noun_plural, noun_gender, curated) VALUES (421, 211, 'es', 'nombre', 'nombres', 'm', false);
INSERT INTO private.ckn_noun (noun_key, noun_base_key, language, noun_singular, noun_plural, noun_gender, curated) VALUES (422, 212, 'es', 'especialidad', 'especialidades', 'f', false);
INSERT INTO private.ckn_noun (noun_key, noun_base_key, language, noun_singular, noun_plural, noun_gender, curated) VALUES (423, 213, 'es', 'casa', 'casas', 'f', false);
INSERT INTO private.ckn_noun (noun_key, noun_base_key, language, noun_singular, noun_plural, noun_gender, curated) VALUES (424, 214, 'es', 'paella', 'paellas', 'f', false);
INSERT INTO private.ckn_noun (noun_key, noun_base_key, language, noun_singular, noun_plural, noun_gender, curated) VALUES (425, 215, 'es', 'mixto', 'mixtos', 'm', false);
INSERT INTO private.ckn_noun (noun_key, noun_base_key, language, noun_singular, noun_plural, noun_gender, curated) VALUES (426, 216, 'es', 'comensal', 'comensales', 'm', false);
INSERT INTO private.ckn_noun (noun_key, noun_base_key, language, noun_singular, noun_plural, noun_gender, curated) VALUES (427, 217, 'es', 'hombre', 'hombres', 'm', false);
INSERT INTO private.ckn_noun (noun_key, noun_base_key, language, noun_singular, noun_plural, noun_gender, curated) VALUES (428, 218, 'es', 'ordenar', 'ordenar', 'f', false);
INSERT INTO private.ckn_noun (noun_key, noun_base_key, language, noun_singular, noun_plural, noun_gender, curated) VALUES (429, 219, 'es', 'noche', 'noches', 'f', false);
INSERT INTO private.ckn_noun (noun_key, noun_base_key, language, noun_singular, noun_plural, noun_gender, curated) VALUES (430, 220, 'es', 'señorita', 'señoritas', 'f', false);
INSERT INTO private.ckn_noun (noun_key, noun_base_key, language, noun_singular, noun_plural, noun_gender, curated) VALUES (431, 221, 'es', 'pastel', 'pasteles', 'm', false);
INSERT INTO private.ckn_noun (noun_key, noun_base_key, language, noun_singular, noun_plural, noun_gender, curated) VALUES (432, 222, 'es', 'chocolate', 'chocolates', 'm', false);
INSERT INTO private.ckn_noun (noun_key, noun_base_key, language, noun_singular, noun_plural, noun_gender, curated) VALUES (433, 223, 'es', 'helado', 'helados', 'm', false);
INSERT INTO private.ckn_noun (noun_key, noun_base_key, language, noun_singular, noun_plural, noun_gender, curated) VALUES (434, 224, 'es', 'vainilla', 'vainillas', 'f', false);
INSERT INTO private.ckn_noun (noun_key, noun_base_key, language, noun_singular, noun_plural, noun_gender, curated) VALUES (435, 225, 'es', 'gracias', 'gracias', 'f', false);
INSERT INTO private.ckn_noun (noun_key, noun_base_key, language, noun_singular, noun_plural, noun_gender, curated) VALUES (437, 226, 'es', 'grupo', 'grupos', 'm', false);
INSERT INTO private.ckn_noun (noun_key, noun_base_key, language, noun_singular, noun_plural, noun_gender, curated) VALUES (438, 227, 'es', 'naranja', 'naranjas', 'f', false);
INSERT INTO private.ckn_noun (noun_key, noun_base_key, language, noun_singular, noun_plural, noun_gender, curated) VALUES (439, 228, 'es', 'día', 'días', 'm', false);
INSERT INTO private.ckn_noun (noun_key, noun_base_key, language, noun_singular, noun_plural, noun_gender, curated) VALUES (440, 229, 'es', 'café', 'cafés', 'm', false);
INSERT INTO private.ckn_noun (noun_key, noun_base_key, language, noun_singular, noun_plural, noun_gender, curated) VALUES (441, 230, 'es', 'leche', 'leches', 'f', false);
INSERT INTO private.ckn_noun (noun_key, noun_base_key, language, noun_singular, noun_plural, noun_gender, curated) VALUES (442, 231, 'es', 'pedazo', 'pedazos', 'm', false);
INSERT INTO private.ckn_noun (noun_key, noun_base_key, language, noun_singular, noun_plural, noun_gender, curated) VALUES (443, 232, 'es', 'recomendación', 'recomendaciones', 'f', false);
INSERT INTO private.ckn_noun (noun_key, noun_base_key, language, noun_singular, noun_plural, noun_gender, curated) VALUES (444, 233, 'es', 'elección', 'elecciones', 'f', false);
INSERT INTO private.ckn_noun (noun_key, noun_base_key, language, noun_singular, noun_plural, noun_gender, curated) VALUES (445, 234, 'es', 'juan', 'juanes', 'm', false);
INSERT INTO private.ckn_noun (noun_key, noun_base_key, language, noun_singular, noun_plural, noun_gender, curated) VALUES (446, 235, 'es', 'tarjeta', 'tarjetas', 'f', false);
INSERT INTO private.ckn_noun (noun_key, noun_base_key, language, noun_singular, noun_plural, noun_gender, curated) VALUES (447, 236, 'es', 'forma', 'formas', 'f', false);
INSERT INTO private.ckn_noun (noun_key, noun_base_key, language, noun_singular, noun_plural, noun_gender, curated) VALUES (448, 237, 'es', 'mixta', 'mixtas', 'f', false);
INSERT INTO private.ckn_noun (noun_key, noun_base_key, language, noun_singular, noun_plural, noun_gender, curated) VALUES (449, 238, 'es', 'comida', 'comidas', 'f', false);


--
-- Data for Name: ckn_scenarios; Type: TABLE DATA; Schema: private; Owner: postgres
--

INSERT INTO private.ckn_scenarios (scenario_key, scenario) VALUES (1, 'hotel');
INSERT INTO private.ckn_scenarios (scenario_key, scenario) VALUES (2, 'restaurant');
INSERT INTO private.ckn_scenarios (scenario_key, scenario) VALUES (3, 'airport');
INSERT INTO private.ckn_scenarios (scenario_key, scenario) VALUES (4, 'taxi');


--
-- Data for Name: ckn_noun_scenarios; Type: TABLE DATA; Schema: private; Owner: postgres
--

INSERT INTO private.ckn_noun_scenarios (noun_key, scenario_key) VALUES (1, 1);
INSERT INTO private.ckn_noun_scenarios (noun_key, scenario_key) VALUES (2, 1);
INSERT INTO private.ckn_noun_scenarios (noun_key, scenario_key) VALUES (3, 1);
INSERT INTO private.ckn_noun_scenarios (noun_key, scenario_key) VALUES (4, 1);
INSERT INTO private.ckn_noun_scenarios (noun_key, scenario_key) VALUES (5, 1);
INSERT INTO private.ckn_noun_scenarios (noun_key, scenario_key) VALUES (6, 1);
INSERT INTO private.ckn_noun_scenarios (noun_key, scenario_key) VALUES (7, 1);
INSERT INTO private.ckn_noun_scenarios (noun_key, scenario_key) VALUES (8, 1);
INSERT INTO private.ckn_noun_scenarios (noun_key, scenario_key) VALUES (9, 1);
INSERT INTO private.ckn_noun_scenarios (noun_key, scenario_key) VALUES (10, 1);
INSERT INTO private.ckn_noun_scenarios (noun_key, scenario_key) VALUES (11, 1);
INSERT INTO private.ckn_noun_scenarios (noun_key, scenario_key) VALUES (12, 1);
INSERT INTO private.ckn_noun_scenarios (noun_key, scenario_key) VALUES (13, 1);
INSERT INTO private.ckn_noun_scenarios (noun_key, scenario_key) VALUES (14, 1);
INSERT INTO private.ckn_noun_scenarios (noun_key, scenario_key) VALUES (15, 1);
INSERT INTO private.ckn_noun_scenarios (noun_key, scenario_key) VALUES (16, 1);
INSERT INTO private.ckn_noun_scenarios (noun_key, scenario_key) VALUES (17, 1);
INSERT INTO private.ckn_noun_scenarios (noun_key, scenario_key) VALUES (18, 1);
INSERT INTO private.ckn_noun_scenarios (noun_key, scenario_key) VALUES (19, 1);
INSERT INTO private.ckn_noun_scenarios (noun_key, scenario_key) VALUES (20, 1);
INSERT INTO private.ckn_noun_scenarios (noun_key, scenario_key) VALUES (21, 1);
INSERT INTO private.ckn_noun_scenarios (noun_key, scenario_key) VALUES (22, 1);
INSERT INTO private.ckn_noun_scenarios (noun_key, scenario_key) VALUES (23, 1);
INSERT INTO private.ckn_noun_scenarios (noun_key, scenario_key) VALUES (24, 1);
INSERT INTO private.ckn_noun_scenarios (noun_key, scenario_key) VALUES (25, 1);
INSERT INTO private.ckn_noun_scenarios (noun_key, scenario_key) VALUES (26, 1);
INSERT INTO private.ckn_noun_scenarios (noun_key, scenario_key) VALUES (27, 1);
INSERT INTO private.ckn_noun_scenarios (noun_key, scenario_key) VALUES (28, 1);
INSERT INTO private.ckn_noun_scenarios (noun_key, scenario_key) VALUES (29, 1);
INSERT INTO private.ckn_noun_scenarios (noun_key, scenario_key) VALUES (30, 1);
INSERT INTO private.ckn_noun_scenarios (noun_key, scenario_key) VALUES (31, 1);
INSERT INTO private.ckn_noun_scenarios (noun_key, scenario_key) VALUES (32, 1);
INSERT INTO private.ckn_noun_scenarios (noun_key, scenario_key) VALUES (33, 1);
INSERT INTO private.ckn_noun_scenarios (noun_key, scenario_key) VALUES (34, 1);
INSERT INTO private.ckn_noun_scenarios (noun_key, scenario_key) VALUES (35, 1);
INSERT INTO private.ckn_noun_scenarios (noun_key, scenario_key) VALUES (36, 1);
INSERT INTO private.ckn_noun_scenarios (noun_key, scenario_key) VALUES (37, 1);
INSERT INTO private.ckn_noun_scenarios (noun_key, scenario_key) VALUES (38, 1);
INSERT INTO private.ckn_noun_scenarios (noun_key, scenario_key) VALUES (39, 1);
INSERT INTO private.ckn_noun_scenarios (noun_key, scenario_key) VALUES (40, 1);
INSERT INTO private.ckn_noun_scenarios (noun_key, scenario_key) VALUES (41, 1);
INSERT INTO private.ckn_noun_scenarios (noun_key, scenario_key) VALUES (42, 1);
INSERT INTO private.ckn_noun_scenarios (noun_key, scenario_key) VALUES (43, 1);
INSERT INTO private.ckn_noun_scenarios (noun_key, scenario_key) VALUES (44, 1);
INSERT INTO private.ckn_noun_scenarios (noun_key, scenario_key) VALUES (45, 1);
INSERT INTO private.ckn_noun_scenarios (noun_key, scenario_key) VALUES (46, 1);
INSERT INTO private.ckn_noun_scenarios (noun_key, scenario_key) VALUES (47, 1);
INSERT INTO private.ckn_noun_scenarios (noun_key, scenario_key) VALUES (48, 1);
INSERT INTO private.ckn_noun_scenarios (noun_key, scenario_key) VALUES (49, 1);
INSERT INTO private.ckn_noun_scenarios (noun_key, scenario_key) VALUES (50, 1);
INSERT INTO private.ckn_noun_scenarios (noun_key, scenario_key) VALUES (51, 1);
INSERT INTO private.ckn_noun_scenarios (noun_key, scenario_key) VALUES (52, 1);
INSERT INTO private.ckn_noun_scenarios (noun_key, scenario_key) VALUES (53, 1);
INSERT INTO private.ckn_noun_scenarios (noun_key, scenario_key) VALUES (54, 1);
INSERT INTO private.ckn_noun_scenarios (noun_key, scenario_key) VALUES (55, 1);
INSERT INTO private.ckn_noun_scenarios (noun_key, scenario_key) VALUES (56, 1);
INSERT INTO private.ckn_noun_scenarios (noun_key, scenario_key) VALUES (57, 1);
INSERT INTO private.ckn_noun_scenarios (noun_key, scenario_key) VALUES (58, 1);
INSERT INTO private.ckn_noun_scenarios (noun_key, scenario_key) VALUES (59, 1);
INSERT INTO private.ckn_noun_scenarios (noun_key, scenario_key) VALUES (60, 1);
INSERT INTO private.ckn_noun_scenarios (noun_key, scenario_key) VALUES (61, 1);
INSERT INTO private.ckn_noun_scenarios (noun_key, scenario_key) VALUES (62, 1);
INSERT INTO private.ckn_noun_scenarios (noun_key, scenario_key) VALUES (63, 1);
INSERT INTO private.ckn_noun_scenarios (noun_key, scenario_key) VALUES (64, 1);
INSERT INTO private.ckn_noun_scenarios (noun_key, scenario_key) VALUES (65, 1);
INSERT INTO private.ckn_noun_scenarios (noun_key, scenario_key) VALUES (66, 1);
INSERT INTO private.ckn_noun_scenarios (noun_key, scenario_key) VALUES (67, 1);
INSERT INTO private.ckn_noun_scenarios (noun_key, scenario_key) VALUES (68, 1);
INSERT INTO private.ckn_noun_scenarios (noun_key, scenario_key) VALUES (69, 1);
INSERT INTO private.ckn_noun_scenarios (noun_key, scenario_key) VALUES (70, 1);
INSERT INTO private.ckn_noun_scenarios (noun_key, scenario_key) VALUES (71, 1);
INSERT INTO private.ckn_noun_scenarios (noun_key, scenario_key) VALUES (72, 1);
INSERT INTO private.ckn_noun_scenarios (noun_key, scenario_key) VALUES (73, 1);
INSERT INTO private.ckn_noun_scenarios (noun_key, scenario_key) VALUES (74, 1);
INSERT INTO private.ckn_noun_scenarios (noun_key, scenario_key) VALUES (75, 1);
INSERT INTO private.ckn_noun_scenarios (noun_key, scenario_key) VALUES (76, 1);
INSERT INTO private.ckn_noun_scenarios (noun_key, scenario_key) VALUES (77, 1);
INSERT INTO private.ckn_noun_scenarios (noun_key, scenario_key) VALUES (78, 1);
INSERT INTO private.ckn_noun_scenarios (noun_key, scenario_key) VALUES (79, 1);
INSERT INTO private.ckn_noun_scenarios (noun_key, scenario_key) VALUES (80, 1);
INSERT INTO private.ckn_noun_scenarios (noun_key, scenario_key) VALUES (81, 1);
INSERT INTO private.ckn_noun_scenarios (noun_key, scenario_key) VALUES (82, 1);
INSERT INTO private.ckn_noun_scenarios (noun_key, scenario_key) VALUES (83, 1);
INSERT INTO private.ckn_noun_scenarios (noun_key, scenario_key) VALUES (84, 1);
INSERT INTO private.ckn_noun_scenarios (noun_key, scenario_key) VALUES (85, 1);
INSERT INTO private.ckn_noun_scenarios (noun_key, scenario_key) VALUES (86, 1);
INSERT INTO private.ckn_noun_scenarios (noun_key, scenario_key) VALUES (87, 1);
INSERT INTO private.ckn_noun_scenarios (noun_key, scenario_key) VALUES (88, 1);
INSERT INTO private.ckn_noun_scenarios (noun_key, scenario_key) VALUES (89, 1);
INSERT INTO private.ckn_noun_scenarios (noun_key, scenario_key) VALUES (90, 1);
INSERT INTO private.ckn_noun_scenarios (noun_key, scenario_key) VALUES (91, 1);
INSERT INTO private.ckn_noun_scenarios (noun_key, scenario_key) VALUES (92, 1);
INSERT INTO private.ckn_noun_scenarios (noun_key, scenario_key) VALUES (93, 1);
INSERT INTO private.ckn_noun_scenarios (noun_key, scenario_key) VALUES (94, 1);
INSERT INTO private.ckn_noun_scenarios (noun_key, scenario_key) VALUES (95, 1);
INSERT INTO private.ckn_noun_scenarios (noun_key, scenario_key) VALUES (96, 1);
INSERT INTO private.ckn_noun_scenarios (noun_key, scenario_key) VALUES (97, 1);
INSERT INTO private.ckn_noun_scenarios (noun_key, scenario_key) VALUES (98, 1);
INSERT INTO private.ckn_noun_scenarios (noun_key, scenario_key) VALUES (99, 1);
INSERT INTO private.ckn_noun_scenarios (noun_key, scenario_key) VALUES (100, 1);
INSERT INTO private.ckn_noun_scenarios (noun_key, scenario_key) VALUES (101, 1);
INSERT INTO private.ckn_noun_scenarios (noun_key, scenario_key) VALUES (102, 1);
INSERT INTO private.ckn_noun_scenarios (noun_key, scenario_key) VALUES (103, 1);
INSERT INTO private.ckn_noun_scenarios (noun_key, scenario_key) VALUES (104, 1);
INSERT INTO private.ckn_noun_scenarios (noun_key, scenario_key) VALUES (105, 1);
INSERT INTO private.ckn_noun_scenarios (noun_key, scenario_key) VALUES (106, 1);
INSERT INTO private.ckn_noun_scenarios (noun_key, scenario_key) VALUES (107, 1);
INSERT INTO private.ckn_noun_scenarios (noun_key, scenario_key) VALUES (108, 1);
INSERT INTO private.ckn_noun_scenarios (noun_key, scenario_key) VALUES (109, 1);
INSERT INTO private.ckn_noun_scenarios (noun_key, scenario_key) VALUES (110, 1);
INSERT INTO private.ckn_noun_scenarios (noun_key, scenario_key) VALUES (111, 1);
INSERT INTO private.ckn_noun_scenarios (noun_key, scenario_key) VALUES (112, 1);
INSERT INTO private.ckn_noun_scenarios (noun_key, scenario_key) VALUES (113, 1);
INSERT INTO private.ckn_noun_scenarios (noun_key, scenario_key) VALUES (114, 1);
INSERT INTO private.ckn_noun_scenarios (noun_key, scenario_key) VALUES (115, 1);
INSERT INTO private.ckn_noun_scenarios (noun_key, scenario_key) VALUES (116, 1);
INSERT INTO private.ckn_noun_scenarios (noun_key, scenario_key) VALUES (117, 1);
INSERT INTO private.ckn_noun_scenarios (noun_key, scenario_key) VALUES (118, 1);
INSERT INTO private.ckn_noun_scenarios (noun_key, scenario_key) VALUES (119, 1);
INSERT INTO private.ckn_noun_scenarios (noun_key, scenario_key) VALUES (120, 1);
INSERT INTO private.ckn_noun_scenarios (noun_key, scenario_key) VALUES (121, 1);
INSERT INTO private.ckn_noun_scenarios (noun_key, scenario_key) VALUES (122, 1);
INSERT INTO private.ckn_noun_scenarios (noun_key, scenario_key) VALUES (123, 1);
INSERT INTO private.ckn_noun_scenarios (noun_key, scenario_key) VALUES (124, 1);
INSERT INTO private.ckn_noun_scenarios (noun_key, scenario_key) VALUES (125, 1);
INSERT INTO private.ckn_noun_scenarios (noun_key, scenario_key) VALUES (126, 1);
INSERT INTO private.ckn_noun_scenarios (noun_key, scenario_key) VALUES (127, 1);
INSERT INTO private.ckn_noun_scenarios (noun_key, scenario_key) VALUES (128, 1);
INSERT INTO private.ckn_noun_scenarios (noun_key, scenario_key) VALUES (129, 1);
INSERT INTO private.ckn_noun_scenarios (noun_key, scenario_key) VALUES (130, 1);
INSERT INTO private.ckn_noun_scenarios (noun_key, scenario_key) VALUES (131, 1);
INSERT INTO private.ckn_noun_scenarios (noun_key, scenario_key) VALUES (132, 1);
INSERT INTO private.ckn_noun_scenarios (noun_key, scenario_key) VALUES (133, 1);
INSERT INTO private.ckn_noun_scenarios (noun_key, scenario_key) VALUES (134, 1);
INSERT INTO private.ckn_noun_scenarios (noun_key, scenario_key) VALUES (135, 1);
INSERT INTO private.ckn_noun_scenarios (noun_key, scenario_key) VALUES (136, 1);
INSERT INTO private.ckn_noun_scenarios (noun_key, scenario_key) VALUES (137, 1);
INSERT INTO private.ckn_noun_scenarios (noun_key, scenario_key) VALUES (138, 1);
INSERT INTO private.ckn_noun_scenarios (noun_key, scenario_key) VALUES (139, 1);
INSERT INTO private.ckn_noun_scenarios (noun_key, scenario_key) VALUES (140, 1);
INSERT INTO private.ckn_noun_scenarios (noun_key, scenario_key) VALUES (141, 1);
INSERT INTO private.ckn_noun_scenarios (noun_key, scenario_key) VALUES (142, 1);
INSERT INTO private.ckn_noun_scenarios (noun_key, scenario_key) VALUES (143, 1);
INSERT INTO private.ckn_noun_scenarios (noun_key, scenario_key) VALUES (144, 1);
INSERT INTO private.ckn_noun_scenarios (noun_key, scenario_key) VALUES (145, 1);
INSERT INTO private.ckn_noun_scenarios (noun_key, scenario_key) VALUES (146, 1);
INSERT INTO private.ckn_noun_scenarios (noun_key, scenario_key) VALUES (147, 1);
INSERT INTO private.ckn_noun_scenarios (noun_key, scenario_key) VALUES (148, 1);
INSERT INTO private.ckn_noun_scenarios (noun_key, scenario_key) VALUES (149, 2);
INSERT INTO private.ckn_noun_scenarios (noun_key, scenario_key) VALUES (150, 2);
INSERT INTO private.ckn_noun_scenarios (noun_key, scenario_key) VALUES (151, 2);
INSERT INTO private.ckn_noun_scenarios (noun_key, scenario_key) VALUES (152, 2);
INSERT INTO private.ckn_noun_scenarios (noun_key, scenario_key) VALUES (153, 2);
INSERT INTO private.ckn_noun_scenarios (noun_key, scenario_key) VALUES (154, 2);
INSERT INTO private.ckn_noun_scenarios (noun_key, scenario_key) VALUES (13, 2);
INSERT INTO private.ckn_noun_scenarios (noun_key, scenario_key) VALUES (14, 2);
INSERT INTO private.ckn_noun_scenarios (noun_key, scenario_key) VALUES (155, 2);
INSERT INTO private.ckn_noun_scenarios (noun_key, scenario_key) VALUES (156, 2);
INSERT INTO private.ckn_noun_scenarios (noun_key, scenario_key) VALUES (157, 2);
INSERT INTO private.ckn_noun_scenarios (noun_key, scenario_key) VALUES (158, 2);
INSERT INTO private.ckn_noun_scenarios (noun_key, scenario_key) VALUES (159, 2);
INSERT INTO private.ckn_noun_scenarios (noun_key, scenario_key) VALUES (160, 2);
INSERT INTO private.ckn_noun_scenarios (noun_key, scenario_key) VALUES (161, 2);
INSERT INTO private.ckn_noun_scenarios (noun_key, scenario_key) VALUES (162, 2);
INSERT INTO private.ckn_noun_scenarios (noun_key, scenario_key) VALUES (163, 2);
INSERT INTO private.ckn_noun_scenarios (noun_key, scenario_key) VALUES (164, 2);
INSERT INTO private.ckn_noun_scenarios (noun_key, scenario_key) VALUES (35, 2);
INSERT INTO private.ckn_noun_scenarios (noun_key, scenario_key) VALUES (36, 2);
INSERT INTO private.ckn_noun_scenarios (noun_key, scenario_key) VALUES (165, 2);
INSERT INTO private.ckn_noun_scenarios (noun_key, scenario_key) VALUES (166, 2);
INSERT INTO private.ckn_noun_scenarios (noun_key, scenario_key) VALUES (167, 2);
INSERT INTO private.ckn_noun_scenarios (noun_key, scenario_key) VALUES (168, 2);
INSERT INTO private.ckn_noun_scenarios (noun_key, scenario_key) VALUES (169, 2);
INSERT INTO private.ckn_noun_scenarios (noun_key, scenario_key) VALUES (170, 2);
INSERT INTO private.ckn_noun_scenarios (noun_key, scenario_key) VALUES (171, 2);
INSERT INTO private.ckn_noun_scenarios (noun_key, scenario_key) VALUES (172, 2);
INSERT INTO private.ckn_noun_scenarios (noun_key, scenario_key) VALUES (173, 2);
INSERT INTO private.ckn_noun_scenarios (noun_key, scenario_key) VALUES (174, 2);
INSERT INTO private.ckn_noun_scenarios (noun_key, scenario_key) VALUES (175, 2);
INSERT INTO private.ckn_noun_scenarios (noun_key, scenario_key) VALUES (176, 2);
INSERT INTO private.ckn_noun_scenarios (noun_key, scenario_key) VALUES (177, 2);
INSERT INTO private.ckn_noun_scenarios (noun_key, scenario_key) VALUES (178, 2);
INSERT INTO private.ckn_noun_scenarios (noun_key, scenario_key) VALUES (179, 2);
INSERT INTO private.ckn_noun_scenarios (noun_key, scenario_key) VALUES (180, 2);
INSERT INTO private.ckn_noun_scenarios (noun_key, scenario_key) VALUES (181, 2);
INSERT INTO private.ckn_noun_scenarios (noun_key, scenario_key) VALUES (182, 2);
INSERT INTO private.ckn_noun_scenarios (noun_key, scenario_key) VALUES (183, 2);
INSERT INTO private.ckn_noun_scenarios (noun_key, scenario_key) VALUES (184, 2);
INSERT INTO private.ckn_noun_scenarios (noun_key, scenario_key) VALUES (185, 2);
INSERT INTO private.ckn_noun_scenarios (noun_key, scenario_key) VALUES (186, 2);
INSERT INTO private.ckn_noun_scenarios (noun_key, scenario_key) VALUES (187, 2);
INSERT INTO private.ckn_noun_scenarios (noun_key, scenario_key) VALUES (188, 2);
INSERT INTO private.ckn_noun_scenarios (noun_key, scenario_key) VALUES (189, 2);
INSERT INTO private.ckn_noun_scenarios (noun_key, scenario_key) VALUES (190, 2);
INSERT INTO private.ckn_noun_scenarios (noun_key, scenario_key) VALUES (191, 2);
INSERT INTO private.ckn_noun_scenarios (noun_key, scenario_key) VALUES (192, 2);
INSERT INTO private.ckn_noun_scenarios (noun_key, scenario_key) VALUES (193, 2);
INSERT INTO private.ckn_noun_scenarios (noun_key, scenario_key) VALUES (194, 2);
INSERT INTO private.ckn_noun_scenarios (noun_key, scenario_key) VALUES (195, 2);
INSERT INTO private.ckn_noun_scenarios (noun_key, scenario_key) VALUES (196, 2);
INSERT INTO private.ckn_noun_scenarios (noun_key, scenario_key) VALUES (85, 2);
INSERT INTO private.ckn_noun_scenarios (noun_key, scenario_key) VALUES (86, 2);
INSERT INTO private.ckn_noun_scenarios (noun_key, scenario_key) VALUES (197, 2);
INSERT INTO private.ckn_noun_scenarios (noun_key, scenario_key) VALUES (198, 2);
INSERT INTO private.ckn_noun_scenarios (noun_key, scenario_key) VALUES (199, 2);
INSERT INTO private.ckn_noun_scenarios (noun_key, scenario_key) VALUES (200, 2);
INSERT INTO private.ckn_noun_scenarios (noun_key, scenario_key) VALUES (201, 2);
INSERT INTO private.ckn_noun_scenarios (noun_key, scenario_key) VALUES (202, 2);
INSERT INTO private.ckn_noun_scenarios (noun_key, scenario_key) VALUES (203, 2);
INSERT INTO private.ckn_noun_scenarios (noun_key, scenario_key) VALUES (204, 2);
INSERT INTO private.ckn_noun_scenarios (noun_key, scenario_key) VALUES (205, 2);
INSERT INTO private.ckn_noun_scenarios (noun_key, scenario_key) VALUES (206, 2);
INSERT INTO private.ckn_noun_scenarios (noun_key, scenario_key) VALUES (105, 2);
INSERT INTO private.ckn_noun_scenarios (noun_key, scenario_key) VALUES (106, 2);
INSERT INTO private.ckn_noun_scenarios (noun_key, scenario_key) VALUES (207, 2);
INSERT INTO private.ckn_noun_scenarios (noun_key, scenario_key) VALUES (208, 2);
INSERT INTO private.ckn_noun_scenarios (noun_key, scenario_key) VALUES (209, 2);
INSERT INTO private.ckn_noun_scenarios (noun_key, scenario_key) VALUES (210, 2);
INSERT INTO private.ckn_noun_scenarios (noun_key, scenario_key) VALUES (211, 2);
INSERT INTO private.ckn_noun_scenarios (noun_key, scenario_key) VALUES (212, 2);
INSERT INTO private.ckn_noun_scenarios (noun_key, scenario_key) VALUES (213, 2);
INSERT INTO private.ckn_noun_scenarios (noun_key, scenario_key) VALUES (214, 2);
INSERT INTO private.ckn_noun_scenarios (noun_key, scenario_key) VALUES (215, 2);
INSERT INTO private.ckn_noun_scenarios (noun_key, scenario_key) VALUES (216, 2);
INSERT INTO private.ckn_noun_scenarios (noun_key, scenario_key) VALUES (217, 2);
INSERT INTO private.ckn_noun_scenarios (noun_key, scenario_key) VALUES (218, 2);
INSERT INTO private.ckn_noun_scenarios (noun_key, scenario_key) VALUES (219, 2);
INSERT INTO private.ckn_noun_scenarios (noun_key, scenario_key) VALUES (220, 2);
INSERT INTO private.ckn_noun_scenarios (noun_key, scenario_key) VALUES (221, 2);
INSERT INTO private.ckn_noun_scenarios (noun_key, scenario_key) VALUES (222, 2);
INSERT INTO private.ckn_noun_scenarios (noun_key, scenario_key) VALUES (133, 2);
INSERT INTO private.ckn_noun_scenarios (noun_key, scenario_key) VALUES (134, 2);
INSERT INTO private.ckn_noun_scenarios (noun_key, scenario_key) VALUES (223, 2);
INSERT INTO private.ckn_noun_scenarios (noun_key, scenario_key) VALUES (224, 2);
INSERT INTO private.ckn_noun_scenarios (noun_key, scenario_key) VALUES (225, 2);
INSERT INTO private.ckn_noun_scenarios (noun_key, scenario_key) VALUES (226, 2);
INSERT INTO private.ckn_noun_scenarios (noun_key, scenario_key) VALUES (227, 2);
INSERT INTO private.ckn_noun_scenarios (noun_key, scenario_key) VALUES (228, 2);
INSERT INTO private.ckn_noun_scenarios (noun_key, scenario_key) VALUES (229, 2);
INSERT INTO private.ckn_noun_scenarios (noun_key, scenario_key) VALUES (230, 2);
INSERT INTO private.ckn_noun_scenarios (noun_key, scenario_key) VALUES (231, 2);
INSERT INTO private.ckn_noun_scenarios (noun_key, scenario_key) VALUES (232, 2);
INSERT INTO private.ckn_noun_scenarios (noun_key, scenario_key) VALUES (233, 3);
INSERT INTO private.ckn_noun_scenarios (noun_key, scenario_key) VALUES (234, 3);
INSERT INTO private.ckn_noun_scenarios (noun_key, scenario_key) VALUES (235, 3);
INSERT INTO private.ckn_noun_scenarios (noun_key, scenario_key) VALUES (236, 3);
INSERT INTO private.ckn_noun_scenarios (noun_key, scenario_key) VALUES (237, 3);
INSERT INTO private.ckn_noun_scenarios (noun_key, scenario_key) VALUES (238, 3);
INSERT INTO private.ckn_noun_scenarios (noun_key, scenario_key) VALUES (239, 3);
INSERT INTO private.ckn_noun_scenarios (noun_key, scenario_key) VALUES (240, 3);
INSERT INTO private.ckn_noun_scenarios (noun_key, scenario_key) VALUES (241, 3);
INSERT INTO private.ckn_noun_scenarios (noun_key, scenario_key) VALUES (242, 3);
INSERT INTO private.ckn_noun_scenarios (noun_key, scenario_key) VALUES (243, 3);
INSERT INTO private.ckn_noun_scenarios (noun_key, scenario_key) VALUES (244, 3);
INSERT INTO private.ckn_noun_scenarios (noun_key, scenario_key) VALUES (245, 3);
INSERT INTO private.ckn_noun_scenarios (noun_key, scenario_key) VALUES (246, 3);
INSERT INTO private.ckn_noun_scenarios (noun_key, scenario_key) VALUES (247, 3);
INSERT INTO private.ckn_noun_scenarios (noun_key, scenario_key) VALUES (248, 3);
INSERT INTO private.ckn_noun_scenarios (noun_key, scenario_key) VALUES (249, 3);
INSERT INTO private.ckn_noun_scenarios (noun_key, scenario_key) VALUES (250, 3);
INSERT INTO private.ckn_noun_scenarios (noun_key, scenario_key) VALUES (251, 3);
INSERT INTO private.ckn_noun_scenarios (noun_key, scenario_key) VALUES (252, 3);
INSERT INTO private.ckn_noun_scenarios (noun_key, scenario_key) VALUES (253, 3);
INSERT INTO private.ckn_noun_scenarios (noun_key, scenario_key) VALUES (254, 3);
INSERT INTO private.ckn_noun_scenarios (noun_key, scenario_key) VALUES (255, 3);
INSERT INTO private.ckn_noun_scenarios (noun_key, scenario_key) VALUES (256, 3);
INSERT INTO private.ckn_noun_scenarios (noun_key, scenario_key) VALUES (257, 3);
INSERT INTO private.ckn_noun_scenarios (noun_key, scenario_key) VALUES (258, 3);
INSERT INTO private.ckn_noun_scenarios (noun_key, scenario_key) VALUES (259, 3);
INSERT INTO private.ckn_noun_scenarios (noun_key, scenario_key) VALUES (260, 3);
INSERT INTO private.ckn_noun_scenarios (noun_key, scenario_key) VALUES (261, 3);
INSERT INTO private.ckn_noun_scenarios (noun_key, scenario_key) VALUES (262, 3);
INSERT INTO private.ckn_noun_scenarios (noun_key, scenario_key) VALUES (263, 3);
INSERT INTO private.ckn_noun_scenarios (noun_key, scenario_key) VALUES (264, 3);
INSERT INTO private.ckn_noun_scenarios (noun_key, scenario_key) VALUES (265, 3);
INSERT INTO private.ckn_noun_scenarios (noun_key, scenario_key) VALUES (266, 3);
INSERT INTO private.ckn_noun_scenarios (noun_key, scenario_key) VALUES (267, 3);
INSERT INTO private.ckn_noun_scenarios (noun_key, scenario_key) VALUES (268, 3);
INSERT INTO private.ckn_noun_scenarios (noun_key, scenario_key) VALUES (269, 3);
INSERT INTO private.ckn_noun_scenarios (noun_key, scenario_key) VALUES (270, 3);
INSERT INTO private.ckn_noun_scenarios (noun_key, scenario_key) VALUES (271, 3);
INSERT INTO private.ckn_noun_scenarios (noun_key, scenario_key) VALUES (272, 3);
INSERT INTO private.ckn_noun_scenarios (noun_key, scenario_key) VALUES (273, 3);
INSERT INTO private.ckn_noun_scenarios (noun_key, scenario_key) VALUES (274, 3);
INSERT INTO private.ckn_noun_scenarios (noun_key, scenario_key) VALUES (275, 3);
INSERT INTO private.ckn_noun_scenarios (noun_key, scenario_key) VALUES (276, 3);
INSERT INTO private.ckn_noun_scenarios (noun_key, scenario_key) VALUES (277, 3);
INSERT INTO private.ckn_noun_scenarios (noun_key, scenario_key) VALUES (278, 3);
INSERT INTO private.ckn_noun_scenarios (noun_key, scenario_key) VALUES (279, 3);
INSERT INTO private.ckn_noun_scenarios (noun_key, scenario_key) VALUES (280, 3);
INSERT INTO private.ckn_noun_scenarios (noun_key, scenario_key) VALUES (281, 3);
INSERT INTO private.ckn_noun_scenarios (noun_key, scenario_key) VALUES (282, 3);
INSERT INTO private.ckn_noun_scenarios (noun_key, scenario_key) VALUES (283, 3);
INSERT INTO private.ckn_noun_scenarios (noun_key, scenario_key) VALUES (284, 3);
INSERT INTO private.ckn_noun_scenarios (noun_key, scenario_key) VALUES (285, 3);
INSERT INTO private.ckn_noun_scenarios (noun_key, scenario_key) VALUES (286, 3);
INSERT INTO private.ckn_noun_scenarios (noun_key, scenario_key) VALUES (287, 3);
INSERT INTO private.ckn_noun_scenarios (noun_key, scenario_key) VALUES (288, 3);
INSERT INTO private.ckn_noun_scenarios (noun_key, scenario_key) VALUES (289, 3);
INSERT INTO private.ckn_noun_scenarios (noun_key, scenario_key) VALUES (290, 3);
INSERT INTO private.ckn_noun_scenarios (noun_key, scenario_key) VALUES (291, 3);
INSERT INTO private.ckn_noun_scenarios (noun_key, scenario_key) VALUES (292, 3);
INSERT INTO private.ckn_noun_scenarios (noun_key, scenario_key) VALUES (293, 3);
INSERT INTO private.ckn_noun_scenarios (noun_key, scenario_key) VALUES (294, 3);
INSERT INTO private.ckn_noun_scenarios (noun_key, scenario_key) VALUES (295, 3);
INSERT INTO private.ckn_noun_scenarios (noun_key, scenario_key) VALUES (296, 3);
INSERT INTO private.ckn_noun_scenarios (noun_key, scenario_key) VALUES (297, 3);
INSERT INTO private.ckn_noun_scenarios (noun_key, scenario_key) VALUES (298, 3);
INSERT INTO private.ckn_noun_scenarios (noun_key, scenario_key) VALUES (299, 3);
INSERT INTO private.ckn_noun_scenarios (noun_key, scenario_key) VALUES (93, 3);
INSERT INTO private.ckn_noun_scenarios (noun_key, scenario_key) VALUES (94, 3);
INSERT INTO private.ckn_noun_scenarios (noun_key, scenario_key) VALUES (300, 3);
INSERT INTO private.ckn_noun_scenarios (noun_key, scenario_key) VALUES (301, 3);
INSERT INTO private.ckn_noun_scenarios (noun_key, scenario_key) VALUES (302, 3);
INSERT INTO private.ckn_noun_scenarios (noun_key, scenario_key) VALUES (303, 3);
INSERT INTO private.ckn_noun_scenarios (noun_key, scenario_key) VALUES (304, 3);
INSERT INTO private.ckn_noun_scenarios (noun_key, scenario_key) VALUES (305, 3);
INSERT INTO private.ckn_noun_scenarios (noun_key, scenario_key) VALUES (306, 3);
INSERT INTO private.ckn_noun_scenarios (noun_key, scenario_key) VALUES (307, 3);
INSERT INTO private.ckn_noun_scenarios (noun_key, scenario_key) VALUES (308, 3);
INSERT INTO private.ckn_noun_scenarios (noun_key, scenario_key) VALUES (309, 3);
INSERT INTO private.ckn_noun_scenarios (noun_key, scenario_key) VALUES (310, 3);
INSERT INTO private.ckn_noun_scenarios (noun_key, scenario_key) VALUES (311, 3);
INSERT INTO private.ckn_noun_scenarios (noun_key, scenario_key) VALUES (312, 3);
INSERT INTO private.ckn_noun_scenarios (noun_key, scenario_key) VALUES (313, 3);
INSERT INTO private.ckn_noun_scenarios (noun_key, scenario_key) VALUES (131, 3);
INSERT INTO private.ckn_noun_scenarios (noun_key, scenario_key) VALUES (132, 3);
INSERT INTO private.ckn_noun_scenarios (noun_key, scenario_key) VALUES (314, 3);
INSERT INTO private.ckn_noun_scenarios (noun_key, scenario_key) VALUES (315, 3);
INSERT INTO private.ckn_noun_scenarios (noun_key, scenario_key) VALUES (316, 3);
INSERT INTO private.ckn_noun_scenarios (noun_key, scenario_key) VALUES (317, 3);
INSERT INTO private.ckn_noun_scenarios (noun_key, scenario_key) VALUES (318, 3);
INSERT INTO private.ckn_noun_scenarios (noun_key, scenario_key) VALUES (319, 3);
INSERT INTO private.ckn_noun_scenarios (noun_key, scenario_key) VALUES (320, 3);
INSERT INTO private.ckn_noun_scenarios (noun_key, scenario_key) VALUES (321, 3);
INSERT INTO private.ckn_noun_scenarios (noun_key, scenario_key) VALUES (322, 3);
INSERT INTO private.ckn_noun_scenarios (noun_key, scenario_key) VALUES (323, 3);
INSERT INTO private.ckn_noun_scenarios (noun_key, scenario_key) VALUES (324, 3);
INSERT INTO private.ckn_noun_scenarios (noun_key, scenario_key) VALUES (325, 3);
INSERT INTO private.ckn_noun_scenarios (noun_key, scenario_key) VALUES (326, 3);
INSERT INTO private.ckn_noun_scenarios (noun_key, scenario_key) VALUES (327, 3);
INSERT INTO private.ckn_noun_scenarios (noun_key, scenario_key) VALUES (328, 3);
INSERT INTO private.ckn_noun_scenarios (noun_key, scenario_key) VALUES (329, 3);
INSERT INTO private.ckn_noun_scenarios (noun_key, scenario_key) VALUES (330, 3);
INSERT INTO private.ckn_noun_scenarios (noun_key, scenario_key) VALUES (331, 3);
INSERT INTO private.ckn_noun_scenarios (noun_key, scenario_key) VALUES (332, 3);
INSERT INTO private.ckn_noun_scenarios (noun_key, scenario_key) VALUES (333, 3);
INSERT INTO private.ckn_noun_scenarios (noun_key, scenario_key) VALUES (334, 4);
INSERT INTO private.ckn_noun_scenarios (noun_key, scenario_key) VALUES (335, 4);
INSERT INTO private.ckn_noun_scenarios (noun_key, scenario_key) VALUES (336, 4);
INSERT INTO private.ckn_noun_scenarios (noun_key, scenario_key) VALUES (337, 4);
INSERT INTO private.ckn_noun_scenarios (noun_key, scenario_key) VALUES (338, 4);
INSERT INTO private.ckn_noun_scenarios (noun_key, scenario_key) VALUES (339, 4);
INSERT INTO private.ckn_noun_scenarios (noun_key, scenario_key) VALUES (340, 4);
INSERT INTO private.ckn_noun_scenarios (noun_key, scenario_key) VALUES (341, 4);
INSERT INTO private.ckn_noun_scenarios (noun_key, scenario_key) VALUES (342, 4);
INSERT INTO private.ckn_noun_scenarios (noun_key, scenario_key) VALUES (343, 4);
INSERT INTO private.ckn_noun_scenarios (noun_key, scenario_key) VALUES (344, 4);
INSERT INTO private.ckn_noun_scenarios (noun_key, scenario_key) VALUES (345, 4);
INSERT INTO private.ckn_noun_scenarios (noun_key, scenario_key) VALUES (346, 4);
INSERT INTO private.ckn_noun_scenarios (noun_key, scenario_key) VALUES (347, 4);
INSERT INTO private.ckn_noun_scenarios (noun_key, scenario_key) VALUES (348, 4);
INSERT INTO private.ckn_noun_scenarios (noun_key, scenario_key) VALUES (349, 4);
INSERT INTO private.ckn_noun_scenarios (noun_key, scenario_key) VALUES (33, 4);
INSERT INTO private.ckn_noun_scenarios (noun_key, scenario_key) VALUES (34, 4);
INSERT INTO private.ckn_noun_scenarios (noun_key, scenario_key) VALUES (350, 4);
INSERT INTO private.ckn_noun_scenarios (noun_key, scenario_key) VALUES (351, 4);
INSERT INTO private.ckn_noun_scenarios (noun_key, scenario_key) VALUES (352, 4);
INSERT INTO private.ckn_noun_scenarios (noun_key, scenario_key) VALUES (353, 4);
INSERT INTO private.ckn_noun_scenarios (noun_key, scenario_key) VALUES (354, 4);
INSERT INTO private.ckn_noun_scenarios (noun_key, scenario_key) VALUES (355, 4);
INSERT INTO private.ckn_noun_scenarios (noun_key, scenario_key) VALUES (356, 4);
INSERT INTO private.ckn_noun_scenarios (noun_key, scenario_key) VALUES (357, 4);
INSERT INTO private.ckn_noun_scenarios (noun_key, scenario_key) VALUES (358, 4);
INSERT INTO private.ckn_noun_scenarios (noun_key, scenario_key) VALUES (359, 4);
INSERT INTO private.ckn_noun_scenarios (noun_key, scenario_key) VALUES (360, 4);
INSERT INTO private.ckn_noun_scenarios (noun_key, scenario_key) VALUES (361, 4);
INSERT INTO private.ckn_noun_scenarios (noun_key, scenario_key) VALUES (362, 4);
INSERT INTO private.ckn_noun_scenarios (noun_key, scenario_key) VALUES (363, 4);
INSERT INTO private.ckn_noun_scenarios (noun_key, scenario_key) VALUES (364, 4);
INSERT INTO private.ckn_noun_scenarios (noun_key, scenario_key) VALUES (365, 4);
INSERT INTO private.ckn_noun_scenarios (noun_key, scenario_key) VALUES (366, 4);
INSERT INTO private.ckn_noun_scenarios (noun_key, scenario_key) VALUES (367, 4);
INSERT INTO private.ckn_noun_scenarios (noun_key, scenario_key) VALUES (368, 4);
INSERT INTO private.ckn_noun_scenarios (noun_key, scenario_key) VALUES (369, 4);
INSERT INTO private.ckn_noun_scenarios (noun_key, scenario_key) VALUES (370, 4);
INSERT INTO private.ckn_noun_scenarios (noun_key, scenario_key) VALUES (371, 4);
INSERT INTO private.ckn_noun_scenarios (noun_key, scenario_key) VALUES (372, 4);
INSERT INTO private.ckn_noun_scenarios (noun_key, scenario_key) VALUES (373, 4);
INSERT INTO private.ckn_noun_scenarios (noun_key, scenario_key) VALUES (374, 4);
INSERT INTO private.ckn_noun_scenarios (noun_key, scenario_key) VALUES (375, 4);
INSERT INTO private.ckn_noun_scenarios (noun_key, scenario_key) VALUES (376, 4);
INSERT INTO private.ckn_noun_scenarios (noun_key, scenario_key) VALUES (377, 4);
INSERT INTO private.ckn_noun_scenarios (noun_key, scenario_key) VALUES (378, 4);
INSERT INTO private.ckn_noun_scenarios (noun_key, scenario_key) VALUES (379, 4);
INSERT INTO private.ckn_noun_scenarios (noun_key, scenario_key) VALUES (380, 4);
INSERT INTO private.ckn_noun_scenarios (noun_key, scenario_key) VALUES (381, 4);
INSERT INTO private.ckn_noun_scenarios (noun_key, scenario_key) VALUES (382, 4);
INSERT INTO private.ckn_noun_scenarios (noun_key, scenario_key) VALUES (383, 4);
INSERT INTO private.ckn_noun_scenarios (noun_key, scenario_key) VALUES (89, 4);
INSERT INTO private.ckn_noun_scenarios (noun_key, scenario_key) VALUES (90, 4);
INSERT INTO private.ckn_noun_scenarios (noun_key, scenario_key) VALUES (384, 4);
INSERT INTO private.ckn_noun_scenarios (noun_key, scenario_key) VALUES (385, 4);
INSERT INTO private.ckn_noun_scenarios (noun_key, scenario_key) VALUES (386, 4);
INSERT INTO private.ckn_noun_scenarios (noun_key, scenario_key) VALUES (387, 4);
INSERT INTO private.ckn_noun_scenarios (noun_key, scenario_key) VALUES (388, 4);
INSERT INTO private.ckn_noun_scenarios (noun_key, scenario_key) VALUES (389, 4);
INSERT INTO private.ckn_noun_scenarios (noun_key, scenario_key) VALUES (203, 4);
INSERT INTO private.ckn_noun_scenarios (noun_key, scenario_key) VALUES (204, 4);
INSERT INTO private.ckn_noun_scenarios (noun_key, scenario_key) VALUES (390, 4);
INSERT INTO private.ckn_noun_scenarios (noun_key, scenario_key) VALUES (391, 4);
INSERT INTO private.ckn_noun_scenarios (noun_key, scenario_key) VALUES (205, 4);
INSERT INTO private.ckn_noun_scenarios (noun_key, scenario_key) VALUES (206, 4);
INSERT INTO private.ckn_noun_scenarios (noun_key, scenario_key) VALUES (392, 4);
INSERT INTO private.ckn_noun_scenarios (noun_key, scenario_key) VALUES (393, 4);
INSERT INTO private.ckn_noun_scenarios (noun_key, scenario_key) VALUES (109, 4);
INSERT INTO private.ckn_noun_scenarios (noun_key, scenario_key) VALUES (110, 4);
INSERT INTO private.ckn_noun_scenarios (noun_key, scenario_key) VALUES (394, 4);
INSERT INTO private.ckn_noun_scenarios (noun_key, scenario_key) VALUES (395, 4);
INSERT INTO private.ckn_noun_scenarios (noun_key, scenario_key) VALUES (396, 4);
INSERT INTO private.ckn_noun_scenarios (noun_key, scenario_key) VALUES (397, 4);
INSERT INTO private.ckn_noun_scenarios (noun_key, scenario_key) VALUES (398, 4);
INSERT INTO private.ckn_noun_scenarios (noun_key, scenario_key) VALUES (399, 4);
INSERT INTO private.ckn_noun_scenarios (noun_key, scenario_key) VALUES (400, 4);
INSERT INTO private.ckn_noun_scenarios (noun_key, scenario_key) VALUES (401, 4);
INSERT INTO private.ckn_noun_scenarios (noun_key, scenario_key) VALUES (402, 4);
INSERT INTO private.ckn_noun_scenarios (noun_key, scenario_key) VALUES (403, 4);
INSERT INTO private.ckn_noun_scenarios (noun_key, scenario_key) VALUES (404, 4);
INSERT INTO private.ckn_noun_scenarios (noun_key, scenario_key) VALUES (405, 4);
INSERT INTO private.ckn_noun_scenarios (noun_key, scenario_key) VALUES (406, 4);
INSERT INTO private.ckn_noun_scenarios (noun_key, scenario_key) VALUES (407, 4);
INSERT INTO private.ckn_noun_scenarios (noun_key, scenario_key) VALUES (408, 4);
INSERT INTO private.ckn_noun_scenarios (noun_key, scenario_key) VALUES (409, 4);
INSERT INTO private.ckn_noun_scenarios (noun_key, scenario_key) VALUES (133, 4);
INSERT INTO private.ckn_noun_scenarios (noun_key, scenario_key) VALUES (134, 4);
INSERT INTO private.ckn_noun_scenarios (noun_key, scenario_key) VALUES (410, 4);
INSERT INTO private.ckn_noun_scenarios (noun_key, scenario_key) VALUES (411, 4);
INSERT INTO private.ckn_noun_scenarios (noun_key, scenario_key) VALUES (412, 4);
INSERT INTO private.ckn_noun_scenarios (noun_key, scenario_key) VALUES (413, 4);
INSERT INTO private.ckn_noun_scenarios (noun_key, scenario_key) VALUES (414, 4);
INSERT INTO private.ckn_noun_scenarios (noun_key, scenario_key) VALUES (415, 4);
INSERT INTO private.ckn_noun_scenarios (noun_key, scenario_key) VALUES (416, 4);
INSERT INTO private.ckn_noun_scenarios (noun_key, scenario_key) VALUES (417, 4);
INSERT INTO private.ckn_noun_scenarios (noun_key, scenario_key) VALUES (418, 4);
INSERT INTO private.ckn_noun_scenarios (noun_key, scenario_key) VALUES (419, 4);
INSERT INTO private.ckn_noun_scenarios (noun_key, scenario_key) VALUES (147, 4);
INSERT INTO private.ckn_noun_scenarios (noun_key, scenario_key) VALUES (148, 4);
INSERT INTO private.ckn_noun_scenarios (noun_key, scenario_key) VALUES (421, 2);
INSERT INTO private.ckn_noun_scenarios (noun_key, scenario_key) VALUES (422, 2);
INSERT INTO private.ckn_noun_scenarios (noun_key, scenario_key) VALUES (423, 2);
INSERT INTO private.ckn_noun_scenarios (noun_key, scenario_key) VALUES (424, 2);
INSERT INTO private.ckn_noun_scenarios (noun_key, scenario_key) VALUES (425, 2);
INSERT INTO private.ckn_noun_scenarios (noun_key, scenario_key) VALUES (427, 2);
INSERT INTO private.ckn_noun_scenarios (noun_key, scenario_key) VALUES (426, 2);
INSERT INTO private.ckn_noun_scenarios (noun_key, scenario_key) VALUES (428, 2);
INSERT INTO private.ckn_noun_scenarios (noun_key, scenario_key) VALUES (429, 2);
INSERT INTO private.ckn_noun_scenarios (noun_key, scenario_key) VALUES (430, 2);
INSERT INTO private.ckn_noun_scenarios (noun_key, scenario_key) VALUES (431, 2);
INSERT INTO private.ckn_noun_scenarios (noun_key, scenario_key) VALUES (432, 2);
INSERT INTO private.ckn_noun_scenarios (noun_key, scenario_key) VALUES (433, 2);
INSERT INTO private.ckn_noun_scenarios (noun_key, scenario_key) VALUES (434, 2);
INSERT INTO private.ckn_noun_scenarios (noun_key, scenario_key) VALUES (435, 2);
INSERT INTO private.ckn_noun_scenarios (noun_key, scenario_key) VALUES (437, 2);
INSERT INTO private.ckn_noun_scenarios (noun_key, scenario_key) VALUES (108, 2);
INSERT INTO private.ckn_noun_scenarios (noun_key, scenario_key) VALUES (148, 2);
INSERT INTO private.ckn_noun_scenarios (noun_key, scenario_key) VALUES (438, 2);
INSERT INTO private.ckn_noun_scenarios (noun_key, scenario_key) VALUES (438, 1);
INSERT INTO private.ckn_noun_scenarios (noun_key, scenario_key) VALUES (439, 2);
INSERT INTO private.ckn_noun_scenarios (noun_key, scenario_key) VALUES (440, 2);
INSERT INTO private.ckn_noun_scenarios (noun_key, scenario_key) VALUES (441, 2);
INSERT INTO private.ckn_noun_scenarios (noun_key, scenario_key) VALUES (442, 2);
INSERT INTO private.ckn_noun_scenarios (noun_key, scenario_key) VALUES (443, 2);
INSERT INTO private.ckn_noun_scenarios (noun_key, scenario_key) VALUES (444, 2);
INSERT INTO private.ckn_noun_scenarios (noun_key, scenario_key) VALUES (445, 2);
INSERT INTO private.ckn_noun_scenarios (noun_key, scenario_key) VALUES (446, 2);
INSERT INTO private.ckn_noun_scenarios (noun_key, scenario_key) VALUES (447, 2);
INSERT INTO private.ckn_noun_scenarios (noun_key, scenario_key) VALUES (98, 2);
INSERT INTO private.ckn_noun_scenarios (noun_key, scenario_key) VALUES (448, 2);
INSERT INTO private.ckn_noun_scenarios (noun_key, scenario_key) VALUES (449, 2);


--
-- Data for Name: ckn_tts_cache; Type: TABLE DATA; Schema: private; Owner: postgres
--

INSERT INTO private.ckn_tts_cache (tts_cache_key, tts_cache_signature, tts_cache_text, tts_cache_voice, tts_cache_language, tts_cache_usage_count, tts_cache_last_used, tts_cache_created) VALUES (369, '7d9d4b942017102c5a516800d70fcf542fc65a21dd2af31159af2df132152119', 'es-US-Wavenet-B:puedo tener el recibo, por favor?', 'es-US-Wavenet-B', 'es', 8, '2025-06-22 16:11:10.478241+00', '2025-06-22 14:23:46.900238+00');
INSERT INTO private.ckn_tts_cache (tts_cache_key, tts_cache_signature, tts_cache_text, tts_cache_voice, tts_cache_language, tts_cache_usage_count, tts_cache_last_used, tts_cache_created) VALUES (350, 'fec7645b9563551570d4eaa7aece0aa1dd8f4877fd45bea3ab37263435c1badb', 'en-US-Wavenet-C:i''ll bring your order right away.', 'en-US-Wavenet-C', 'en', 4, '2025-06-22 13:56:57.581116+00', '2025-06-22 13:56:48.601272+00');
INSERT INTO private.ckn_tts_cache (tts_cache_key, tts_cache_signature, tts_cache_text, tts_cache_voice, tts_cache_language, tts_cache_usage_count, tts_cache_last_used, tts_cache_created) VALUES (338, '44de7da810680fd652e5d134ad293ff8bc6a6e83f099c0972c1c23a8046beaef', 'en-US-Wavenet-C:anything else?', 'en-US-Wavenet-C', 'en', 6, '2025-06-22 21:35:50.832502+00', '2025-06-22 13:56:45.755781+00');
INSERT INTO private.ckn_tts_cache (tts_cache_key, tts_cache_signature, tts_cache_text, tts_cache_voice, tts_cache_language, tts_cache_usage_count, tts_cache_last_used, tts_cache_created) VALUES (373, '89611594afeaafae454b4b939a77e94cc9c24a84e2ef46f59340f7b966b1f3ce', 'es-US-Wavenet-B:claro, aquí tiene su recibo.', 'es-US-Wavenet-B', 'es', 8, '2025-06-22 16:11:11.779593+00', '2025-06-22 14:23:48.035777+00');
INSERT INTO private.ckn_tts_cache (tts_cache_key, tts_cache_signature, tts_cache_text, tts_cache_voice, tts_cache_language, tts_cache_usage_count, tts_cache_last_used, tts_cache_created) VALUES (354, '62b871969243572dfc6ddf10817e05878879bc5a71f48f79dfe0d5b674432c41', 'en-US-Wavenet-E:thank you.', 'en-US-Wavenet-E', 'en', 4, '2025-06-22 13:56:57.965781+00', '2025-06-22 13:56:49.425686+00');
INSERT INTO private.ckn_tts_cache (tts_cache_key, tts_cache_signature, tts_cache_text, tts_cache_voice, tts_cache_language, tts_cache_usage_count, tts_cache_last_used, tts_cache_created) VALUES (374, 'e5dff78b718811ea286821eccd460d9926b1efd9e4f36e79a833446cf80ad1d0', 'en-US-Wavenet-B:sure, here''s your receipt.', 'en-US-Wavenet-B', 'en', 11, '2025-06-22 16:11:11.998048+00', '2025-06-22 14:23:48.171091+00');
INSERT INTO private.ckn_tts_cache (tts_cache_key, tts_cache_signature, tts_cache_text, tts_cache_voice, tts_cache_language, tts_cache_usage_count, tts_cache_last_used, tts_cache_created) VALUES (359, 'dfb0048bc83f7ce37f0994a757108e676d1bc0fa664530143c78dbacc2141e36', 'en-US-Wavenet-E:would you like any recommendations from the chef?', 'en-US-Wavenet-E', 'en', 6, '2025-06-22 14:19:16.848001+00', '2025-06-22 14:14:42.441662+00');
INSERT INTO private.ckn_tts_cache (tts_cache_key, tts_cache_signature, tts_cache_text, tts_cache_voice, tts_cache_language, tts_cache_usage_count, tts_cache_last_used, tts_cache_created) VALUES (365, 'ea6f8ae9d6afa478d2ee154559ea8a400c8da4c71103f7bed7a7679c3d3963d4', 'es-US-Wavenet-A:le gustaría alguna recomendación del chef?', 'es-US-Wavenet-A', 'es', 6, '2025-06-22 14:19:16.89177+00', '2025-06-22 14:15:10.003713+00');
INSERT INTO private.ckn_tts_cache (tts_cache_key, tts_cache_signature, tts_cache_text, tts_cache_voice, tts_cache_language, tts_cache_usage_count, tts_cache_last_used, tts_cache_created) VALUES (360, '586e0818ec295bbbd735afbf4337f1bc3bc5e3e2d245911a6a7ed9e252309474', 'en-US-Wavenet-F:yes, i would like to try the house specialty.', 'en-US-Wavenet-F', 'en', 6, '2025-06-22 14:19:17.17225+00', '2025-06-22 14:14:47.061436+00');
INSERT INTO private.ckn_tts_cache (tts_cache_key, tts_cache_signature, tts_cache_text, tts_cache_voice, tts_cache_language, tts_cache_usage_count, tts_cache_last_used, tts_cache_created) VALUES (377, '30bef4bd572d99f8fb3b00822c2d21fa430b3d5ec680b752da71c86e2c52e452', 'en-US-Wavenet-F:thank you.', 'en-US-Wavenet-F', 'en', 11, '2025-06-22 16:11:12.400864+00', '2025-06-22 14:23:48.949538+00');
INSERT INTO private.ckn_tts_cache (tts_cache_key, tts_cache_signature, tts_cache_text, tts_cache_voice, tts_cache_language, tts_cache_usage_count, tts_cache_last_used, tts_cache_created) VALUES (366, '925f0db475196789e2cff26365c9e25f4d3cf9548e9e5fdf9c6a3ee1d7f90713', 'es-US-Wavenet-B:sí, me gustaría probar la especialidad de la casa.', 'es-US-Wavenet-B', 'es', 6, '2025-06-22 14:19:17.288142+00', '2025-06-22 14:15:14.439074+00');
INSERT INTO private.ckn_tts_cache (tts_cache_key, tts_cache_signature, tts_cache_text, tts_cache_voice, tts_cache_language, tts_cache_usage_count, tts_cache_last_used, tts_cache_created) VALUES (337, '48e2287a3cafcbd91c1f1ff099fc1e7194b2f7c9dca349b4b63f104911f7142d', 'es-US-Wavenet-A:algo más?', 'es-US-Wavenet-A', 'es', 12, '2025-06-23 19:38:18.30553+00', '2025-06-22 13:56:45.701295+00');
INSERT INTO private.ckn_tts_cache (tts_cache_key, tts_cache_signature, tts_cache_text, tts_cache_voice, tts_cache_language, tts_cache_usage_count, tts_cache_last_used, tts_cache_created) VALUES (361, '5196dacf44cde836e7ee037c020de39a4755fe927b9a57a66babc7c178329d0a', 'en-US-Wavenet-E:excellent choice.', 'en-US-Wavenet-E', 'en', 6, '2025-06-22 14:19:17.507364+00', '2025-06-22 14:14:51.788412+00');
INSERT INTO private.ckn_tts_cache (tts_cache_key, tts_cache_signature, tts_cache_text, tts_cache_voice, tts_cache_language, tts_cache_usage_count, tts_cache_last_used, tts_cache_created) VALUES (367, '70d430deb08844a4163d2bc04f172c6e2c9d9af95d04d32d7bfed5a1e71a060a', 'es-US-Wavenet-A:excelente elección.', 'es-US-Wavenet-A', 'es', 12, '2025-06-24 01:39:12.046871+00', '2025-06-22 14:15:19.604042+00');
INSERT INTO private.ckn_tts_cache (tts_cache_key, tts_cache_signature, tts_cache_text, tts_cache_voice, tts_cache_language, tts_cache_usage_count, tts_cache_last_used, tts_cache_created) VALUES (381, 'b60f468e7994b389ba436a69c2effd70de6cb64c4a4fb4a70470ef572973c50f', 'en-US-Wavenet-F:could you write my name on the receipt?', 'en-US-Wavenet-F', 'en', 11, '2025-06-22 16:11:12.826198+00', '2025-06-22 14:23:49.820765+00');
INSERT INTO private.ckn_tts_cache (tts_cache_key, tts_cache_signature, tts_cache_text, tts_cache_voice, tts_cache_language, tts_cache_usage_count, tts_cache_last_used, tts_cache_created) VALUES (362, '2a99d07fca13d9d54b35011f84dad8dde933f9326c8579c95e1d8f20b10b3881', 'en-US-Wavenet-E:would you like to order something to drink?', 'en-US-Wavenet-E', 'en', 5, '2025-06-22 14:19:17.878118+00', '2025-06-22 14:14:54.654948+00');
INSERT INTO private.ckn_tts_cache (tts_cache_key, tts_cache_signature, tts_cache_text, tts_cache_voice, tts_cache_language, tts_cache_usage_count, tts_cache_last_used, tts_cache_created) VALUES (368, '8a3a41cac7ec172fc4b7ed24a1dadfa1184be8a1cf2df4c4b8dc8d10e806cb4f', 'es-US-Wavenet-A:desea ordenar algo de beber?', 'es-US-Wavenet-A', 'es', 6, '2025-06-22 14:19:18.028331+00', '2025-06-22 14:15:22.813339+00');
INSERT INTO private.ckn_tts_cache (tts_cache_key, tts_cache_signature, tts_cache_text, tts_cache_voice, tts_cache_language, tts_cache_usage_count, tts_cache_last_used, tts_cache_created) VALUES (383, '67c152fe79c5d79fa758d9a016890fbf3407156316628b79ecf49e0822860d25', 'es-US-Wavenet-B:podría anotar mi nombre en el recibo?', 'es-US-Wavenet-B', 'es', 8, '2025-06-22 16:11:13.196847+00', '2025-06-22 14:23:49.907527+00');
INSERT INTO private.ckn_tts_cache (tts_cache_key, tts_cache_signature, tts_cache_text, tts_cache_voice, tts_cache_language, tts_cache_usage_count, tts_cache_last_used, tts_cache_created) VALUES (385, '8ffced535cc366a6383ef3142ae7f3307b9462897264b19d3b06fb485284673c', 'en-US-Wavenet-B:what is your name?', 'en-US-Wavenet-B', 'en', 11, '2025-06-22 16:11:13.275123+00', '2025-06-22 14:23:50.62398+00');
INSERT INTO private.ckn_tts_cache (tts_cache_key, tts_cache_signature, tts_cache_text, tts_cache_voice, tts_cache_language, tts_cache_usage_count, tts_cache_last_used, tts_cache_created) VALUES (387, '3675cd98880fd174ef75ff35cb0c48dcd4c188803d5490e63854c8dcb51057b4', 'es-US-Wavenet-B:cuál es su nombre?', 'es-US-Wavenet-B', 'es', 8, '2025-06-22 16:11:13.550424+00', '2025-06-22 14:23:50.824171+00');
INSERT INTO private.ckn_tts_cache (tts_cache_key, tts_cache_signature, tts_cache_text, tts_cache_voice, tts_cache_language, tts_cache_usage_count, tts_cache_last_used, tts_cache_created) VALUES (422, '34d9929151c221f9f4c9140d973d7bf1cb1648b321b0554e1db7f5c1c1714684', 'es-US-Wavenet-A:le gustaría algo de beber?', 'es-US-Wavenet-A', 'es', 4, '2025-06-22 20:28:50.038144+00', '2025-06-22 20:28:24.409065+00');
INSERT INTO private.ckn_tts_cache (tts_cache_key, tts_cache_signature, tts_cache_text, tts_cache_voice, tts_cache_language, tts_cache_usage_count, tts_cache_last_used, tts_cache_created) VALUES (389, '361721952fd7d2a3eb29bd3d1abe79be78cd1eb60b5bc3f4f038f5c3eb254d8f', 'en-US-Wavenet-F:my name is juan.', 'en-US-Wavenet-F', 'en', 11, '2025-06-22 16:11:13.754333+00', '2025-06-22 14:23:51.478811+00');
INSERT INTO private.ckn_tts_cache (tts_cache_key, tts_cache_signature, tts_cache_text, tts_cache_voice, tts_cache_language, tts_cache_usage_count, tts_cache_last_used, tts_cache_created) VALUES (391, '8b2df7156e2ebb7212747da3a5af7354c66b52ee8ca0d44a562d5bada1c24197', 'es-US-Wavenet-B:mi nombre es juan.', 'es-US-Wavenet-B', 'es', 8, '2025-06-22 16:11:13.934557+00', '2025-06-22 14:23:51.671501+00');
INSERT INTO private.ckn_tts_cache (tts_cache_key, tts_cache_signature, tts_cache_text, tts_cache_voice, tts_cache_language, tts_cache_usage_count, tts_cache_last_used, tts_cache_created) VALUES (393, 'bb586d182abd546836ddeb8d16ef960300ff3202ed547f831e6061217915f443', 'en-US-Wavenet-B:done, juan.', 'en-US-Wavenet-B', 'en', 11, '2025-06-22 16:11:14.108492+00', '2025-06-22 14:23:52.342285+00');
INSERT INTO private.ckn_tts_cache (tts_cache_key, tts_cache_signature, tts_cache_text, tts_cache_voice, tts_cache_language, tts_cache_usage_count, tts_cache_last_used, tts_cache_created) VALUES (345, '5577cb2027e789590e01f0f50446cf7a81de52bc0bc944ef28de35aa0236eacb', 'es-US-Wavenet-A:claro!', 'es-US-Wavenet-A', 'es', 15, '2025-06-24 01:48:48.554733+00', '2025-06-22 13:56:47.540918+00');
INSERT INTO private.ckn_tts_cache (tts_cache_key, tts_cache_signature, tts_cache_text, tts_cache_voice, tts_cache_language, tts_cache_usage_count, tts_cache_last_used, tts_cache_created) VALUES (395, '8a2384251c80c0c7a93c5745017c57a12a914a30cec5854137aa0e77df4f9165', 'es-US-Wavenet-B:listo, juan.', 'es-US-Wavenet-B', 'es', 8, '2025-06-22 16:11:14.235317+00', '2025-06-22 14:23:52.437815+00');
INSERT INTO private.ckn_tts_cache (tts_cache_key, tts_cache_signature, tts_cache_text, tts_cache_voice, tts_cache_language, tts_cache_usage_count, tts_cache_last_used, tts_cache_created) VALUES (363, '6d34d61b0fe3f5b470eb87d1688b4b605d12be3139d00bfe0398022544829250', 'es-US-Wavenet-B:puedo ver el menú por favor?', 'es-US-Wavenet-B', 'es', 11, '2025-06-22 20:28:49.270917+00', '2025-06-22 14:15:02.511754+00');
INSERT INTO private.ckn_tts_cache (tts_cache_key, tts_cache_signature, tts_cache_text, tts_cache_voice, tts_cache_language, tts_cache_usage_count, tts_cache_last_used, tts_cache_created) VALUES (397, '761a9a9a91fc6a7583a279d3e55484c4c1e0bc67fb74bafe58c77170c3b9fb9f', 'en-US-Wavenet-B:here is your receipt with your name on it.', 'en-US-Wavenet-B', 'en', 11, '2025-06-22 16:11:14.463821+00', '2025-06-22 14:23:53.162263+00');
INSERT INTO private.ckn_tts_cache (tts_cache_key, tts_cache_signature, tts_cache_text, tts_cache_voice, tts_cache_language, tts_cache_usage_count, tts_cache_last_used, tts_cache_created) VALUES (357, '0d88ba25771f6ddcb102076054996fe557a8e0eff7ad0afd5dab21bbd16dd219', 'en-US-Wavenet-F:can i see the menu please?', 'en-US-Wavenet-F', 'en', 10, '2025-06-22 20:28:49.275949+00', '2025-06-22 14:14:34.926119+00');
INSERT INTO private.ckn_tts_cache (tts_cache_key, tts_cache_signature, tts_cache_text, tts_cache_voice, tts_cache_language, tts_cache_usage_count, tts_cache_last_used, tts_cache_created) VALUES (330, '0f0bafe4a19de39998f221b8b05531c3708e18d496336c45cdb8ea76455475e3', 'es-US-Wavenet-A:qué le gustaría ordenar hoy?', 'es-US-Wavenet-A', 'es', 4, '2025-06-22 13:56:55.182713+00', '2025-06-22 13:56:43.877945+00');
INSERT INTO private.ckn_tts_cache (tts_cache_key, tts_cache_signature, tts_cache_text, tts_cache_voice, tts_cache_language, tts_cache_usage_count, tts_cache_last_used, tts_cache_created) VALUES (401, '63e01e3a0c36b8ad901dac71864fede83e9763173cad445d674e976d56a5bd8d', 'en-US-Wavenet-D:could you bring me the bill please?', 'en-US-Wavenet-D', 'en', 4, '2025-06-22 20:24:59.722783+00', '2025-06-22 20:24:50.226749+00');
INSERT INTO private.ckn_tts_cache (tts_cache_key, tts_cache_signature, tts_cache_text, tts_cache_voice, tts_cache_language, tts_cache_usage_count, tts_cache_last_used, tts_cache_created) VALUES (329, '7e9eef99d6a4e0c1d4b2615d44daa1e2f47cae3bf71db367928dbbc3f2f15360', 'en-US-Wavenet-C:what would you like to order today?', 'en-US-Wavenet-C', 'en', 4, '2025-06-22 13:56:55.244634+00', '2025-06-22 13:56:43.853832+00');
INSERT INTO private.ckn_tts_cache (tts_cache_key, tts_cache_signature, tts_cache_text, tts_cache_voice, tts_cache_language, tts_cache_usage_count, tts_cache_last_used, tts_cache_created) VALUES (333, '48709262ae8c6f2fc5a54d4d3d84998251718d5ce994393336713b4f713f6a6e', 'es-US-Wavenet-A:me gustaría una taza de café con leche, por favor.', 'es-US-Wavenet-A', 'es', 4, '2025-06-22 13:56:55.641745+00', '2025-06-22 13:56:44.833884+00');
INSERT INTO private.ckn_tts_cache (tts_cache_key, tts_cache_signature, tts_cache_text, tts_cache_voice, tts_cache_language, tts_cache_usage_count, tts_cache_last_used, tts_cache_created) VALUES (334, 'cb1a3a3b1943ce40f04172f1a0fc8d4603464deac050aef75440b6706e28dd0a', 'en-US-Wavenet-E:i would like a cup of coffee with milk, please.', 'en-US-Wavenet-E', 'en', 4, '2025-06-22 13:56:55.806126+00', '2025-06-22 13:56:44.93408+00');
INSERT INTO private.ckn_tts_cache (tts_cache_key, tts_cache_signature, tts_cache_text, tts_cache_voice, tts_cache_language, tts_cache_usage_count, tts_cache_last_used, tts_cache_created) VALUES (364, 'a1e95909c94c7c250f32c3e614b20c2b6ff4a0f82cdb606b58b175e973bfd7f4', 'es-US-Wavenet-A:claro, aquí tiene el menú.', 'es-US-Wavenet-A', 'es', 10, '2025-06-22 20:28:49.666063+00', '2025-06-22 14:15:06.243457+00');
INSERT INTO private.ckn_tts_cache (tts_cache_key, tts_cache_signature, tts_cache_text, tts_cache_voice, tts_cache_language, tts_cache_usage_count, tts_cache_last_used, tts_cache_created) VALUES (378, '3f39d58ce49d5539cccff1b98e2754b69648cce016ae66f42398fbfc777aac56', 'es-US-Wavenet-B:gracias.', 'es-US-Wavenet-B', 'es', 39, '2025-06-24 11:19:25.86365+00', '2025-06-22 14:23:48.999048+00');
INSERT INTO private.ckn_tts_cache (tts_cache_key, tts_cache_signature, tts_cache_text, tts_cache_voice, tts_cache_language, tts_cache_usage_count, tts_cache_last_used, tts_cache_created) VALUES (358, 'a51ed8fca269f9465c09adccadbf738418d164431f1c86a4c0940d98a6b60909', 'en-US-Wavenet-E:sure, here''s the menu.', 'en-US-Wavenet-E', 'en', 10, '2025-06-22 20:28:49.754136+00', '2025-06-22 14:14:38.59054+00');
INSERT INTO private.ckn_tts_cache (tts_cache_key, tts_cache_signature, tts_cache_text, tts_cache_voice, tts_cache_language, tts_cache_usage_count, tts_cache_last_used, tts_cache_created) VALUES (342, '8e8c9eb7efd95fb47861572f9890ebde880119fa91539755f5a888ddb7c11148', 'es-US-Wavenet-A:sí, también quisiera un pedazo de pastel de chocolate.', 'es-US-Wavenet-A', 'es', 4, '2025-06-22 13:56:56.431566+00', '2025-06-22 13:56:46.639029+00');
INSERT INTO private.ckn_tts_cache (tts_cache_key, tts_cache_signature, tts_cache_text, tts_cache_voice, tts_cache_language, tts_cache_usage_count, tts_cache_last_used, tts_cache_created) VALUES (341, 'fab724605731a507303ea469f619a36d220897f8e0fcf66d3e5c7b755f9c5529', 'en-US-Wavenet-E:yes, i would also like a piece of chocolate cake.', 'en-US-Wavenet-E', 'en', 4, '2025-06-22 13:56:56.627904+00', '2025-06-22 13:56:46.615302+00');
INSERT INTO private.ckn_tts_cache (tts_cache_key, tts_cache_signature, tts_cache_text, tts_cache_voice, tts_cache_language, tts_cache_usage_count, tts_cache_last_used, tts_cache_created) VALUES (349, 'ce0ac6afdf41fae126b0e02dad9ce03344fae95b2147ea68b66c17b72f405662', 'es-US-Wavenet-A:enseguida le traigo su pedido.', 'es-US-Wavenet-A', 'es', 4, '2025-06-22 13:56:57.135363+00', '2025-06-22 13:56:48.3205+00');
INSERT INTO private.ckn_tts_cache (tts_cache_key, tts_cache_signature, tts_cache_text, tts_cache_voice, tts_cache_language, tts_cache_usage_count, tts_cache_last_used, tts_cache_created) VALUES (346, 'e0439900e00a9811a14c0fb3b693ff88541328d15da81f2be78aaaab31d12d8f', 'en-US-Wavenet-C:clear!', 'en-US-Wavenet-C', 'en', 4, '2025-06-22 13:56:57.209437+00', '2025-06-22 13:56:47.779414+00');
INSERT INTO private.ckn_tts_cache (tts_cache_key, tts_cache_signature, tts_cache_text, tts_cache_voice, tts_cache_language, tts_cache_usage_count, tts_cache_last_used, tts_cache_created) VALUES (353, '0e648bcae1e583f2cdbe5a5d746fcfadd0772979eca469683e34994b0b12b44f', 'es-US-Wavenet-A:gracias.', 'es-US-Wavenet-A', 'es', 4, '2025-06-22 13:56:57.467078+00', '2025-06-22 13:56:49.144725+00');
INSERT INTO private.ckn_tts_cache (tts_cache_key, tts_cache_signature, tts_cache_text, tts_cache_voice, tts_cache_language, tts_cache_usage_count, tts_cache_last_used, tts_cache_created) VALUES (370, '87ab80824995c8ab5c2fcea6e4aa5f740ae9b3fb0e61a6a3b39a267e9c590483', 'en-US-Wavenet-F:may i have the receipt, please?', 'en-US-Wavenet-F', 'en', 11, '2025-06-22 16:11:10.450119+00', '2025-06-22 14:23:47.070077+00');
INSERT INTO private.ckn_tts_cache (tts_cache_key, tts_cache_signature, tts_cache_text, tts_cache_voice, tts_cache_language, tts_cache_usage_count, tts_cache_last_used, tts_cache_created) VALUES (398, 'd89a6feb32e4bcd7f4fc8f06efd335f7a1a4512f1eb956304b020c20625d10c9', 'es-US-Wavenet-B:aquí tiene su recibo con su nombre.', 'es-US-Wavenet-B', 'es', 8, '2025-06-22 16:11:14.655854+00', '2025-06-22 14:23:53.199139+00');
INSERT INTO private.ckn_tts_cache (tts_cache_key, tts_cache_signature, tts_cache_text, tts_cache_voice, tts_cache_language, tts_cache_usage_count, tts_cache_last_used, tts_cache_created) VALUES (435, '81ddcbf7a1965cdba7a3804f6e5df481906b44856417120c76cd1a0009a1d103', 'es-US-Wavenet-A:sí, hoy tenemos una deliciosa paella mixta como especialidad.', 'es-US-Wavenet-A', 'es', 16, '2025-06-24 01:39:10.220015+00', '2025-06-22 20:31:41.726868+00');
INSERT INTO private.ckn_tts_cache (tts_cache_key, tts_cache_signature, tts_cache_text, tts_cache_voice, tts_cache_language, tts_cache_usage_count, tts_cache_last_used, tts_cache_created) VALUES (533, '5c4f146e82d60ccf805cee0d38670a4ab8a4afb869796a322214c9c067c58dbc', 'es-US-Wavenet-B:hola, una mesa para dos, por favor.', 'es-US-Wavenet-B', 'es', 6, '2025-06-23 19:38:15.28302+00', '2025-06-23 19:31:45.341341+00');
INSERT INTO private.ckn_tts_cache (tts_cache_key, tts_cache_signature, tts_cache_text, tts_cache_voice, tts_cache_language, tts_cache_usage_count, tts_cache_last_used, tts_cache_created) VALUES (535, '3c628b741bfbe976d2ff73e38f774fba13ede2610421dbff7c7a118ace4338cb', 'es-US-Wavenet-A:claro, por aquí.', 'es-US-Wavenet-A', 'es', 6, '2025-06-23 19:38:15.755729+00', '2025-06-23 19:31:46.34461+00');
INSERT INTO private.ckn_tts_cache (tts_cache_key, tts_cache_signature, tts_cache_text, tts_cache_voice, tts_cache_language, tts_cache_usage_count, tts_cache_last_used, tts_cache_created) VALUES (424, 'fdd2cb8722549b3c4750804ad8c86869ccab2cf2e8c1aef877ce8d32c41c5477', 'en-US-Wavenet-E:would you like something to drink?', 'en-US-Wavenet-E', 'en', 4, '2025-06-22 20:28:50.091594+00', '2025-06-22 20:28:24.503636+00');
INSERT INTO private.ckn_tts_cache (tts_cache_key, tts_cache_signature, tts_cache_text, tts_cache_voice, tts_cache_language, tts_cache_usage_count, tts_cache_last_used, tts_cache_created) VALUES (426, 'a9327f3c9db685a00ee298822a63f3ee9fe104a3ed29c60927643f857bc67e49', 'en-US-Wavenet-F:i would like a glass of water, please.', 'en-US-Wavenet-F', 'en', 4, '2025-06-22 20:28:50.434795+00', '2025-06-22 20:28:25.400649+00');
INSERT INTO private.ckn_tts_cache (tts_cache_key, tts_cache_signature, tts_cache_text, tts_cache_voice, tts_cache_language, tts_cache_usage_count, tts_cache_last_used, tts_cache_created) VALUES (427, '8b8514490a7ae8dc7624d4e5ae70b62130738527220f5b6d76e0bca45f9987b3', 'es-US-Wavenet-B:me gustaría un vaso de agua, por favor.', 'es-US-Wavenet-B', 'es', 4, '2025-06-22 20:28:50.439867+00', '2025-06-22 20:28:25.428342+00');
INSERT INTO private.ckn_tts_cache (tts_cache_key, tts_cache_signature, tts_cache_text, tts_cache_voice, tts_cache_language, tts_cache_usage_count, tts_cache_last_used, tts_cache_created) VALUES (430, 'b9cee297bfb7719743346045f46cc78906b6603e0a5923398fc9f2add33d4a23', 'en-US-Wavenet-E:do you already know what you''re going to order to eat?', 'en-US-Wavenet-E', 'en', 4, '2025-06-22 20:28:50.778325+00', '2025-06-22 20:28:26.473318+00');
INSERT INTO private.ckn_tts_cache (tts_cache_key, tts_cache_signature, tts_cache_text, tts_cache_voice, tts_cache_language, tts_cache_usage_count, tts_cache_last_used, tts_cache_created) VALUES (431, '6c47146b5da14615626563c57b2b199878969bad54844fc75ea653b1af641e74', 'es-US-Wavenet-A:ya sabe qué va a ordenar de comer?', 'es-US-Wavenet-A', 'es', 4, '2025-06-22 20:28:50.826888+00', '2025-06-22 20:28:26.518771+00');
INSERT INTO private.ckn_tts_cache (tts_cache_key, tts_cache_signature, tts_cache_text, tts_cache_voice, tts_cache_language, tts_cache_usage_count, tts_cache_last_used, tts_cache_created) VALUES (406, '51f68ac11e7bc70982ec484a88e723fecaeb4ce8d2483c261b7236469017d0af', 'en-US-Wavenet-D:do you accept credit cards or only cash?', 'en-US-Wavenet-D', 'en', 4, '2025-06-22 20:25:00.037315+00', '2025-06-22 20:24:51.301384+00');
INSERT INTO private.ckn_tts_cache (tts_cache_key, tts_cache_signature, tts_cache_text, tts_cache_voice, tts_cache_language, tts_cache_usage_count, tts_cache_last_used, tts_cache_created) VALUES (434, '0c048b0904300bc1ae4429f140706c115d1f2c438ce8a165a11c14e323a4372c', 'es-US-Wavenet-B:tienen algún aperitivo especial hoy?', 'es-US-Wavenet-B', 'es', 10, '2025-06-22 21:14:08.263634+00', '2025-06-22 20:31:36.116324+00');
INSERT INTO private.ckn_tts_cache (tts_cache_key, tts_cache_signature, tts_cache_text, tts_cache_voice, tts_cache_language, tts_cache_usage_count, tts_cache_last_used, tts_cache_created) VALUES (436, 'd02806f66c938c40fe281e3861b2a4bc03932e91943e4ef6fa3f47ab518fdb36', 'en-US-Wavenet-D:do you have any special snacks today?', 'en-US-Wavenet-D', 'en', 10, '2025-06-22 21:14:08.26884+00', '2025-06-22 20:33:50.510786+00');
INSERT INTO private.ckn_tts_cache (tts_cache_key, tts_cache_signature, tts_cache_text, tts_cache_voice, tts_cache_language, tts_cache_usage_count, tts_cache_last_used, tts_cache_created) VALUES (402, '81bf33aae9b4a38936dbe39fed3d5d87ea58a3cbfb95bdfdc5d89e2a28b6e5ce', 'es-US-Wavenet-B:me podría traer la cuenta por favor?', 'es-US-Wavenet-B', 'es', 4, '2025-06-22 20:24:59.725821+00', '2025-06-22 20:24:50.249218+00');
INSERT INTO private.ckn_tts_cache (tts_cache_key, tts_cache_signature, tts_cache_text, tts_cache_voice, tts_cache_language, tts_cache_usage_count, tts_cache_last_used, tts_cache_created) VALUES (405, 'cfe8dd9c1759ed07d898986ad6cf4390f4a2703ba569a62c9c4448785767effb', 'es-US-Wavenet-B:aceptan tarjeta de crédito o solo efectivo?', 'es-US-Wavenet-B', 'es', 4, '2025-06-22 20:25:00.100438+00', '2025-06-22 20:24:51.068722+00');
INSERT INTO private.ckn_tts_cache (tts_cache_key, tts_cache_signature, tts_cache_text, tts_cache_voice, tts_cache_language, tts_cache_usage_count, tts_cache_last_used, tts_cache_created) VALUES (410, 'be99262d154597349375c673f77205fb4b589b9ff1ecdf2498c30a196a10876f', 'en-US-Wavenet-C:sure, here''s the bill.', 'en-US-Wavenet-C', 'en', 4, '2025-06-22 20:25:00.459743+00', '2025-06-22 20:24:52.080089+00');
INSERT INTO private.ckn_tts_cache (tts_cache_key, tts_cache_signature, tts_cache_text, tts_cache_voice, tts_cache_language, tts_cache_usage_count, tts_cache_last_used, tts_cache_created) VALUES (437, '0ae994443f26e8ef141acb065abdd37defc49716cf7903fc629a5a23634da378', 'en-US-Wavenet-E:yes, today we have a delicious mixed paella as a specialty.', 'en-US-Wavenet-E', 'en', 10, '2025-06-22 21:14:08.694285+00', '2025-06-22 20:33:54.646125+00');
INSERT INTO private.ckn_tts_cache (tts_cache_key, tts_cache_signature, tts_cache_text, tts_cache_voice, tts_cache_language, tts_cache_usage_count, tts_cache_last_used, tts_cache_created) VALUES (409, 'c2d66ef8a9e21f6a80b0b2df65dc56df05f8ee63b0d2b6480f5fab51721ac966', 'es-US-Wavenet-A:claro, aquí tiene la cuenta.', 'es-US-Wavenet-A', 'es', 4, '2025-06-22 20:25:00.568441+00', '2025-06-22 20:24:51.979201+00');
INSERT INTO private.ckn_tts_cache (tts_cache_key, tts_cache_signature, tts_cache_text, tts_cache_voice, tts_cache_language, tts_cache_usage_count, tts_cache_last_used, tts_cache_created) VALUES (414, '6654fd3c0aeecb71d52145a3896e7b224c840bafd135f6432443fa11f331fada', 'en-US-Wavenet-C:we accept both forms of payment.', 'en-US-Wavenet-C', 'en', 4, '2025-06-22 20:25:00.761108+00', '2025-06-22 20:24:52.986388+00');
INSERT INTO private.ckn_tts_cache (tts_cache_key, tts_cache_signature, tts_cache_text, tts_cache_voice, tts_cache_language, tts_cache_usage_count, tts_cache_last_used, tts_cache_created) VALUES (413, '85c517f2a609ae40c5fc9fd4e4cbc7f3a2fea7f32654351e73e8db4b74d9a7e5', 'es-US-Wavenet-A:aceptamos ambas formas de pago.', 'es-US-Wavenet-A', 'es', 4, '2025-06-22 20:25:00.866594+00', '2025-06-22 20:24:52.834384+00');
INSERT INTO private.ckn_tts_cache (tts_cache_key, tts_cache_signature, tts_cache_text, tts_cache_voice, tts_cache_language, tts_cache_usage_count, tts_cache_last_used, tts_cache_created) VALUES (442, '4363019d841f4bfb306a14822eb843f15d1471dfb8a0b0d702cfe27b096ec950', 'es-US-Wavenet-B:podemos empezar con dos vasos de agua y una paella para compartir?', 'es-US-Wavenet-B', 'es', 8, '2025-06-22 21:14:09.032637+00', '2025-06-22 21:00:25.018355+00');
INSERT INTO private.ckn_tts_cache (tts_cache_key, tts_cache_signature, tts_cache_text, tts_cache_voice, tts_cache_language, tts_cache_usage_count, tts_cache_last_used, tts_cache_created) VALUES (418, '2a20b7292df2ce0d1c62ad458644f17468e441148b76a0ab30d3ad2e90ccbada', 'en-US-Wavenet-D:perfect, i''ll pay by card then.', 'en-US-Wavenet-D', 'en', 4, '2025-06-22 20:25:01.0711+00', '2025-06-22 20:24:53.848334+00');
INSERT INTO private.ckn_tts_cache (tts_cache_key, tts_cache_signature, tts_cache_text, tts_cache_voice, tts_cache_language, tts_cache_usage_count, tts_cache_last_used, tts_cache_created) VALUES (438, '01e969429c20ccea11b8f01ebfd22df92e39c70a8a4638e18465c8f6b65c9f1d', 'en-US-Wavenet-D:can we start with two glasses of water and a paella to share?', 'en-US-Wavenet-D', 'en', 10, '2025-06-22 21:14:09.092792+00', '2025-06-22 20:34:01.17053+00');
INSERT INTO private.ckn_tts_cache (tts_cache_key, tts_cache_signature, tts_cache_text, tts_cache_voice, tts_cache_language, tts_cache_usage_count, tts_cache_last_used, tts_cache_created) VALUES (417, '6a156888598a4408a1520f85b24eebf37111ed17e283ba413b10cd8f18742b06', 'es-US-Wavenet-B:perfecto, pagaré con tarjeta entonces.', 'es-US-Wavenet-B', 'es', 5, '2025-06-22 20:25:01.281007+00', '2025-06-22 20:24:53.708377+00');
INSERT INTO private.ckn_tts_cache (tts_cache_key, tts_cache_signature, tts_cache_text, tts_cache_voice, tts_cache_language, tts_cache_usage_count, tts_cache_last_used, tts_cache_created) VALUES (420, '4d3a5e4e0797f706a8c81f9ce653b7ec536d6b17cf7f94d8983a4a0b6228fef7', 'en-US-Wavenet-D:thank you.', 'en-US-Wavenet-D', 'en', 4, '2025-06-22 20:25:01.373097+00', '2025-06-22 20:24:54.71897+00');
INSERT INTO private.ckn_tts_cache (tts_cache_key, tts_cache_signature, tts_cache_text, tts_cache_voice, tts_cache_language, tts_cache_usage_count, tts_cache_last_used, tts_cache_created) VALUES (444, 'f253c4e28bb74ad224572ebb9802ff60506952c04b4b940eeb4688982463e4a4', 'es-US-Wavenet-A:algo más les gustaría ordenar?', 'es-US-Wavenet-A', 'es', 8, '2025-06-22 21:14:09.330727+00', '2025-06-22 21:00:25.29734+00');
INSERT INTO private.ckn_tts_cache (tts_cache_key, tts_cache_signature, tts_cache_text, tts_cache_voice, tts_cache_language, tts_cache_usage_count, tts_cache_last_used, tts_cache_created) VALUES (439, '3b34214361648b810e2490aa3ebb343ea403c0afe250712de8d41b5e3dc9648b', 'en-US-Wavenet-E:anything else you would like to order?', 'en-US-Wavenet-E', 'en', 10, '2025-06-22 21:14:09.412389+00', '2025-06-22 20:34:07.145417+00');
INSERT INTO private.ckn_tts_cache (tts_cache_key, tts_cache_signature, tts_cache_text, tts_cache_voice, tts_cache_language, tts_cache_usage_count, tts_cache_last_used, tts_cache_created) VALUES (446, '703ce913fe278a44130dae436d8d1a4bd96da2c290778f092c072b4dce7c24f0', 'es-US-Wavenet-B:no por el momento, muchas gracias.', 'es-US-Wavenet-B', 'es', 6, '2025-06-22 21:14:09.699415+00', '2025-06-22 21:00:26.8543+00');
INSERT INTO private.ckn_tts_cache (tts_cache_key, tts_cache_signature, tts_cache_text, tts_cache_voice, tts_cache_language, tts_cache_usage_count, tts_cache_last_used, tts_cache_created) VALUES (440, 'b490f05583fa4b6e348837480817c55ab2a6e7de3a884f24da4a98048ea94f8d', 'en-US-Wavenet-D:not at the moment, thank you very much.', 'en-US-Wavenet-D', 'en', 9, '2025-06-22 21:14:09.760486+00', '2025-06-22 20:34:10.788274+00');
INSERT INTO private.ckn_tts_cache (tts_cache_key, tts_cache_signature, tts_cache_text, tts_cache_voice, tts_cache_language, tts_cache_usage_count, tts_cache_last_used, tts_cache_created) VALUES (448, 'dd561cf487fd9ce65f690a8aedf2439d3f4c00fc7d47dbe84bbc7ef4fb18218e', 'es-US-Wavenet-A:de nada, les traeré sus pedidos de inmediato.', 'es-US-Wavenet-A', 'es', 6, '2025-06-22 21:14:10.030969+00', '2025-06-22 21:00:27.767318+00');
INSERT INTO private.ckn_tts_cache (tts_cache_key, tts_cache_signature, tts_cache_text, tts_cache_voice, tts_cache_language, tts_cache_usage_count, tts_cache_last_used, tts_cache_created) VALUES (441, 'c7f7b9390185897dd1e89412d01c77af9513cebd846bdd509df947af5f1a04ec', 'en-US-Wavenet-E:you''re welcome, i''ll bring your orders right away.', 'en-US-Wavenet-E', 'en', 8, '2025-06-22 21:14:10.171881+00', '2025-06-22 20:34:15.120677+00');
INSERT INTO private.ckn_tts_cache (tts_cache_key, tts_cache_signature, tts_cache_text, tts_cache_voice, tts_cache_language, tts_cache_usage_count, tts_cache_last_used, tts_cache_created) VALUES (450, '8dff43f6581c5e06a42b2899b8960317a9b2c99b6ff46abb562fb4a84704174b', 'es-US-Wavenet-B:hola, me gustaría ordenar el plato principal.', 'es-US-Wavenet-B', 'es', 2, '2025-06-22 21:35:46.488094+00', '2025-06-22 21:35:46.488094+00');
INSERT INTO private.ckn_tts_cache (tts_cache_key, tts_cache_signature, tts_cache_text, tts_cache_voice, tts_cache_language, tts_cache_usage_count, tts_cache_last_used, tts_cache_created) VALUES (451, '6f732e649c858515cc347a124ead684e3d6505bb2dba971b75b6d684dda3ae43', 'en-US-Wavenet-D:hello, i would like to order the main course.', 'en-US-Wavenet-D', 'en', 2, '2025-06-22 21:35:46.569004+00', '2025-06-22 21:35:46.569004+00');
INSERT INTO private.ckn_tts_cache (tts_cache_key, tts_cache_signature, tts_cache_text, tts_cache_voice, tts_cache_language, tts_cache_usage_count, tts_cache_last_used, tts_cache_created) VALUES (454, 'f0366e337f70cda36290a1c45def72bd9b1254a5590c82019af3ae0b8c89627a', 'es-US-Wavenet-A:cuál es su elección?', 'es-US-Wavenet-A', 'es', 2, '2025-06-22 21:35:47.481089+00', '2025-06-22 21:35:47.481089+00');
INSERT INTO private.ckn_tts_cache (tts_cache_key, tts_cache_signature, tts_cache_text, tts_cache_voice, tts_cache_language, tts_cache_usage_count, tts_cache_last_used, tts_cache_created) VALUES (455, 'baacd10b415baf4fa18a3e5dca45f2112603fe98a16c9b1ac32e7213418d3ad3', 'en-US-Wavenet-C:what is your choice?', 'en-US-Wavenet-C', 'en', 2, '2025-06-22 21:35:47.4856+00', '2025-06-22 21:35:47.4856+00');
INSERT INTO private.ckn_tts_cache (tts_cache_key, tts_cache_signature, tts_cache_text, tts_cache_voice, tts_cache_language, tts_cache_usage_count, tts_cache_last_used, tts_cache_created) VALUES (458, '33db805a9737f2358b0506bb7748149b6777be5eec9d2e198d74b090f960513b', 'es-US-Wavenet-B:quisiera la especialidad de la casa, por favor.', 'es-US-Wavenet-B', 'es', 2, '2025-06-22 21:35:48.423247+00', '2025-06-22 21:35:48.423247+00');
INSERT INTO private.ckn_tts_cache (tts_cache_key, tts_cache_signature, tts_cache_text, tts_cache_voice, tts_cache_language, tts_cache_usage_count, tts_cache_last_used, tts_cache_created) VALUES (459, '348d2ff05f5974b95d72634ac27bcd3b084cd1131a036245e900b4f6b21ab439', 'en-US-Wavenet-D:i''d like the house specialty, please.', 'en-US-Wavenet-D', 'en', 2, '2025-06-22 21:35:48.501618+00', '2025-06-22 21:35:48.501618+00');
INSERT INTO private.ckn_tts_cache (tts_cache_key, tts_cache_signature, tts_cache_text, tts_cache_voice, tts_cache_language, tts_cache_usage_count, tts_cache_last_used, tts_cache_created) VALUES (462, '0cebc77f046ad65d4933543d9b5a54629ebd0f2616ad5ea0979d0319c487e10a', 'es-US-Wavenet-A:algo más para acompañar su comida?', 'es-US-Wavenet-A', 'es', 2, '2025-06-22 21:35:49.288677+00', '2025-06-22 21:35:49.288677+00');
INSERT INTO private.ckn_tts_cache (tts_cache_key, tts_cache_signature, tts_cache_text, tts_cache_voice, tts_cache_language, tts_cache_usage_count, tts_cache_last_used, tts_cache_created) VALUES (463, '83fb29fe91b15e2368b2102440a678c7111ef8bc4aea2b14f0a561c63f49ec41', 'en-US-Wavenet-C:anything else to accompany your meal?', 'en-US-Wavenet-C', 'en', 2, '2025-06-22 21:35:49.542283+00', '2025-06-22 21:35:49.542283+00');
INSERT INTO private.ckn_tts_cache (tts_cache_key, tts_cache_signature, tts_cache_text, tts_cache_voice, tts_cache_language, tts_cache_usage_count, tts_cache_last_used, tts_cache_created) VALUES (466, 'd896a02ce65d6c07b169c36bd95a4ea2b16b386bc316962af99f3d3f280b7f71', 'en-US-Wavenet-D:a mixed salad would be perfect, thank you.', 'en-US-Wavenet-D', 'en', 2, '2025-06-22 21:35:50.408067+00', '2025-06-22 21:35:50.408067+00');
INSERT INTO private.ckn_tts_cache (tts_cache_key, tts_cache_signature, tts_cache_text, tts_cache_voice, tts_cache_language, tts_cache_usage_count, tts_cache_last_used, tts_cache_created) VALUES (565, 'a54af37b49e11be52e01b240c61c794d4dd4e56a07448dac73aea2f78c0ef8a4', 'es-US-Wavenet-A:enseguida entonces, espero que disfrute su comida.', 'es-US-Wavenet-A', 'es', 4, '2025-06-23 19:41:04.847428+00', '2025-06-23 19:39:12.291204+00');
INSERT INTO private.ckn_tts_cache (tts_cache_key, tts_cache_signature, tts_cache_text, tts_cache_voice, tts_cache_language, tts_cache_usage_count, tts_cache_last_used, tts_cache_created) VALUES (616, 'c9fca06f4b6c7200e2977ffd4a0e421817e385574c4e00eb6645607b1c215951', 'es-US-Wavenet-B:no, por ahora estamos bien.', 'es-US-Wavenet-B', 'es', 4, '2025-06-23 21:00:41.88564+00', '2025-06-23 20:57:07.86438+00');
INSERT INTO private.ckn_tts_cache (tts_cache_key, tts_cache_signature, tts_cache_text, tts_cache_voice, tts_cache_language, tts_cache_usage_count, tts_cache_last_used, tts_cache_created) VALUES (618, '1247609c8e48d8931b658a9a592da2f524b52ae51bda0d675eb372ffec1dfc67', 'es-US-Wavenet-B:gracias por su atención.', 'es-US-Wavenet-B', 'es', 4, '2025-06-23 21:00:42.293893+00', '2025-06-23 20:57:08.699528+00');
INSERT INTO private.ckn_tts_cache (tts_cache_key, tts_cache_signature, tts_cache_text, tts_cache_voice, tts_cache_language, tts_cache_usage_count, tts_cache_last_used, tts_cache_created) VALUES (614, 'c3f88e1e222e9f8502de12f23a3cc78173204735742cfa736490d46603261f30', 'es-US-Wavenet-A:algo más en lo que pueda ayudarle?', 'es-US-Wavenet-A', 'es', 4, '2025-06-23 21:00:41.596662+00', '2025-06-23 20:57:07.067113+00');
INSERT INTO private.ckn_tts_cache (tts_cache_key, tts_cache_signature, tts_cache_text, tts_cache_voice, tts_cache_language, tts_cache_usage_count, tts_cache_last_used, tts_cache_created) VALUES (596, '2fb6120892cc4b59054f56269d18fb3a0730462e5fa1d275d4d759d98aaffed4', 'es-US-Wavenet-B:¿podría ver el menú, por favor?', 'es-US-Wavenet-B', 'es', 10, '2025-06-24 21:15:22.719343+00', '2025-06-23 20:56:58.65179+00');
INSERT INTO private.ckn_tts_cache (tts_cache_key, tts_cache_signature, tts_cache_text, tts_cache_voice, tts_cache_language, tts_cache_usage_count, tts_cache_last_used, tts_cache_created) VALUES (476, '3170a0374593ca13910f5399aa279e3d75ea3d843a9c9a6d8c81eae80df29981', 'es-US-Wavenet-A:aquí lo tiene.', 'es-US-Wavenet-A', 'es', 12, '2025-06-24 01:48:48.951626+00', '2025-06-22 21:36:52.541415+00');
INSERT INTO private.ckn_tts_cache (tts_cache_key, tts_cache_signature, tts_cache_text, tts_cache_voice, tts_cache_language, tts_cache_usage_count, tts_cache_last_used, tts_cache_created) VALUES (568, 'ff69d627cfde6912a88cc18807957fbff33e92c980405137c9a38a03a85277be', 'es-US-Wavenet-B:¿tienen alguna recomendación especial para hoy?', 'es-US-Wavenet-B', 'es', 4, '2025-06-23 19:50:10.568662+00', '2025-06-23 19:41:30.819816+00');
INSERT INTO private.ckn_tts_cache (tts_cache_key, tts_cache_signature, tts_cache_text, tts_cache_voice, tts_cache_language, tts_cache_usage_count, tts_cache_last_used, tts_cache_created) VALUES (578, 'a5023f2eb07a3646a7e7841df34b6d0eca5bb9f295be97847815860dbc3d4f71', 'es-US-Wavenet-B:¿puedo pagar en efectivo al finalizar?', 'es-US-Wavenet-B', 'es', 4, '2025-06-23 19:50:12.955958+00', '2025-06-23 19:41:35.666281+00');
INSERT INTO private.ckn_tts_cache (tts_cache_key, tts_cache_signature, tts_cache_text, tts_cache_voice, tts_cache_language, tts_cache_usage_count, tts_cache_last_used, tts_cache_created) VALUES (580, '5670312eb757d6bb57c36d8cb3262a7db5cf44681f480eda9d99e5337ccd39ff', 'es-US-Wavenet-A:sí, claro, aceptamos efectivo y tarjeta de crédito.', 'es-US-Wavenet-A', 'es', 4, '2025-06-23 19:50:13.258008+00', '2025-06-23 19:41:36.504862+00');
INSERT INTO private.ckn_tts_cache (tts_cache_key, tts_cache_signature, tts_cache_text, tts_cache_voice, tts_cache_language, tts_cache_usage_count, tts_cache_last_used, tts_cache_created) VALUES (549, 'd7b9934ad6a5b2495760b6c31fd926e87d8f7ff5cc5950d5a14632c90b21b766', 'es-US-Wavenet-B:solo eso por ahora.', 'es-US-Wavenet-B', 'es', 6, '2025-06-23 19:38:19.022918+00', '2025-06-23 19:31:53.071211+00');
INSERT INTO private.ckn_tts_cache (tts_cache_key, tts_cache_signature, tts_cache_text, tts_cache_voice, tts_cache_language, tts_cache_usage_count, tts_cache_last_used, tts_cache_created) VALUES (582, '15f24a21ced1c183b404391ccae2bdd2784af77a87b0b08a0d886b97acc97052', 'es-US-Wavenet-B:perfecto, gracias por la información.', 'es-US-Wavenet-B', 'es', 4, '2025-06-23 19:50:13.599754+00', '2025-06-23 19:41:37.249869+00');
INSERT INTO private.ckn_tts_cache (tts_cache_key, tts_cache_signature, tts_cache_text, tts_cache_voice, tts_cache_language, tts_cache_usage_count, tts_cache_last_used, tts_cache_created) VALUES (551, '9ce2e933a329d26c10bd17e4abb1322d4a71f14f8d1a54d7e6c578c0b8aa3d5a', 'es-US-Wavenet-A:está bien, les traeré sus bebidas enseguida.', 'es-US-Wavenet-A', 'es', 6, '2025-06-23 19:38:19.36071+00', '2025-06-23 19:31:54.044972+00');
INSERT INTO private.ckn_tts_cache (tts_cache_key, tts_cache_signature, tts_cache_text, tts_cache_voice, tts_cache_language, tts_cache_usage_count, tts_cache_last_used, tts_cache_created) VALUES (521, '4a1db9155eb86e23f8665c16dd8ef47a11453e7e15005d90d838e2d8d3213c26', 'es-US-Wavenet-A:¡es deliciosa!', 'es-US-Wavenet-A', 'es', 14, '2025-06-24 01:48:51.743107+00', '2025-06-23 19:23:57.942616+00');
INSERT INTO private.ckn_tts_cache (tts_cache_key, tts_cache_signature, tts_cache_text, tts_cache_voice, tts_cache_language, tts_cache_usage_count, tts_cache_last_used, tts_cache_created) VALUES (555, '8785349c897623735f05a0400b2557b4e803af5a032898fe98f2816638f473a6', 'es-US-Wavenet-B:quisiera pedir la paella mixta como plato principal.', 'es-US-Wavenet-B', 'es', 4, '2025-06-23 19:41:02.982348+00', '2025-06-23 19:39:07.271439+00');
INSERT INTO private.ckn_tts_cache (tts_cache_key, tts_cache_signature, tts_cache_text, tts_cache_voice, tts_cache_language, tts_cache_usage_count, tts_cache_last_used, tts_cache_created) VALUES (698, '19328a7d1d9e2048df45eb8bd4c67a115e0d970cfafbc6fa02f44b1436d2656c', 'es-US-Wavenet-A:¡que aproveche su comida!', 'es-US-Wavenet-A', 'es', 3, '2025-06-24 21:15:31.121778+00', '2025-06-24 21:15:31.029826+00');
INSERT INTO private.ckn_tts_cache (tts_cache_key, tts_cache_signature, tts_cache_text, tts_cache_voice, tts_cache_language, tts_cache_usage_count, tts_cache_last_used, tts_cache_created) VALUES (563, 'c6a10e6ed5ecb4cdaee58124aeba92cb1579d0a3bd31d6b8f061f407bbca4787', 'es-US-Wavenet-B:un vaso de agua está bien por ahora, gracias.', 'es-US-Wavenet-B', 'es', 3, '2025-06-23 19:41:04.375911+00', '2025-06-23 19:39:11.419793+00');
INSERT INTO private.ckn_tts_cache (tts_cache_key, tts_cache_signature, tts_cache_text, tts_cache_voice, tts_cache_language, tts_cache_usage_count, tts_cache_last_used, tts_cache_created) VALUES (561, 'ae00b8d6f03ebcfc87db9e3c756293e5f88f687d0bb164c490f2d60bbdcb53e8', 'es-US-Wavenet-A:¿desea un refresco o prefiere vino o cerveza?', 'es-US-Wavenet-A', 'es', 4, '2025-06-23 19:41:04.420247+00', '2025-06-23 19:39:10.416364+00');
INSERT INTO private.ckn_tts_cache (tts_cache_key, tts_cache_signature, tts_cache_text, tts_cache_voice, tts_cache_language, tts_cache_usage_count, tts_cache_last_used, tts_cache_created) VALUES (474, '0a48e38508431f011b59724eaa68bce30c99db826022de8f2809a10ec4427de9', 'en-US-Wavenet-E:clear!', 'en-US-Wavenet-E', 'en', 8, '2025-06-23 10:26:09.306609+00', '2025-06-22 21:36:52.166516+00');
INSERT INTO private.ckn_tts_cache (tts_cache_key, tts_cache_signature, tts_cache_text, tts_cache_voice, tts_cache_language, tts_cache_usage_count, tts_cache_last_used, tts_cache_created) VALUES (478, '72b49af6742e241868e57205a866ea1064747dbb6d405c11120b90d6cd09c583', 'en-US-Wavenet-E:here you have it.', 'en-US-Wavenet-E', 'en', 8, '2025-06-23 10:26:09.799463+00', '2025-06-22 21:36:53.055205+00');
INSERT INTO private.ckn_tts_cache (tts_cache_key, tts_cache_signature, tts_cache_text, tts_cache_voice, tts_cache_language, tts_cache_usage_count, tts_cache_last_used, tts_cache_created) VALUES (480, 'a3b3e8884c90b25d40987b30110819ddae8a4bc4cdc302dae7f6e46b63230dba', 'es-US-Wavenet-A:ya sabes qué vas a pedir?', 'es-US-Wavenet-A', 'es', 8, '2025-06-23 10:26:10.23767+00', '2025-06-22 21:36:53.576192+00');
INSERT INTO private.ckn_tts_cache (tts_cache_key, tts_cache_signature, tts_cache_text, tts_cache_voice, tts_cache_language, tts_cache_usage_count, tts_cache_last_used, tts_cache_created) VALUES (486, '4e802d51ec4ec312e4b1b5c24d203825ab4485920a0c3880bf71753a685caddb', 'en-US-Wavenet-F:yes, i''m going to order the mixed paella.', 'en-US-Wavenet-F', 'en', 8, '2025-06-23 10:26:10.603514+00', '2025-06-22 21:36:54.963553+00');
INSERT INTO private.ckn_tts_cache (tts_cache_key, tts_cache_signature, tts_cache_text, tts_cache_voice, tts_cache_language, tts_cache_usage_count, tts_cache_last_used, tts_cache_created) VALUES (553, '94c3896bd9d128c5d102aa28ae26c1811355c8b2ed4df8f593665ce282ac9eac', 'es-US-Wavenet-B:¿me podría dar el menú, por favor?', 'es-US-Wavenet-B', 'es', 4, '2025-06-23 19:41:02.438039+00', '2025-06-23 19:39:06.34392+00');
INSERT INTO private.ckn_tts_cache (tts_cache_key, tts_cache_signature, tts_cache_text, tts_cache_voice, tts_cache_language, tts_cache_usage_count, tts_cache_last_used, tts_cache_created) VALUES (484, '386307c453399776d34a7e6030c4f8ec7c6de58fa364c66a991081e7c1277b7e', 'es-US-Wavenet-B:sí, voy a ordenar la paella mixta.', 'es-US-Wavenet-B', 'es', 7, '2025-06-23 10:26:10.692325+00', '2025-06-22 21:36:54.531035+00');
INSERT INTO private.ckn_tts_cache (tts_cache_key, tts_cache_signature, tts_cache_text, tts_cache_voice, tts_cache_language, tts_cache_usage_count, tts_cache_last_used, tts_cache_created) VALUES (517, 'b9f0b2eba1c3fb411ac0a209d87a3d7b87f586f87f02d128a7e8362161d677af', 'es-US-Wavenet-B:¿cuál es la especialidad de la casa?', 'es-US-Wavenet-B', 'es', 10, '2025-06-23 19:28:50.566682+00', '2025-06-23 19:23:57.01263+00');
INSERT INTO private.ckn_tts_cache (tts_cache_key, tts_cache_signature, tts_cache_text, tts_cache_voice, tts_cache_language, tts_cache_usage_count, tts_cache_last_used, tts_cache_created) VALUES (557, '7a182e3da0394ade8cad062a632f055be1d9fecca924c81e546e19a5553e21b6', 'es-US-Wavenet-A:¿algo más para acompañar la comida?', 'es-US-Wavenet-A', 'es', 4, '2025-06-23 19:41:03.383254+00', '2025-06-23 19:39:08.454236+00');
INSERT INTO private.ckn_tts_cache (tts_cache_key, tts_cache_signature, tts_cache_text, tts_cache_voice, tts_cache_language, tts_cache_usage_count, tts_cache_last_used, tts_cache_created) VALUES (519, '145034cc4fceb3c52aa54a30d8652cec97dfb802b6c3fbfcc77fc90817c91488', 'en-US-Wavenet-D:what is the specialty of the house?', 'en-US-Wavenet-D', 'en', 10, '2025-06-23 19:28:50.680561+00', '2025-06-23 19:23:57.055776+00');
INSERT INTO private.ckn_tts_cache (tts_cache_key, tts_cache_signature, tts_cache_text, tts_cache_voice, tts_cache_language, tts_cache_usage_count, tts_cache_last_used, tts_cache_created) VALUES (490, '61ff08f6c7df2434cfc05812722ddd51be529f18df9ae7f0497ece3766303145', 'en-US-Wavenet-F:do you have orange juice?', 'en-US-Wavenet-F', 'en', 6, '2025-06-23 10:26:10.91554+00', '2025-06-22 21:36:55.833411+00');
INSERT INTO private.ckn_tts_cache (tts_cache_key, tts_cache_signature, tts_cache_text, tts_cache_voice, tts_cache_language, tts_cache_usage_count, tts_cache_last_used, tts_cache_created) VALUES (498, '8cb16481d6d9831f05cc3902e91c057a3218ad00bc5d84f017926553323e0b4f', 'en-US-Wavenet-E:anything else you''d like to add to your order?', 'en-US-Wavenet-E', 'en', 8, '2025-06-23 10:26:11.673616+00', '2025-06-22 21:36:57.397258+00');
INSERT INTO private.ckn_tts_cache (tts_cache_key, tts_cache_signature, tts_cache_text, tts_cache_voice, tts_cache_language, tts_cache_usage_count, tts_cache_last_used, tts_cache_created) VALUES (559, '55e22e6c3846d6008b310019497278aee0d0df0814d67a62c8b6f2999dfd0f34', 'es-US-Wavenet-B:sí, una ensalada de la casa estaría bien, gracias.', 'es-US-Wavenet-B', 'es', 4, '2025-06-23 19:41:03.846685+00', '2025-06-23 19:39:09.44216+00');
INSERT INTO private.ckn_tts_cache (tts_cache_key, tts_cache_signature, tts_cache_text, tts_cache_voice, tts_cache_language, tts_cache_usage_count, tts_cache_last_used, tts_cache_created) VALUES (502, 'b5c8b6e4cef8fd2fe8b8ba0287ec1f32b2197cad33b2a8218cecf4c9e110bd2a', 'en-US-Wavenet-F:no, that''s all for now.', 'en-US-Wavenet-F', 'en', 8, '2025-06-23 10:26:12.147233+00', '2025-06-22 21:36:58.12401+00');
INSERT INTO private.ckn_tts_cache (tts_cache_key, tts_cache_signature, tts_cache_text, tts_cache_voice, tts_cache_language, tts_cache_usage_count, tts_cache_last_used, tts_cache_created) VALUES (525, 'e2dac1ca4eaea1da71407e79b861a360332e9e3234510d3c7543986203ae124d', 'es-US-Wavenet-B:perfecto, me gustaría ordenar un plato de paella, por favor.', 'es-US-Wavenet-B', 'es', 10, '2025-06-23 19:28:51.390632+00', '2025-06-23 19:23:58.823519+00');
INSERT INTO private.ckn_tts_cache (tts_cache_key, tts_cache_signature, tts_cache_text, tts_cache_voice, tts_cache_language, tts_cache_usage_count, tts_cache_last_used, tts_cache_created) VALUES (523, 'f7b1ab19a3205bf04fb895e002ac8c8b48d1a771944225ca3f443d9ed4a738ea', 'en-US-Wavenet-E:it''s delicious!', 'en-US-Wavenet-E', 'en', 10, '2025-06-23 19:28:51.429291+00', '2025-06-23 19:23:58.122113+00');
INSERT INTO private.ckn_tts_cache (tts_cache_key, tts_cache_signature, tts_cache_text, tts_cache_voice, tts_cache_language, tts_cache_usage_count, tts_cache_last_used, tts_cache_created) VALUES (506, 'bc34e6f339657871c9da425844521143f101d0dd933f08f0b0616fd503c24dfb', 'en-US-Wavenet-F:could you bring me a spoon too?', 'en-US-Wavenet-F', 'en', 8, '2025-06-23 10:26:12.527755+00', '2025-06-22 21:36:58.953093+00');
INSERT INTO private.ckn_tts_cache (tts_cache_key, tts_cache_signature, tts_cache_text, tts_cache_voice, tts_cache_language, tts_cache_usage_count, tts_cache_last_used, tts_cache_created) VALUES (529, '1c4f1b54b3919884875a9f31d358370aaa19a0a3f69cb924769eae9ed2c66232', 'es-US-Wavenet-A:¿algo más para acompañar su comida?', 'es-US-Wavenet-A', 'es', 10, '2025-06-23 19:28:51.783414+00', '2025-06-23 19:23:59.67654+00');
INSERT INTO private.ckn_tts_cache (tts_cache_key, tts_cache_signature, tts_cache_text, tts_cache_voice, tts_cache_language, tts_cache_usage_count, tts_cache_last_used, tts_cache_created) VALUES (504, '434f5e542167dcb16c5ab832a5374d6185f49438dd0a2c25ae0c1916bb380d69', 'es-US-Wavenet-B:podría traerme también una cuchara?', 'es-US-Wavenet-B', 'es', 8, '2025-06-23 10:26:12.680392+00', '2025-06-22 21:36:58.659539+00');
INSERT INTO private.ckn_tts_cache (tts_cache_key, tts_cache_signature, tts_cache_text, tts_cache_voice, tts_cache_language, tts_cache_usage_count, tts_cache_last_used, tts_cache_created) VALUES (510, 'e7db9485b1e08563f89c0912192449b1d04662c7b0f910e5135a9009b496f83f', 'en-US-Wavenet-E:sure, right away.', 'en-US-Wavenet-E', 'en', 8, '2025-06-23 10:26:12.865717+00', '2025-06-22 21:36:59.797017+00');
INSERT INTO private.ckn_tts_cache (tts_cache_key, tts_cache_signature, tts_cache_text, tts_cache_voice, tts_cache_language, tts_cache_usage_count, tts_cache_last_used, tts_cache_created) VALUES (507, '74732c4d03f61f14c232cfdab32dabdae97dd1062256614d0e7e7abca81a8597', 'es-US-Wavenet-A:claro, enseguida.', 'es-US-Wavenet-A', 'es', 8, '2025-06-23 10:26:12.978014+00', '2025-06-22 21:36:59.498757+00');
INSERT INTO private.ckn_tts_cache (tts_cache_key, tts_cache_signature, tts_cache_text, tts_cache_voice, tts_cache_language, tts_cache_usage_count, tts_cache_last_used, tts_cache_created) VALUES (514, '24d0052d9cf1b8a0c2074fe2097a261e9508dbf5f5a0de945b5e4e5e25a1c45f', 'en-US-Wavenet-E:do you want something else?', 'en-US-Wavenet-E', 'en', 8, '2025-06-23 10:26:13.267766+00', '2025-06-22 21:37:00.60803+00');
INSERT INTO private.ckn_tts_cache (tts_cache_key, tts_cache_signature, tts_cache_text, tts_cache_voice, tts_cache_language, tts_cache_usage_count, tts_cache_last_used, tts_cache_created) VALUES (512, '7c3250393fccee5cb77c615a19d053046d89d8ef82f85a2a389331265b785adc', 'es-US-Wavenet-A:deseas algo más?', 'es-US-Wavenet-A', 'es', 8, '2025-06-23 10:26:13.391851+00', '2025-06-22 21:37:00.445234+00');
INSERT INTO private.ckn_tts_cache (tts_cache_key, tts_cache_signature, tts_cache_text, tts_cache_voice, tts_cache_language, tts_cache_usage_count, tts_cache_last_used, tts_cache_created) VALUES (467, '259c089679aff6a4f9c3f626d6e6c947aa751eb97f3edbf48f56d4495fe96c34', 'es-US-Wavenet-B:una ensalada mixta sería perfecta, gracias.', 'es-US-Wavenet-B', 'es', 2, '2025-06-22 21:35:50.481775+00', '2025-06-22 21:35:50.481775+00');
INSERT INTO private.ckn_tts_cache (tts_cache_key, tts_cache_signature, tts_cache_text, tts_cache_voice, tts_cache_language, tts_cache_usage_count, tts_cache_last_used, tts_cache_created) VALUES (567, 'e183531c995bb90279c8fc505c08c2f2d752cd6c7a8d3160dff15fe1fe0363f7', 'es-US-Wavenet-B:gracias, estoy seguro de que estará deliciosa.', 'es-US-Wavenet-B', 'es', 5, '2025-06-23 19:41:05.229349+00', '2025-06-23 19:39:13.175803+00');
INSERT INTO private.ckn_tts_cache (tts_cache_key, tts_cache_signature, tts_cache_text, tts_cache_voice, tts_cache_language, tts_cache_usage_count, tts_cache_last_used, tts_cache_created) VALUES (541, '0d7df35dc9ca351549390d1c4611b18c708f3fc8cfd93f37492231bdb3a37a37', 'es-US-Wavenet-A:¿ya saben qué van a pedir de comer?', 'es-US-Wavenet-A', 'es', 6, '2025-06-23 19:38:16.991001+00', '2025-06-23 19:31:49.153358+00');
INSERT INTO private.ckn_tts_cache (tts_cache_key, tts_cache_signature, tts_cache_text, tts_cache_voice, tts_cache_language, tts_cache_usage_count, tts_cache_last_used, tts_cache_created) VALUES (620, '7bdd30c6af34123a90e092c397c14b538fc34874b4630159d1b81b9dd7f62ed4', 'es-US-Wavenet-B:¿podría darme el menú, por favor?', 'es-US-Wavenet-B', 'es', 8, '2025-06-24 01:35:38.330575+00', '2025-06-23 22:05:30.893445+00');
INSERT INTO private.ckn_tts_cache (tts_cache_key, tts_cache_signature, tts_cache_text, tts_cache_voice, tts_cache_language, tts_cache_usage_count, tts_cache_last_used, tts_cache_created) VALUES (598, '66bb12cc9c0fd31452f07438e9952c449898a6dd0e0776477c728b1c62e5f830', 'es-US-Wavenet-A:claro, aquí tiene.', 'es-US-Wavenet-A', 'es', 12, '2025-06-24 01:35:38.922448+00', '2025-06-23 20:56:59.599289+00');
INSERT INTO private.ckn_tts_cache (tts_cache_key, tts_cache_signature, tts_cache_text, tts_cache_voice, tts_cache_language, tts_cache_usage_count, tts_cache_last_used, tts_cache_created) VALUES (543, '423582ea0f8a1156afe1f06f8c6e44569d230aa73f6bd6a9483375805d37edaf', 'es-US-Wavenet-B:sí, de entrada una ensalada mixta y como plato principal la paella.', 'es-US-Wavenet-B', 'es', 6, '2025-06-23 19:38:17.42003+00', '2025-06-23 19:31:50.279539+00');
INSERT INTO private.ckn_tts_cache (tts_cache_key, tts_cache_signature, tts_cache_text, tts_cache_voice, tts_cache_language, tts_cache_usage_count, tts_cache_last_used, tts_cache_created) VALUES (622, 'f66842c4aee6215b4354679c105f707b4f52bdf40845ce50da102e436617c58b', 'es-US-Wavenet-A:le gustaría empezar con un aperitivo?', 'es-US-Wavenet-A', 'es', 8, '2025-06-24 01:35:39.364207+00', '2025-06-23 22:05:32.73002+00');
INSERT INTO private.ckn_tts_cache (tts_cache_key, tts_cache_signature, tts_cache_text, tts_cache_voice, tts_cache_language, tts_cache_usage_count, tts_cache_last_used, tts_cache_created) VALUES (600, '1402fda91abbddde1d429a237ba5e1aab9f186bf5fc22667dd490699cfac81ca', 'es-US-Wavenet-A:ya sabe qué plato principal le gustaría ordenar?', 'es-US-Wavenet-A', 'es', 4, '2025-06-23 21:00:38.5575+00', '2025-06-23 20:57:00.56222+00');
INSERT INTO private.ckn_tts_cache (tts_cache_key, tts_cache_signature, tts_cache_text, tts_cache_voice, tts_cache_language, tts_cache_usage_count, tts_cache_last_used, tts_cache_created) VALUES (602, 'cd389005055e22df50c57bb1b8f271bfbbe1e3dcf44e2bde0701684458fb3e10', 'es-US-Wavenet-B:me gustaría pedir la paella mixta, por favor.', 'es-US-Wavenet-B', 'es', 4, '2025-06-23 21:00:38.964605+00', '2025-06-23 20:57:01.483813+00');
INSERT INTO private.ckn_tts_cache (tts_cache_key, tts_cache_signature, tts_cache_text, tts_cache_voice, tts_cache_language, tts_cache_usage_count, tts_cache_last_used, tts_cache_created) VALUES (624, 'f39c993ce4e8e5a020818b2fb42c6d519722d9399807e78ad0106dd478bfeb12', 'es-US-Wavenet-B:sí, me gustaría pedir un café, por favor.', 'es-US-Wavenet-B', 'es', 8, '2025-06-24 01:35:39.691843+00', '2025-06-23 22:05:33.856286+00');
INSERT INTO private.ckn_tts_cache (tts_cache_key, tts_cache_signature, tts_cache_text, tts_cache_voice, tts_cache_language, tts_cache_usage_count, tts_cache_last_used, tts_cache_created) VALUES (604, 'bcdc98c7822d84cab5ab822f4c75a1e54b84ac326e1598d2dd29d97032bd1ef6', 'es-US-Wavenet-A:una excelente elección!', 'es-US-Wavenet-A', 'es', 4, '2025-06-23 21:00:39.45357+00', '2025-06-23 20:57:02.302428+00');
INSERT INTO private.ckn_tts_cache (tts_cache_key, tts_cache_signature, tts_cache_text, tts_cache_voice, tts_cache_language, tts_cache_usage_count, tts_cache_last_used, tts_cache_created) VALUES (606, 'c5b28186e6fc27c86eb64b2b90b752622dc6f08b8ddbb64ac8c0a488f2f85c06', 'es-US-Wavenet-A:¿desea acompañarla con alguna bebida?', 'es-US-Wavenet-A', 'es', 4, '2025-06-23 21:00:39.886536+00', '2025-06-23 20:57:03.383235+00');
INSERT INTO private.ckn_tts_cache (tts_cache_key, tts_cache_signature, tts_cache_text, tts_cache_voice, tts_cache_language, tts_cache_usage_count, tts_cache_last_used, tts_cache_created) VALUES (570, '4045d0f3dd1e78ae8effe4cd33a96c789d116afe725e1899b0ba84efa7feacfa', 'es-US-Wavenet-A:sí, hoy nuestro chef recomienda probar la paella mixta.', 'es-US-Wavenet-A', 'es', 4, '2025-06-23 19:50:11.082163+00', '2025-06-23 19:41:31.717553+00');
INSERT INTO private.ckn_tts_cache (tts_cache_key, tts_cache_signature, tts_cache_text, tts_cache_voice, tts_cache_language, tts_cache_usage_count, tts_cache_last_used, tts_cache_created) VALUES (545, '3548c909f2614fff87ad92f2461351eb226c136f430d3b3a175118767d155eb0', 'es-US-Wavenet-A:excelente elección!', 'es-US-Wavenet-A', 'es', 13, '2025-06-24 01:35:42.777713+00', '2025-06-23 19:31:51.121009+00');
INSERT INTO private.ckn_tts_cache (tts_cache_key, tts_cache_signature, tts_cache_text, tts_cache_voice, tts_cache_language, tts_cache_usage_count, tts_cache_last_used, tts_cache_created) VALUES (572, '421d6eea889038f325325a2a0fbb874dc4fd189db3196fec9685025cb2f3e339', 'es-US-Wavenet-B:excelente, voy a querer eso.', 'es-US-Wavenet-B', 'es', 4, '2025-06-23 19:50:11.493979+00', '2025-06-23 19:41:32.669589+00');
INSERT INTO private.ckn_tts_cache (tts_cache_key, tts_cache_signature, tts_cache_text, tts_cache_voice, tts_cache_language, tts_cache_usage_count, tts_cache_last_used, tts_cache_created) VALUES (526, 'eaa381903d03aa377b3fb955149973ddf5acbaa18712add21abdd4248ea0ea00', 'en-US-Wavenet-D:perfect, i''d like to order a plate of paella, please.', 'en-US-Wavenet-D', 'en', 9, '2025-06-23 19:28:51.484189+00', '2025-06-23 19:23:58.939023+00');
INSERT INTO private.ckn_tts_cache (tts_cache_key, tts_cache_signature, tts_cache_text, tts_cache_voice, tts_cache_language, tts_cache_usage_count, tts_cache_last_used, tts_cache_created) VALUES (470, '401eb838317a070cdfd550069b60a3461c607baa8f1aad7131250e0d0c88c1f9', 'es-US-Wavenet-B:me podría dar el menú, por favor?', 'es-US-Wavenet-B', 'es', 8, '2025-06-23 10:26:08.727092+00', '2025-06-22 21:36:51.206759+00');
INSERT INTO private.ckn_tts_cache (tts_cache_key, tts_cache_signature, tts_cache_text, tts_cache_voice, tts_cache_language, tts_cache_usage_count, tts_cache_last_used, tts_cache_created) VALUES (472, '04eca096b225f5626abbc783b4d5df8569c3fbc577b18d99c206854b6511445d', 'en-US-Wavenet-F:could you give me the menu, please?', 'en-US-Wavenet-F', 'en', 8, '2025-06-23 10:26:08.743516+00', '2025-06-22 21:36:51.380437+00');
INSERT INTO private.ckn_tts_cache (tts_cache_key, tts_cache_signature, tts_cache_text, tts_cache_voice, tts_cache_language, tts_cache_usage_count, tts_cache_last_used, tts_cache_created) VALUES (608, '45dae37ad9aac0ae6cf39a2fb7a57bddaacc5b0c8d49b16e7426ed41c6103654', 'es-US-Wavenet-B:sí, una cerveza estaría bien.', 'es-US-Wavenet-B', 'es', 4, '2025-06-23 21:00:40.20535+00', '2025-06-23 20:57:04.29422+00');
INSERT INTO private.ckn_tts_cache (tts_cache_key, tts_cache_signature, tts_cache_text, tts_cache_voice, tts_cache_language, tts_cache_usage_count, tts_cache_last_used, tts_cache_created) VALUES (482, '105a42d9b20e2bd6632e459e604f1c6563e7539e2adc6e287302f9c20eaedc85', 'en-US-Wavenet-E:do you already know what you''re going to order?', 'en-US-Wavenet-E', 'en', 8, '2025-06-23 10:26:10.204971+00', '2025-06-22 21:36:54.000214+00');
INSERT INTO private.ckn_tts_cache (tts_cache_key, tts_cache_signature, tts_cache_text, tts_cache_voice, tts_cache_language, tts_cache_usage_count, tts_cache_last_used, tts_cache_created) VALUES (530, 'a5427066ae1492199c261aac245f0850e3e4c1e5c1073f04c08b4ae2877a04f3', 'en-US-Wavenet-E:anything else to go with your meal?', 'en-US-Wavenet-E', 'en', 10, '2025-06-23 19:28:51.948424+00', '2025-06-23 19:23:59.714398+00');
INSERT INTO private.ckn_tts_cache (tts_cache_key, tts_cache_signature, tts_cache_text, tts_cache_voice, tts_cache_language, tts_cache_usage_count, tts_cache_last_used, tts_cache_created) VALUES (574, '8489bbfbb2c3d337ff3e5e5e65a8f10c94a6a31c6631115633da166267678166', 'es-US-Wavenet-B:¿puedo tener también una servilleta?', 'es-US-Wavenet-B', 'es', 4, '2025-06-23 19:50:11.817816+00', '2025-06-23 19:41:33.650257+00');
INSERT INTO private.ckn_tts_cache (tts_cache_key, tts_cache_signature, tts_cache_text, tts_cache_voice, tts_cache_language, tts_cache_usage_count, tts_cache_last_used, tts_cache_created) VALUES (576, 'b46c9553e2e7e6152bb31851c49a840a492355c5e09b85ffb5612cd29027f44c', 'es-US-Wavenet-A:por supuesto, enseguida se la traigo.', 'es-US-Wavenet-A', 'es', 4, '2025-06-23 19:50:12.207379+00', '2025-06-23 19:41:34.47244+00');
INSERT INTO private.ckn_tts_cache (tts_cache_key, tts_cache_signature, tts_cache_text, tts_cache_voice, tts_cache_language, tts_cache_usage_count, tts_cache_last_used, tts_cache_created) VALUES (488, '86aacafa6a8c2f873bea024bd40d23d3f533234882a7cd1db85cf710d76cec09', 'es-US-Wavenet-B:tienen jugo de naranja?', 'es-US-Wavenet-B', 'es', 6, '2025-06-23 10:26:11.093742+00', '2025-06-22 21:36:55.271074+00');
INSERT INTO private.ckn_tts_cache (tts_cache_key, tts_cache_signature, tts_cache_text, tts_cache_voice, tts_cache_language, tts_cache_usage_count, tts_cache_last_used, tts_cache_created) VALUES (537, '54de8b30acaf8bb2d5ef176b264f55314a3fbe7ff49089bda0141af080016e4e', 'es-US-Wavenet-A:les gustaría algo de beber?', 'es-US-Wavenet-A', 'es', 6, '2025-06-23 19:38:16.206816+00', '2025-06-23 19:31:47.18891+00');
INSERT INTO private.ckn_tts_cache (tts_cache_key, tts_cache_signature, tts_cache_text, tts_cache_voice, tts_cache_language, tts_cache_usage_count, tts_cache_last_used, tts_cache_created) VALUES (610, 'e56c56206e406d56123682a56abd7d3f03f5b24d270428c21449a1f1d35e1082', 'es-US-Wavenet-A:perfecto.', 'es-US-Wavenet-A', 'es', 4, '2025-06-23 21:00:40.927864+00', '2025-06-23 20:57:05.500191+00');
INSERT INTO private.ckn_tts_cache (tts_cache_key, tts_cache_signature, tts_cache_text, tts_cache_voice, tts_cache_language, tts_cache_usage_count, tts_cache_last_used, tts_cache_created) VALUES (539, '05d47d1c222f2bced9016796d63f12125e5ebd21b1b285dea9182a0e2b750628', 'es-US-Wavenet-B:dos jugos de naranja, por favor.', 'es-US-Wavenet-B', 'es', 6, '2025-06-23 19:38:16.640086+00', '2025-06-23 19:31:48.226841+00');
INSERT INTO private.ckn_tts_cache (tts_cache_key, tts_cache_signature, tts_cache_text, tts_cache_voice, tts_cache_language, tts_cache_usage_count, tts_cache_last_used, tts_cache_created) VALUES (494, '30b82900ac8fa338a955cfd94a351d2289f96590b1918d623a143a8cf75ec50d', 'en-US-Wavenet-E:yes, we have natural orange juice.', 'en-US-Wavenet-E', 'en', 8, '2025-06-23 10:26:11.328344+00', '2025-06-22 21:36:56.587022+00');
INSERT INTO private.ckn_tts_cache (tts_cache_key, tts_cache_signature, tts_cache_text, tts_cache_voice, tts_cache_language, tts_cache_usage_count, tts_cache_last_used, tts_cache_created) VALUES (612, 'e4184753629fe8527cb7ec9c7b67bb60558beb5b9a85e9918cec87b17eb8d43f', 'es-US-Wavenet-A:enseguida le traigo su pedido!', 'es-US-Wavenet-A', 'es', 4, '2025-06-23 21:00:41.260696+00', '2025-06-23 20:57:06.319477+00');
INSERT INTO private.ckn_tts_cache (tts_cache_key, tts_cache_signature, tts_cache_text, tts_cache_voice, tts_cache_language, tts_cache_usage_count, tts_cache_last_used, tts_cache_created) VALUES (492, 'bf6f2de9deea24ab53149418bf66c9282b43cc8cfcc35d06dc396212d3f1d612', 'es-US-Wavenet-A:sí, tenemos jugo de naranja natural.', 'es-US-Wavenet-A', 'es', 7, '2025-06-23 10:26:11.479974+00', '2025-06-22 21:36:56.05577+00');
INSERT INTO private.ckn_tts_cache (tts_cache_key, tts_cache_signature, tts_cache_text, tts_cache_voice, tts_cache_language, tts_cache_usage_count, tts_cache_last_used, tts_cache_created) VALUES (496, '7280a6a5b98bae54f334f3d8bee08e0536908713fd27600be1a4a88a68c32570', 'es-US-Wavenet-A:algo más que desees añadir a tu pedido?', 'es-US-Wavenet-A', 'es', 8, '2025-06-23 10:26:11.937465+00', '2025-06-22 21:36:56.960928+00');
INSERT INTO private.ckn_tts_cache (tts_cache_key, tts_cache_signature, tts_cache_text, tts_cache_voice, tts_cache_language, tts_cache_usage_count, tts_cache_last_used, tts_cache_created) VALUES (500, '238943be5f78d6c6458665ca8316e56625ed00b0c46a495b022276628b1cf14e', 'es-US-Wavenet-B:no, por ahora eso es todo.', 'es-US-Wavenet-B', 'es', 8, '2025-06-23 10:26:12.330556+00', '2025-06-22 21:36:57.920499+00');
INSERT INTO private.ckn_tts_cache (tts_cache_key, tts_cache_signature, tts_cache_text, tts_cache_voice, tts_cache_language, tts_cache_usage_count, tts_cache_last_used, tts_cache_created) VALUES (635, '6e9b7763e378e5f72829d17c14c971bc77ed60aca4a4b768f3a4efde971c0696', 'es-US-Wavenet-B:suena muy bien.', 'es-US-Wavenet-B', 'es', 6, '2025-06-24 01:39:10.64861+00', '2025-06-24 01:36:34.510736+00');
INSERT INTO private.ckn_tts_cache (tts_cache_key, tts_cache_signature, tts_cache_text, tts_cache_voice, tts_cache_language, tts_cache_usage_count, tts_cache_last_used, tts_cache_created) VALUES (637, '54fb41b5d033e73b769c2446388b727e7a809b1807cabce0e2769a67f1e290e4', 'es-US-Wavenet-B:voy a ordenar eso, por favor.', 'es-US-Wavenet-B', 'es', 6, '2025-06-24 01:39:11.05127+00', '2025-06-24 01:36:35.468624+00');
INSERT INTO private.ckn_tts_cache (tts_cache_key, tts_cache_signature, tts_cache_text, tts_cache_voice, tts_cache_language, tts_cache_usage_count, tts_cache_last_used, tts_cache_created) VALUES (584, 'a4ab2e9eb3b7e3fb9b0900e01c9f1733bf8655dddc5fbe63e17388005d420c42', 'es-US-Wavenet-B:hoy quiero probar el especial del día, por favor.', 'es-US-Wavenet-B', 'es', 22, '2025-06-23 20:54:23.516057+00', '2025-06-23 19:53:24.836343+00');
INSERT INTO private.ckn_tts_cache (tts_cache_key, tts_cache_signature, tts_cache_text, tts_cache_voice, tts_cache_language, tts_cache_usage_count, tts_cache_last_used, tts_cache_created) VALUES (586, 'de9d706d5d6533c020feff9a541abab0e31456c416c0400d6809b93d99d05f00', 'es-US-Wavenet-B:¿algún bebida para acompañar su orden?', 'es-US-Wavenet-B', 'es', 22, '2025-06-23 20:54:24.147849+00', '2025-06-23 19:53:25.936094+00');
INSERT INTO private.ckn_tts_cache (tts_cache_key, tts_cache_signature, tts_cache_text, tts_cache_voice, tts_cache_language, tts_cache_usage_count, tts_cache_last_used, tts_cache_created) VALUES (588, '80fd4b5122d366eb20b966d7c98ad207b97d9bfe0daee398dfb51f23da4379f0', 'es-US-Wavenet-B:me gustaría una cerveza, por favor.', 'es-US-Wavenet-B', 'es', 21, '2025-06-23 20:54:24.594408+00', '2025-06-23 19:53:26.872939+00');
INSERT INTO private.ckn_tts_cache (tts_cache_key, tts_cache_signature, tts_cache_text, tts_cache_voice, tts_cache_language, tts_cache_usage_count, tts_cache_last_used, tts_cache_created) VALUES (590, '97ab3967b760ace494da0b136dde4497a9283aaf3abad84c95f25636b5368a69', 'es-US-Wavenet-B:¿algo más que le gustaría ordenar?', 'es-US-Wavenet-B', 'es', 20, '2025-06-23 20:54:25.018552+00', '2025-06-23 19:53:27.886134+00');
INSERT INTO private.ckn_tts_cache (tts_cache_key, tts_cache_signature, tts_cache_text, tts_cache_voice, tts_cache_language, tts_cache_usage_count, tts_cache_last_used, tts_cache_created) VALUES (592, 'b698b853e8ade42871aaecaeda4ec9ba16c869f6c0b701fe00115bbbdacc4990', 'es-US-Wavenet-B:solo eso por ahora, gracias.', 'es-US-Wavenet-B', 'es', 20, '2025-06-23 20:54:25.43077+00', '2025-06-23 19:53:28.820164+00');
INSERT INTO private.ckn_tts_cache (tts_cache_key, tts_cache_signature, tts_cache_text, tts_cache_voice, tts_cache_language, tts_cache_usage_count, tts_cache_last_used, tts_cache_created) VALUES (594, 'c333e49f01b7d3ddc82e203f924e14fa0dfaf3c877ac32908dc1c23351e9219f', 'es-US-Wavenet-B:enseguida le traigo su orden.', 'es-US-Wavenet-B', 'es', 18, '2025-06-23 20:54:25.798+00', '2025-06-23 19:53:29.692945+00');
INSERT INTO private.ckn_tts_cache (tts_cache_key, tts_cache_signature, tts_cache_text, tts_cache_voice, tts_cache_language, tts_cache_usage_count, tts_cache_last_used, tts_cache_created) VALUES (626, '93ceff3719047b25e2446ac47e2680d081a1748e4a7c3df9c7ee759ead13671a', 'es-US-Wavenet-A:algo más para acompañar su café?', 'es-US-Wavenet-A', 'es', 8, '2025-06-24 01:35:40.379563+00', '2025-06-23 22:05:35.090168+00');
INSERT INTO private.ckn_tts_cache (tts_cache_key, tts_cache_signature, tts_cache_text, tts_cache_voice, tts_cache_language, tts_cache_usage_count, tts_cache_last_used, tts_cache_created) VALUES (547, '863cf32e50e9efe6278e7c9fcef9fdd656c297cf8132a3805ccbb7fbe00ed7f7', 'es-US-Wavenet-B:no, gracias.', 'es-US-Wavenet-B', 'es', 14, '2025-06-24 01:35:40.811982+00', '2025-06-23 19:31:52.237191+00');
INSERT INTO private.ckn_tts_cache (tts_cache_key, tts_cache_signature, tts_cache_text, tts_cache_voice, tts_cache_language, tts_cache_usage_count, tts_cache_last_used, tts_cache_created) VALUES (683, '00e027c17c8323a86d3671a671274c4cfdddff584ffb54119ec1300bff09a89c', 'es-US-Wavenet-B:ya sabe qué le gustaría pedir?', 'es-US-Wavenet-B', 'es', 4, '2025-06-24 21:15:23.642792+00', '2025-06-24 20:57:32.980045+00');
INSERT INTO private.ckn_tts_cache (tts_cache_key, tts_cache_signature, tts_cache_text, tts_cache_voice, tts_cache_language, tts_cache_usage_count, tts_cache_last_used, tts_cache_created) VALUES (647, '9144ac24a9ea88918546186674e20b8ec1d2f28d821ad5e271f6c6a0a48ae42a', 'es-US-Wavenet-B:gracias por la recomendación.', 'es-US-Wavenet-B', 'es', 6, '2025-06-24 01:39:13.173694+00', '2025-06-24 01:36:40.375028+00');
INSERT INTO private.ckn_tts_cache (tts_cache_key, tts_cache_signature, tts_cache_text, tts_cache_voice, tts_cache_language, tts_cache_usage_count, tts_cache_last_used, tts_cache_created) VALUES (685, 'b6ea7ebfe9d4073d752feb209dee0f85abdb23920ac6768aa2bc54d4c3306a67', 'es-US-Wavenet-B:quiero la paella mixta como plato principal.', 'es-US-Wavenet-B', 'es', 4, '2025-06-24 21:15:24.092291+00', '2025-06-24 20:57:33.909586+00');
INSERT INTO private.ckn_tts_cache (tts_cache_key, tts_cache_signature, tts_cache_text, tts_cache_voice, tts_cache_language, tts_cache_usage_count, tts_cache_last_used, tts_cache_created) VALUES (649, 'd65c3ceb7183615f74587655860f7748cd45f0443b380e3751fad6d823e83d47', 'es-US-Wavenet-A:¡que disfrute su comida!', 'es-US-Wavenet-A', 'es', 6, '2025-06-24 01:39:13.608026+00', '2025-06-24 01:36:41.322693+00');
INSERT INTO private.ckn_tts_cache (tts_cache_key, tts_cache_signature, tts_cache_text, tts_cache_voice, tts_cache_language, tts_cache_usage_count, tts_cache_last_used, tts_cache_created) VALUES (701, '129071f315a40cf8bacfbba9f2cb8acc028e79796c837887fc09dc23826bbb3c', 'es-US-Wavenet-B:tengo una reserva a nombre de maría.', 'es-US-Wavenet-B', 'es', 6, '2025-06-25 02:28:17.567484+00', '2025-06-24 21:21:58.192182+00');
INSERT INTO private.ckn_tts_cache (tts_cache_key, tts_cache_signature, tts_cache_text, tts_cache_voice, tts_cache_language, tts_cache_usage_count, tts_cache_last_used, tts_cache_created) VALUES (639, 'a5d77b6bff3894c01ed94a9f7792c7ef45ddd4a73ae8359c7100baa1200b7a68', 'es-US-Wavenet-A:le gustaría acompañarlo con un vaso de vino?', 'es-US-Wavenet-A', 'es', 6, '2025-06-24 01:39:11.366238+00', '2025-06-24 01:36:36.360297+00');
INSERT INTO private.ckn_tts_cache (tts_cache_key, tts_cache_signature, tts_cache_text, tts_cache_voice, tts_cache_language, tts_cache_usage_count, tts_cache_last_used, tts_cache_created) VALUES (641, 'ba23ee8be29b7f4e6a9a484443c78930be10265ce1f9b41dc0a51f106aca21be', 'es-US-Wavenet-B:sí, un vaso de vino tinto estaría perfecto.', 'es-US-Wavenet-B', 'es', 6, '2025-06-24 01:39:11.706594+00', '2025-06-24 01:36:37.474014+00');
INSERT INTO private.ckn_tts_cache (tts_cache_key, tts_cache_signature, tts_cache_text, tts_cache_voice, tts_cache_language, tts_cache_usage_count, tts_cache_last_used, tts_cache_created) VALUES (643, 'f6ade03b4e72ebb898d9760cf13e55ecfff110f2cfae504ec58440550b6554e7', 'es-US-Wavenet-A:algo más que le gustaría ordenar?', 'es-US-Wavenet-A', 'es', 6, '2025-06-24 01:39:12.425441+00', '2025-06-24 01:36:38.653098+00');
INSERT INTO private.ckn_tts_cache (tts_cache_key, tts_cache_signature, tts_cache_text, tts_cache_voice, tts_cache_language, tts_cache_usage_count, tts_cache_last_used, tts_cache_created) VALUES (645, 'a4e2e0acf3da12b5da0ec53fd7eb42ebe3a3bfc43447dc0fe817d2af7a208867', 'es-US-Wavenet-B:no, eso será todo.', 'es-US-Wavenet-B', 'es', 6, '2025-06-24 01:39:12.827069+00', '2025-06-24 01:36:39.484267+00');
INSERT INTO private.ckn_tts_cache (tts_cache_key, tts_cache_signature, tts_cache_text, tts_cache_voice, tts_cache_language, tts_cache_usage_count, tts_cache_last_used, tts_cache_created) VALUES (657, '6eb5dcc83b337c73785992f9aab5d9c167a835155128d2f5cae24e5650347f62', 'es-US-Wavenet-A:perfecto, enseguida se lo traigo.', 'es-US-Wavenet-A', 'es', 4, '2025-06-24 01:48:50.150977+00', '2025-06-24 01:48:18.428791+00');
INSERT INTO private.ckn_tts_cache (tts_cache_key, tts_cache_signature, tts_cache_text, tts_cache_voice, tts_cache_language, tts_cache_usage_count, tts_cache_last_used, tts_cache_created) VALUES (699, '9ad9273e7c45b08cf5a8a1e313526d1072547e048ee6782ff22b040b90d9a870', 'es-US-Wavenet-B:buenas noches.', 'es-US-Wavenet-B', 'es', 6, '2025-06-25 02:28:17.106747+00', '2025-06-24 21:21:57.302386+00');
INSERT INTO private.ckn_tts_cache (tts_cache_key, tts_cache_signature, tts_cache_text, tts_cache_voice, tts_cache_language, tts_cache_usage_count, tts_cache_last_used, tts_cache_created) VALUES (703, '5354f51dfefc364d082aad5ffca762c48f78ddf9e58ee17bcf614d323372ce0f', 'es-US-Wavenet-A:¡claro que sí!', 'es-US-Wavenet-A', 'es', 6, '2025-06-25 02:28:18.129194+00', '2025-06-24 21:21:59.100209+00');
INSERT INTO private.ckn_tts_cache (tts_cache_key, tts_cache_signature, tts_cache_text, tts_cache_voice, tts_cache_language, tts_cache_usage_count, tts_cache_last_used, tts_cache_created) VALUES (705, '26bf2c8e1a22ebb713ae44f8773c1c994c2d27bd293d1e98fb6765a087d98674', 'es-US-Wavenet-B:¿puedo pedir una cerveza?', 'es-US-Wavenet-B', 'es', 6, '2025-06-25 02:28:18.630389+00', '2025-06-24 21:21:59.91243+00');
INSERT INTO private.ckn_tts_cache (tts_cache_key, tts_cache_signature, tts_cache_text, tts_cache_voice, tts_cache_language, tts_cache_usage_count, tts_cache_last_used, tts_cache_created) VALUES (707, '38ca8e2d12a62816114acba4b5d69b745856c98a01e9e0fd22bc337b2aae5fd7', 'es-US-Wavenet-A:por supuesto, aquí tiene el menú de bebidas.', 'es-US-Wavenet-A', 'es', 6, '2025-06-25 02:28:19.136108+00', '2025-06-24 21:22:00.738547+00');
INSERT INTO private.ckn_tts_cache (tts_cache_key, tts_cache_signature, tts_cache_text, tts_cache_voice, tts_cache_language, tts_cache_usage_count, tts_cache_last_used, tts_cache_created) VALUES (709, '1a528a84838eae67735401d5e7b376981c3596090b15107b93fb37eb0bfb8ad4', 'es-US-Wavenet-B:me gustaría una cerveza mixta, por favor.', 'es-US-Wavenet-B', 'es', 6, '2025-06-25 02:28:19.605757+00', '2025-06-24 21:22:01.873708+00');
INSERT INTO private.ckn_tts_cache (tts_cache_key, tts_cache_signature, tts_cache_text, tts_cache_voice, tts_cache_language, tts_cache_usage_count, tts_cache_last_used, tts_cache_created) VALUES (711, '9746e10e621cdf1645fab04eed9290baec4f5807d1d2d58a62d72f7d43aa1281', 'es-US-Wavenet-A:perfecto, enseguida se la traigo.', 'es-US-Wavenet-A', 'es', 6, '2025-06-25 02:28:20.073152+00', '2025-06-24 21:22:02.734845+00');
INSERT INTO private.ckn_tts_cache (tts_cache_key, tts_cache_signature, tts_cache_text, tts_cache_voice, tts_cache_language, tts_cache_usage_count, tts_cache_last_used, tts_cache_created) VALUES (713, '27fc8c132f1314f4986eb65563191fdb3f0f240598876b3e3be937f262d3eb19', 'es-US-Wavenet-B:¡gracias!', 'es-US-Wavenet-B', 'es', 6, '2025-06-25 02:28:20.502244+00', '2025-06-24 21:22:03.582309+00');
INSERT INTO private.ckn_tts_cache (tts_cache_key, tts_cache_signature, tts_cache_text, tts_cache_voice, tts_cache_language, tts_cache_usage_count, tts_cache_last_used, tts_cache_created) VALUES (651, '59df8e498745145ddeb4f949025b3a34b0d644015fb26f6d6fa8bac078247fa9', 'es-US-Wavenet-B:¿me traes el menú, por favor?', 'es-US-Wavenet-B', 'es', 4, '2025-06-24 01:48:48.123509+00', '2025-06-24 01:48:14.722162+00');
INSERT INTO private.ckn_tts_cache (tts_cache_key, tts_cache_signature, tts_cache_text, tts_cache_voice, tts_cache_language, tts_cache_usage_count, tts_cache_last_used, tts_cache_created) VALUES (653, 'd7450769cd23b0bb58bb514c6caf08681b313aeb5b4f45545633424692e11bc6', 'es-US-Wavenet-A:¿desea algo de beber?', 'es-US-Wavenet-A', 'es', 4, '2025-06-24 01:48:49.369804+00', '2025-06-24 01:48:16.437614+00');
INSERT INTO private.ckn_tts_cache (tts_cache_key, tts_cache_signature, tts_cache_text, tts_cache_voice, tts_cache_language, tts_cache_usage_count, tts_cache_last_used, tts_cache_created) VALUES (655, '8d9ae8f6eb485ea38af16504a71c04e5481cee7f96a5aa999be475ac985bfe8f', 'es-US-Wavenet-B:quisiera un vaso de agua, por favor.', 'es-US-Wavenet-B', 'es', 4, '2025-06-24 01:48:49.721024+00', '2025-06-24 01:48:17.49504+00');
INSERT INTO private.ckn_tts_cache (tts_cache_key, tts_cache_signature, tts_cache_text, tts_cache_voice, tts_cache_language, tts_cache_usage_count, tts_cache_last_used, tts_cache_created) VALUES (659, '18ee70409357559b5dfe3ff4682e546a02c8cd98a3a64c9a43f3633b93f1009d', 'es-US-Wavenet-B:¿cuál es la recomendación del chef para hoy?', 'es-US-Wavenet-B', 'es', 4, '2025-06-24 01:48:50.965531+00', '2025-06-24 01:48:19.803232+00');
INSERT INTO private.ckn_tts_cache (tts_cache_key, tts_cache_signature, tts_cache_text, tts_cache_voice, tts_cache_language, tts_cache_usage_count, tts_cache_last_used, tts_cache_created) VALUES (661, '98658c7856cf2a4dc1bcb1cbc78b1613e2a49384b771c3c39e022171c1781c30', 'es-US-Wavenet-A:la especialidad de la casa es la paella mixta.', 'es-US-Wavenet-A', 'es', 4, '2025-06-24 01:48:51.291825+00', '2025-06-24 01:48:20.633554+00');
INSERT INTO private.ckn_tts_cache (tts_cache_key, tts_cache_signature, tts_cache_text, tts_cache_voice, tts_cache_language, tts_cache_usage_count, tts_cache_last_used, tts_cache_created) VALUES (663, '49bdf8b82a9d7658c0c195fb17b186a35b849544dccd63810c82857ff7d92577', 'es-US-Wavenet-B:entonces voy a ordenar la paella mixta.', 'es-US-Wavenet-B', 'es', 4, '2025-06-24 01:48:52.089875+00', '2025-06-24 01:48:21.761753+00');
INSERT INTO private.ckn_tts_cache (tts_cache_key, tts_cache_signature, tts_cache_text, tts_cache_voice, tts_cache_language, tts_cache_usage_count, tts_cache_last_used, tts_cache_created) VALUES (665, '4b2f3b888d239407f2e4e4d644e2f9cd49b8fbec4f404a21c85f7ca78bf4f9ee', 'es-US-Wavenet-B:¿puedo pagar con tarjeta de crédito?', 'es-US-Wavenet-B', 'es', 4, '2025-06-24 01:48:52.426934+00', '2025-06-24 01:48:22.60502+00');
INSERT INTO private.ckn_tts_cache (tts_cache_key, tts_cache_signature, tts_cache_text, tts_cache_voice, tts_cache_language, tts_cache_usage_count, tts_cache_last_used, tts_cache_created) VALUES (667, '58aea74ce565d552fc9469591222cf62463cf07fa7ed26146afcb70070486428', 'es-US-Wavenet-A:sí, aceptamos tarjetas de crédito.', 'es-US-Wavenet-A', 'es', 4, '2025-06-24 01:48:52.782066+00', '2025-06-24 01:48:23.563203+00');
INSERT INTO private.ckn_tts_cache (tts_cache_key, tts_cache_signature, tts_cache_text, tts_cache_voice, tts_cache_language, tts_cache_usage_count, tts_cache_last_used, tts_cache_created) VALUES (669, '2ffeb8eebd9fbf817104bcce52de1205162a13cac0a86c21deb0404dcee23e0a', 'es-US-Wavenet-A:¡disfrute su comida!', 'es-US-Wavenet-A', 'es', 4, '2025-06-24 01:48:53.117319+00', '2025-06-24 01:48:24.378237+00');
INSERT INTO private.ckn_tts_cache (tts_cache_key, tts_cache_signature, tts_cache_text, tts_cache_voice, tts_cache_language, tts_cache_usage_count, tts_cache_last_used, tts_cache_created) VALUES (671, '1776fbbabbbd96f48cc234a04d3335ef3cb3d045eb518dbab53b77257b163784', 'es-US-Wavenet-B:¿me podrías traer una cerveza, por favor?', 'es-US-Wavenet-B', 'es', 16, '2025-06-24 11:19:23.630353+00', '2025-06-24 09:37:47.773492+00');
INSERT INTO private.ckn_tts_cache (tts_cache_key, tts_cache_signature, tts_cache_text, tts_cache_voice, tts_cache_language, tts_cache_usage_count, tts_cache_last_used, tts_cache_created) VALUES (673, '199554cc75b9175a033510c9cb63c6bee187f28db9c75459389dd062bb9cda6d', 'es-US-Wavenet-B:alguna marca en particular?', 'es-US-Wavenet-B', 'es', 16, '2025-06-24 11:19:24.592187+00', '2025-06-24 09:37:48.814821+00');
INSERT INTO private.ckn_tts_cache (tts_cache_key, tts_cache_signature, tts_cache_text, tts_cache_voice, tts_cache_language, tts_cache_usage_count, tts_cache_last_used, tts_cache_created) VALUES (675, 'd0e407afcbdfd930b67ef37d7110bd323f13d7c103e895d2dcd1bfc40b60448f', 'es-US-Wavenet-B:una nacional, por favor.', 'es-US-Wavenet-B', 'es', 15, '2025-06-24 11:19:24.975183+00', '2025-06-24 09:37:49.693911+00');
INSERT INTO private.ckn_tts_cache (tts_cache_key, tts_cache_signature, tts_cache_text, tts_cache_voice, tts_cache_language, tts_cache_usage_count, tts_cache_last_used, tts_cache_created) VALUES (677, '0b2dac5b6c67eff229fb9c33e49a4fcab0004c357049851a302f2c1325d90cf1', 'es-US-Wavenet-B:enseguida te la traigo.', 'es-US-Wavenet-B', 'es', 15, '2025-06-24 11:19:25.496236+00', '2025-06-24 09:37:50.848081+00');
INSERT INTO private.ckn_tts_cache (tts_cache_key, tts_cache_signature, tts_cache_text, tts_cache_voice, tts_cache_language, tts_cache_usage_count, tts_cache_last_used, tts_cache_created) VALUES (679, 'cae48524cea9d66adf5b63d1566833edeff1d8c74d716c436ff77d5a1ae6da90', 'es-US-Wavenet-B:¡disfrútala!', 'es-US-Wavenet-B', 'es', 14, '2025-06-24 11:19:26.271947+00', '2025-06-24 09:37:54.004054+00');
INSERT INTO private.ckn_tts_cache (tts_cache_key, tts_cache_signature, tts_cache_text, tts_cache_voice, tts_cache_language, tts_cache_usage_count, tts_cache_last_used, tts_cache_created) VALUES (633, '9ed7fcc8372aabb37aa952813dc4e0e2eb2278de02432333dd1cc391bd801cee', 'es-US-Wavenet-B:cuál es la especialidad de la casa?', 'es-US-Wavenet-B', 'es', 8, '2025-06-24 01:35:41.307946+00', '2025-06-23 22:22:05.223768+00');
INSERT INTO private.ckn_tts_cache (tts_cache_key, tts_cache_signature, tts_cache_text, tts_cache_voice, tts_cache_language, tts_cache_usage_count, tts_cache_last_used, tts_cache_created) VALUES (681, '1dec16ee0496f34bfce480badb95e1fa68ab3f9250a696057c08aa0938a98ba5', 'es-US-Wavenet-B:claro, aquí lo tiene.', 'es-US-Wavenet-B', 'es', 4, '2025-06-24 21:15:23.257627+00', '2025-06-24 20:57:31.903256+00');
INSERT INTO private.ckn_tts_cache (tts_cache_key, tts_cache_signature, tts_cache_text, tts_cache_voice, tts_cache_language, tts_cache_usage_count, tts_cache_last_used, tts_cache_created) VALUES (628, '34512a5511bf38bff41ffdc95b705da98dd02fd18970674f7972a0444678f4ca', 'es-US-Wavenet-A:¡le va a encantar!', 'es-US-Wavenet-A', 'es', 8, '2025-06-24 01:35:41.590268+00', '2025-06-23 22:21:05.959638+00');
INSERT INTO private.ckn_tts_cache (tts_cache_key, tts_cache_signature, tts_cache_text, tts_cache_voice, tts_cache_language, tts_cache_usage_count, tts_cache_last_used, tts_cache_created) VALUES (630, '6d7f64d777aca7f7e8a43b7755e3faf47d8241a8196fb83b2879bae138b32955', 'es-US-Wavenet-B:suena delicioso.', 'es-US-Wavenet-B', 'es', 7, '2025-06-24 01:35:42.044824+00', '2025-06-23 22:21:07.016052+00');
INSERT INTO private.ckn_tts_cache (tts_cache_key, tts_cache_signature, tts_cache_text, tts_cache_voice, tts_cache_language, tts_cache_usage_count, tts_cache_last_used, tts_cache_created) VALUES (686, '4f940f023a9b289a21bd9dbfbcbb0f9241a037b909b95b1d9c2d8f04b03c008e', 'es-US-Wavenet-A:excelente elección, señor.', 'es-US-Wavenet-A', 'es', 2, '2025-06-24 21:15:25.091529+00', '2025-06-24 21:15:25.091529+00');
INSERT INTO private.ckn_tts_cache (tts_cache_key, tts_cache_signature, tts_cache_text, tts_cache_voice, tts_cache_language, tts_cache_usage_count, tts_cache_last_used, tts_cache_created) VALUES (629, 'bb26876443b1810629b8ad1e91c179ead72f880bae180b3dd31a673a1b13eb59', 'es-US-Wavenet-B:voy a ordenar la paella como plato principal, gracias.', 'es-US-Wavenet-B', 'es', 8, '2025-06-24 01:35:42.374645+00', '2025-06-23 22:21:06.196898+00');
INSERT INTO private.ckn_tts_cache (tts_cache_key, tts_cache_signature, tts_cache_text, tts_cache_voice, tts_cache_language, tts_cache_usage_count, tts_cache_last_used, tts_cache_created) VALUES (631, '148f9f2a16d7b2e222b9ee8a2fb33364629a4232b4505ef9d1c6a53e57638753', 'es-US-Wavenet-A:enseguida tomo su pedido.', 'es-US-Wavenet-A', 'es', 8, '2025-06-24 01:35:43.102163+00', '2025-06-23 22:21:08.131246+00');
INSERT INTO private.ckn_tts_cache (tts_cache_key, tts_cache_signature, tts_cache_text, tts_cache_voice, tts_cache_language, tts_cache_usage_count, tts_cache_last_used, tts_cache_created) VALUES (688, '514764cf77d2e3780aef50a611722d3c50739c55f843283f5c84cc23d6dfc608', 'es-US-Wavenet-A:y de beber?', 'es-US-Wavenet-A', 'es', 2, '2025-06-24 21:15:26.097175+00', '2025-06-24 21:15:26.097175+00');
INSERT INTO private.ckn_tts_cache (tts_cache_key, tts_cache_signature, tts_cache_text, tts_cache_voice, tts_cache_language, tts_cache_usage_count, tts_cache_last_used, tts_cache_created) VALUES (690, '9916e61a677c757f4a7ca6c85fc6b880f08e899e5d66e8558f9bb7f4bbccc2e6', 'es-US-Wavenet-B:una cerveza fría estaría perfecto, gracias.', 'es-US-Wavenet-B', 'es', 2, '2025-06-24 21:15:27.195376+00', '2025-06-24 21:15:27.195376+00');
INSERT INTO private.ckn_tts_cache (tts_cache_key, tts_cache_signature, tts_cache_text, tts_cache_voice, tts_cache_language, tts_cache_usage_count, tts_cache_last_used, tts_cache_created) VALUES (692, 'a81c605c816cf53fb51b831d7e99cd706f0e51b43a2ae00b54e76bd3753795ed', 'es-US-Wavenet-A:algo de postre para cerrar la noche?', 'es-US-Wavenet-A', 'es', 2, '2025-06-24 21:15:28.298014+00', '2025-06-24 21:15:28.298014+00');
INSERT INTO private.ckn_tts_cache (tts_cache_key, tts_cache_signature, tts_cache_text, tts_cache_voice, tts_cache_language, tts_cache_usage_count, tts_cache_last_used, tts_cache_created) VALUES (634, '7c52c7eaca2174e21e06609b61c69d357921074c34c1a7451205a1bd6a2c468e', 'es-US-Wavenet-B:¿tienen alguna recomendación especial del chef para esta noche?', 'es-US-Wavenet-B', 'es', 8, '2025-06-24 01:39:09.654306+00', '2025-06-24 01:36:16.647367+00');
INSERT INTO private.ckn_tts_cache (tts_cache_key, tts_cache_signature, tts_cache_text, tts_cache_voice, tts_cache_language, tts_cache_usage_count, tts_cache_last_used, tts_cache_created) VALUES (694, '5d00a722779f11f2d62fe848b43c02b50bb7259a3457b27b201fdd0c411b830b', 'es-US-Wavenet-B:un trozo de pastel de chocolate, por favor.', 'es-US-Wavenet-B', 'es', 2, '2025-06-24 21:15:29.142509+00', '2025-06-24 21:15:29.142509+00');
INSERT INTO private.ckn_tts_cache (tts_cache_key, tts_cache_signature, tts_cache_text, tts_cache_voice, tts_cache_language, tts_cache_usage_count, tts_cache_last_used, tts_cache_created) VALUES (696, '3b86fd0f946981991eae71dc9fe4e8f15fed97efc30133133937f83953bca0ab', 'es-US-Wavenet-A:claro, lo anoto todo.', 'es-US-Wavenet-A', 'es', 2, '2025-06-24 21:15:30.071619+00', '2025-06-24 21:15:30.071619+00');


--
-- Data for Name: ckn_verb_base; Type: TABLE DATA; Schema: private; Owner: postgres
--

INSERT INTO private.ckn_verb_base (verb_base_key, verb_base) VALUES (1, 'announce');
INSERT INTO private.ckn_verb_base (verb_base_key, verb_base) VALUES (3, 'answer');
INSERT INTO private.ckn_verb_base (verb_base_key, verb_base) VALUES (5, 'arrange');
INSERT INTO private.ckn_verb_base (verb_base_key, verb_base) VALUES (7, 'arrive');
INSERT INTO private.ckn_verb_base (verb_base_key, verb_base) VALUES (9, 'ask');
INSERT INTO private.ckn_verb_base (verb_base_key, verb_base) VALUES (11, 'board');
INSERT INTO private.ckn_verb_base (verb_base_key, verb_base) VALUES (13, 'buy');
INSERT INTO private.ckn_verb_base (verb_base_key, verb_base) VALUES (15, 'call');
INSERT INTO private.ckn_verb_base (verb_base_key, verb_base) VALUES (17, 'cancel');
INSERT INTO private.ckn_verb_base (verb_base_key, verb_base) VALUES (19, 'carry');
INSERT INTO private.ckn_verb_base (verb_base_key, verb_base) VALUES (21, 'check');
INSERT INTO private.ckn_verb_base (verb_base_key, verb_base) VALUES (23, 'checkin');
INSERT INTO private.ckn_verb_base (verb_base_key, verb_base) VALUES (25, 'claim');
INSERT INTO private.ckn_verb_base (verb_base_key, verb_base) VALUES (27, 'close');
INSERT INTO private.ckn_verb_base (verb_base_key, verb_base) VALUES (29, 'delay');
INSERT INTO private.ckn_verb_base (verb_base_key, verb_base) VALUES (31, 'depart');
INSERT INTO private.ckn_verb_base (verb_base_key, verb_base) VALUES (33, 'direct');
INSERT INTO private.ckn_verb_base (verb_base_key, verb_base) VALUES (35, 'drop');
INSERT INTO private.ckn_verb_base (verb_base_key, verb_base) VALUES (37, 'explain');
INSERT INTO private.ckn_verb_base (verb_base_key, verb_base) VALUES (39, 'fasten');
INSERT INTO private.ckn_verb_base (verb_base_key, verb_base) VALUES (41, 'fly');
INSERT INTO private.ckn_verb_base (verb_base_key, verb_base) VALUES (43, 'follow');
INSERT INTO private.ckn_verb_base (verb_base_key, verb_base) VALUES (45, 'go');
INSERT INTO private.ckn_verb_base (verb_base_key, verb_base) VALUES (47, 'guide');
INSERT INTO private.ckn_verb_base (verb_base_key, verb_base) VALUES (49, 'help');
INSERT INTO private.ckn_verb_base (verb_base_key, verb_base) VALUES (51, 'inform');
INSERT INTO private.ckn_verb_base (verb_base_key, verb_base) VALUES (53, 'inspect');
INSERT INTO private.ckn_verb_base (verb_base_key, verb_base) VALUES (55, 'land');
INSERT INTO private.ckn_verb_base (verb_base_key, verb_base) VALUES (57, 'leave');
INSERT INTO private.ckn_verb_base (verb_base_key, verb_base) VALUES (59, 'listen');
INSERT INTO private.ckn_verb_base (verb_base_key, verb_base) VALUES (61, 'load');
INSERT INTO private.ckn_verb_base (verb_base_key, verb_base) VALUES (63, 'open');
INSERT INTO private.ckn_verb_base (verb_base_key, verb_base) VALUES (65, 'pack');
INSERT INTO private.ckn_verb_base (verb_base_key, verb_base) VALUES (67, 'pay');
INSERT INTO private.ckn_verb_base (verb_base_key, verb_base) VALUES (69, 'plan');
INSERT INTO private.ckn_verb_base (verb_base_key, verb_base) VALUES (71, 'present');
INSERT INTO private.ckn_verb_base (verb_base_key, verb_base) VALUES (73, 'print');
INSERT INTO private.ckn_verb_base (verb_base_key, verb_base) VALUES (75, 'read');
INSERT INTO private.ckn_verb_base (verb_base_key, verb_base) VALUES (77, 'reschedule');
INSERT INTO private.ckn_verb_base (verb_base_key, verb_base) VALUES (79, 'run');
INSERT INTO private.ckn_verb_base (verb_base_key, verb_base) VALUES (81, 'say');
INSERT INTO private.ckn_verb_base (verb_base_key, verb_base) VALUES (83, 'scan');
INSERT INTO private.ckn_verb_base (verb_base_key, verb_base) VALUES (85, 'search');
INSERT INTO private.ckn_verb_base (verb_base_key, verb_base) VALUES (87, 'show');
INSERT INTO private.ckn_verb_base (verb_base_key, verb_base) VALUES (89, 'showup');
INSERT INTO private.ckn_verb_base (verb_base_key, verb_base) VALUES (91, 'sit');
INSERT INTO private.ckn_verb_base (verb_base_key, verb_base) VALUES (93, 'speak');
INSERT INTO private.ckn_verb_base (verb_base_key, verb_base) VALUES (95, 'stand');
INSERT INTO private.ckn_verb_base (verb_base_key, verb_base) VALUES (97, 'tell');
INSERT INTO private.ckn_verb_base (verb_base_key, verb_base) VALUES (99, 'transport');
INSERT INTO private.ckn_verb_base (verb_base_key, verb_base) VALUES (101, 'travel');
INSERT INTO private.ckn_verb_base (verb_base_key, verb_base) VALUES (103, 'understand');
INSERT INTO private.ckn_verb_base (verb_base_key, verb_base) VALUES (105, 'unload');
INSERT INTO private.ckn_verb_base (verb_base_key, verb_base) VALUES (107, 'unpack');
INSERT INTO private.ckn_verb_base (verb_base_key, verb_base) VALUES (109, 'wait');
INSERT INTO private.ckn_verb_base (verb_base_key, verb_base) VALUES (111, 'walk');
INSERT INTO private.ckn_verb_base (verb_base_key, verb_base) VALUES (113, 'adjust');
INSERT INTO private.ckn_verb_base (verb_base_key, verb_base) VALUES (121, 'askfor');
INSERT INTO private.ckn_verb_base (verb_base_key, verb_base) VALUES (123, 'book');
INSERT INTO private.ckn_verb_base (verb_base_key, verb_base) VALUES (125, 'bring');
INSERT INTO private.ckn_verb_base (verb_base_key, verb_base) VALUES (129, 'callfor');
INSERT INTO private.ckn_verb_base (verb_base_key, verb_base) VALUES (135, 'change');
INSERT INTO private.ckn_verb_base (verb_base_key, verb_base) VALUES (137, 'charge');
INSERT INTO private.ckn_verb_base (verb_base_key, verb_base) VALUES (143, 'checkout');
INSERT INTO private.ckn_verb_base (verb_base_key, verb_base) VALUES (145, 'clean');
INSERT INTO private.ckn_verb_base (verb_base_key, verb_base) VALUES (149, 'come');
INSERT INTO private.ckn_verb_base (verb_base_key, verb_base) VALUES (151, 'complain');
INSERT INTO private.ckn_verb_base (verb_base_key, verb_base) VALUES (153, 'confirm');
INSERT INTO private.ckn_verb_base (verb_base_key, verb_base) VALUES (155, 'connect');
INSERT INTO private.ckn_verb_base (verb_base_key, verb_base) VALUES (157, 'disconnect');
INSERT INTO private.ckn_verb_base (verb_base_key, verb_base) VALUES (159, 'enjoy');
INSERT INTO private.ckn_verb_base (verb_base_key, verb_base) VALUES (161, 'find');
INSERT INTO private.ckn_verb_base (verb_base_key, verb_base) VALUES (163, 'fix');
INSERT INTO private.ckn_verb_base (verb_base_key, verb_base) VALUES (165, 'forget');
INSERT INTO private.ckn_verb_base (verb_base_key, verb_base) VALUES (169, 'have');
INSERT INTO private.ckn_verb_base (verb_base_key, verb_base) VALUES (175, 'lock');
INSERT INTO private.ckn_verb_base (verb_base_key, verb_base) VALUES (177, 'lose');
INSERT INTO private.ckn_verb_base (verb_base_key, verb_base) VALUES (179, 'move');
INSERT INTO private.ckn_verb_base (verb_base_key, verb_base) VALUES (181, 'need');
INSERT INTO private.ckn_verb_base (verb_base_key, verb_base) VALUES (189, 'remember');
INSERT INTO private.ckn_verb_base (verb_base_key, verb_base) VALUES (191, 'repair');
INSERT INTO private.ckn_verb_base (verb_base_key, verb_base) VALUES (193, 'replace');
INSERT INTO private.ckn_verb_base (verb_base_key, verb_base) VALUES (195, 'request');
INSERT INTO private.ckn_verb_base (verb_base_key, verb_base) VALUES (197, 'reserve');
INSERT INTO private.ckn_verb_base (verb_base_key, verb_base) VALUES (201, 'sleep');
INSERT INTO private.ckn_verb_base (verb_base_key, verb_base) VALUES (203, 'sleepin');
INSERT INTO private.ckn_verb_base (verb_base_key, verb_base) VALUES (205, 'stay');
INSERT INTO private.ckn_verb_base (verb_base_key, verb_base) VALUES (207, 'switch');
INSERT INTO private.ckn_verb_base (verb_base_key, verb_base) VALUES (209, 'tidy');
INSERT INTO private.ckn_verb_base (verb_base_key, verb_base) VALUES (211, 'turn');
INSERT INTO private.ckn_verb_base (verb_base_key, verb_base) VALUES (213, 'turnoff');
INSERT INTO private.ckn_verb_base (verb_base_key, verb_base) VALUES (215, 'turnon');
INSERT INTO private.ckn_verb_base (verb_base_key, verb_base) VALUES (217, 'unlock');
INSERT INTO private.ckn_verb_base (verb_base_key, verb_base) VALUES (219, 'use');
INSERT INTO private.ckn_verb_base (verb_base_key, verb_base) VALUES (223, 'wake');
INSERT INTO private.ckn_verb_base (verb_base_key, verb_base) VALUES (225, 'want');
INSERT INTO private.ckn_verb_base (verb_base_key, verb_base) VALUES (237, 'choose');
INSERT INTO private.ckn_verb_base (verb_base_key, verb_base) VALUES (243, 'cook');
INSERT INTO private.ckn_verb_base (verb_base_key, verb_base) VALUES (245, 'count');
INSERT INTO private.ckn_verb_base (verb_base_key, verb_base) VALUES (247, 'deliver');
INSERT INTO private.ckn_verb_base (verb_base_key, verb_base) VALUES (249, 'dislike');
INSERT INTO private.ckn_verb_base (verb_base_key, verb_base) VALUES (251, 'drink');
INSERT INTO private.ckn_verb_base (verb_base_key, verb_base) VALUES (253, 'eat');
INSERT INTO private.ckn_verb_base (verb_base_key, verb_base) VALUES (255, 'eatout');
INSERT INTO private.ckn_verb_base (verb_base_key, verb_base) VALUES (259, 'enter');
INSERT INTO private.ckn_verb_base (verb_base_key, verb_base) VALUES (261, 'finish');
INSERT INTO private.ckn_verb_base (verb_base_key, verb_base) VALUES (265, 'greet');
INSERT INTO private.ckn_verb_base (verb_base_key, verb_base) VALUES (267, 'invite');
INSERT INTO private.ckn_verb_base (verb_base_key, verb_base) VALUES (271, 'like');
INSERT INTO private.ckn_verb_base (verb_base_key, verb_base) VALUES (275, 'order');
INSERT INTO private.ckn_verb_base (verb_base_key, verb_base) VALUES (281, 'prefer');
INSERT INTO private.ckn_verb_base (verb_base_key, verb_base) VALUES (283, 'prepare');
INSERT INTO private.ckn_verb_base (verb_base_key, verb_base) VALUES (289, 'recommend');
INSERT INTO private.ckn_verb_base (verb_base_key, verb_base) VALUES (291, 'refill');
INSERT INTO private.ckn_verb_base (verb_base_key, verb_base) VALUES (295, 'seat');
INSERT INTO private.ckn_verb_base (verb_base_key, verb_base) VALUES (297, 'serve');
INSERT INTO private.ckn_verb_base (verb_base_key, verb_base) VALUES (299, 'share');
INSERT INTO private.ckn_verb_base (verb_base_key, verb_base) VALUES (301, 'sign');
INSERT INTO private.ckn_verb_base (verb_base_key, verb_base) VALUES (305, 'smile');
INSERT INTO private.ckn_verb_base (verb_base_key, verb_base) VALUES (307, 'spill');
INSERT INTO private.ckn_verb_base (verb_base_key, verb_base) VALUES (309, 'split');
INSERT INTO private.ckn_verb_base (verb_base_key, verb_base) VALUES (313, 'start');
INSERT INTO private.ckn_verb_base (verb_base_key, verb_base) VALUES (315, 'suggest');
INSERT INTO private.ckn_verb_base (verb_base_key, verb_base) VALUES (317, 'take');
INSERT INTO private.ckn_verb_base (verb_base_key, verb_base) VALUES (319, 'taste');
INSERT INTO private.ckn_verb_base (verb_base_key, verb_base) VALUES (321, 'thank');
INSERT INTO private.ckn_verb_base (verb_base_key, verb_base) VALUES (323, 'tip');
INSERT INTO private.ckn_verb_base (verb_base_key, verb_base) VALUES (325, 'try');
INSERT INTO private.ckn_verb_base (verb_base_key, verb_base) VALUES (331, 'wash');
INSERT INTO private.ckn_verb_base (verb_base_key, verb_base) VALUES (333, 'write');
INSERT INTO private.ckn_verb_base (verb_base_key, verb_base) VALUES (335, 'accept');
INSERT INTO private.ckn_verb_base (verb_base_key, verb_base) VALUES (357, 'communicate');
INSERT INTO private.ckn_verb_base (verb_base_key, verb_base) VALUES (361, 'drive');
INSERT INTO private.ckn_verb_base (verb_base_key, verb_base) VALUES (365, 'end');
INSERT INTO private.ckn_verb_base (verb_base_key, verb_base) VALUES (371, 'give');
INSERT INTO private.ckn_verb_base (verb_base_key, verb_base) VALUES (375, 'hail');
INSERT INTO private.ckn_verb_base (verb_base_key, verb_base) VALUES (377, 'identify');
INSERT INTO private.ckn_verb_base (verb_base_key, verb_base) VALUES (379, 'input');
INSERT INTO private.ckn_verb_base (verb_base_key, verb_base) VALUES (387, 'navigate');
INSERT INTO private.ckn_verb_base (verb_base_key, verb_base) VALUES (395, 'pick');
INSERT INTO private.ckn_verb_base (verb_base_key, verb_base) VALUES (399, 'rate');
INSERT INTO private.ckn_verb_base (verb_base_key, verb_base) VALUES (401, 'recognize');
INSERT INTO private.ckn_verb_base (verb_base_key, verb_base) VALUES (403, 'reject');
INSERT INTO private.ckn_verb_base (verb_base_key, verb_base) VALUES (405, 'review');
INSERT INTO private.ckn_verb_base (verb_base_key, verb_base) VALUES (407, 'ride');
INSERT INTO private.ckn_verb_base (verb_base_key, verb_base) VALUES (415, 'signal');
INSERT INTO private.ckn_verb_base (verb_base_key, verb_base) VALUES (421, 'stop');
INSERT INTO private.ckn_verb_base (verb_base_key, verb_base) VALUES (425, 'talk');
INSERT INTO private.ckn_verb_base (verb_base_key, verb_base) VALUES (878, 'yes');
INSERT INTO private.ckn_verb_base (verb_base_key, verb_base) VALUES (880, 'sound');
INSERT INTO private.ckn_verb_base (verb_base_key, verb_base) VALUES (882, 'desire');
INSERT INTO private.ckn_verb_base (verb_base_key, verb_base) VALUES (883, 'accompany');
INSERT INTO private.ckn_verb_base (verb_base_key, verb_base) VALUES (884, 'thank you');
INSERT INTO private.ckn_verb_base (verb_base_key, verb_base) VALUES (886, 'be');
INSERT INTO private.ckn_verb_base (verb_base_key, verb_base) VALUES (891, 'see');
INSERT INTO private.ckn_verb_base (verb_base_key, verb_base) VALUES (892, 'welcome');
INSERT INTO private.ckn_verb_base (verb_base_key, verb_base) VALUES (897, 'to be');
INSERT INTO private.ckn_verb_base (verb_base_key, verb_base) VALUES (901, 'will be');
INSERT INTO private.ckn_verb_base (verb_base_key, verb_base) VALUES (903, 'go out');
INSERT INTO private.ckn_verb_base (verb_base_key, verb_base) VALUES (905, 'bring to me');
INSERT INTO private.ckn_verb_base (verb_base_key, verb_base) VALUES (906, 'also');
INSERT INTO private.ckn_verb_base (verb_base_key, verb_base) VALUES (910, 'note');
INSERT INTO private.ckn_verb_base (verb_base_key, verb_base) VALUES (911, 'do');
INSERT INTO private.ckn_verb_base (verb_base_key, verb_base) VALUES (913, 'can');
INSERT INTO private.ckn_verb_base (verb_base_key, verb_base) VALUES (914, 'would like');
INSERT INTO private.ckn_verb_base (verb_base_key, verb_base) VALUES (921, 'add');
INSERT INTO private.ckn_verb_base (verb_base_key, verb_base) VALUES (923, 'specialty');


--
-- Data for Name: ckn_verb; Type: TABLE DATA; Schema: private; Owner: postgres
--

INSERT INTO private.ckn_verb (verb_key, verb_base_key, language, verb_infinitive, verb_yo, verb_tu, verb_el_ella_usted, verb_nosotros, verb_vosotros, verb_ellos_ellas_ustedes, curated) VALUES (1, 1, 'en', 'announce', 'announce', 'announce', 'announce', 'announce', 'announce', 'announce', true);
INSERT INTO private.ckn_verb (verb_key, verb_base_key, language, verb_infinitive, verb_yo, verb_tu, verb_el_ella_usted, verb_nosotros, verb_vosotros, verb_ellos_ellas_ustedes, curated) VALUES (2, 1, 'es', 'anunciar', 'anuncio', 'anuncias', 'anuncia', 'anunciamos', 'anuncian', 'anuncian', true);
INSERT INTO private.ckn_verb (verb_key, verb_base_key, language, verb_infinitive, verb_yo, verb_tu, verb_el_ella_usted, verb_nosotros, verb_vosotros, verb_ellos_ellas_ustedes, curated) VALUES (3, 3, 'en', 'answer', 'answer', 'answer', 'answer', 'answer', 'answer', 'answer', true);
INSERT INTO private.ckn_verb (verb_key, verb_base_key, language, verb_infinitive, verb_yo, verb_tu, verb_el_ella_usted, verb_nosotros, verb_vosotros, verb_ellos_ellas_ustedes, curated) VALUES (4, 3, 'es', 'responder', 'respondo', 'respondes', 'responde', 'respondemos', 'responden', 'responden', true);
INSERT INTO private.ckn_verb (verb_key, verb_base_key, language, verb_infinitive, verb_yo, verb_tu, verb_el_ella_usted, verb_nosotros, verb_vosotros, verb_ellos_ellas_ustedes, curated) VALUES (5, 5, 'en', 'arrange', 'arrange', 'arrange', 'arrange', 'arrange', 'arrange', 'arrange', true);
INSERT INTO private.ckn_verb (verb_key, verb_base_key, language, verb_infinitive, verb_yo, verb_tu, verb_el_ella_usted, verb_nosotros, verb_vosotros, verb_ellos_ellas_ustedes, curated) VALUES (6, 5, 'es', 'organizar', 'organizo', 'organizas', 'organiza', 'organizamos', 'organizan', 'organizan', true);
INSERT INTO private.ckn_verb (verb_key, verb_base_key, language, verb_infinitive, verb_yo, verb_tu, verb_el_ella_usted, verb_nosotros, verb_vosotros, verb_ellos_ellas_ustedes, curated) VALUES (7, 7, 'en', 'arrive', 'arrive', 'arrive', 'arrive', 'arrive', 'arrive', 'arrive', true);
INSERT INTO private.ckn_verb (verb_key, verb_base_key, language, verb_infinitive, verb_yo, verb_tu, verb_el_ella_usted, verb_nosotros, verb_vosotros, verb_ellos_ellas_ustedes, curated) VALUES (8, 7, 'es', 'llegar', 'llego', 'llegas', 'llega', 'llegamos', 'llegan', 'llegan', true);
INSERT INTO private.ckn_verb (verb_key, verb_base_key, language, verb_infinitive, verb_yo, verb_tu, verb_el_ella_usted, verb_nosotros, verb_vosotros, verb_ellos_ellas_ustedes, curated) VALUES (9, 9, 'en', 'ask', 'ask', 'ask', 'ask', 'ask', 'ask', 'ask', true);
INSERT INTO private.ckn_verb (verb_key, verb_base_key, language, verb_infinitive, verb_yo, verb_tu, verb_el_ella_usted, verb_nosotros, verb_vosotros, verb_ellos_ellas_ustedes, curated) VALUES (10, 9, 'es', 'preguntar', 'pregunto', 'preguntas', 'pregunta', 'preguntamos', 'preguntan', 'preguntan', true);
INSERT INTO private.ckn_verb (verb_key, verb_base_key, language, verb_infinitive, verb_yo, verb_tu, verb_el_ella_usted, verb_nosotros, verb_vosotros, verb_ellos_ellas_ustedes, curated) VALUES (11, 11, 'en', 'board', 'board', 'board', 'board', 'board', 'board', 'board', true);
INSERT INTO private.ckn_verb (verb_key, verb_base_key, language, verb_infinitive, verb_yo, verb_tu, verb_el_ella_usted, verb_nosotros, verb_vosotros, verb_ellos_ellas_ustedes, curated) VALUES (12, 11, 'es', 'abordar', 'abordo', 'abordas', 'aborda', 'abordamos', 'abordan', 'abordan', true);
INSERT INTO private.ckn_verb (verb_key, verb_base_key, language, verb_infinitive, verb_yo, verb_tu, verb_el_ella_usted, verb_nosotros, verb_vosotros, verb_ellos_ellas_ustedes, curated) VALUES (13, 13, 'en', 'buy', 'buy', 'buy', 'buy', 'buy', 'buy', 'buy', true);
INSERT INTO private.ckn_verb (verb_key, verb_base_key, language, verb_infinitive, verb_yo, verb_tu, verb_el_ella_usted, verb_nosotros, verb_vosotros, verb_ellos_ellas_ustedes, curated) VALUES (14, 13, 'es', 'comprar', 'compro', 'compras', 'compra', 'compramos', 'compran', 'compran', true);
INSERT INTO private.ckn_verb (verb_key, verb_base_key, language, verb_infinitive, verb_yo, verb_tu, verb_el_ella_usted, verb_nosotros, verb_vosotros, verb_ellos_ellas_ustedes, curated) VALUES (15, 15, 'en', 'call', 'call', 'call', 'call', 'call', 'call', 'call', true);
INSERT INTO private.ckn_verb (verb_key, verb_base_key, language, verb_infinitive, verb_yo, verb_tu, verb_el_ella_usted, verb_nosotros, verb_vosotros, verb_ellos_ellas_ustedes, curated) VALUES (16, 15, 'es', 'llamar', 'llamo', 'llamas', 'llama', 'llamamos', 'llaman', 'llaman', true);
INSERT INTO private.ckn_verb (verb_key, verb_base_key, language, verb_infinitive, verb_yo, verb_tu, verb_el_ella_usted, verb_nosotros, verb_vosotros, verb_ellos_ellas_ustedes, curated) VALUES (17, 17, 'en', 'cancel', 'cancel', 'cancel', 'cancel', 'cancel', 'cancel', 'cancel', true);
INSERT INTO private.ckn_verb (verb_key, verb_base_key, language, verb_infinitive, verb_yo, verb_tu, verb_el_ella_usted, verb_nosotros, verb_vosotros, verb_ellos_ellas_ustedes, curated) VALUES (18, 17, 'es', 'cancelar', 'cancelo', 'cancelas', 'cancela', 'cancelamos', 'cancelan', 'cancelan', true);
INSERT INTO private.ckn_verb (verb_key, verb_base_key, language, verb_infinitive, verb_yo, verb_tu, verb_el_ella_usted, verb_nosotros, verb_vosotros, verb_ellos_ellas_ustedes, curated) VALUES (19, 19, 'en', 'carry', 'carry', 'carry', 'carry', 'carry', 'carry', 'carry', true);
INSERT INTO private.ckn_verb (verb_key, verb_base_key, language, verb_infinitive, verb_yo, verb_tu, verb_el_ella_usted, verb_nosotros, verb_vosotros, verb_ellos_ellas_ustedes, curated) VALUES (20, 19, 'es', 'llevar', 'llevo', 'llevas', 'lleva', 'llevamos', 'llevan', 'llevan', true);
INSERT INTO private.ckn_verb (verb_key, verb_base_key, language, verb_infinitive, verb_yo, verb_tu, verb_el_ella_usted, verb_nosotros, verb_vosotros, verb_ellos_ellas_ustedes, curated) VALUES (21, 21, 'en', 'check', 'check', 'check', 'check', 'check', 'check', 'check', true);
INSERT INTO private.ckn_verb (verb_key, verb_base_key, language, verb_infinitive, verb_yo, verb_tu, verb_el_ella_usted, verb_nosotros, verb_vosotros, verb_ellos_ellas_ustedes, curated) VALUES (22, 21, 'es', 'revisar', 'reviso', 'revisas', 'revisa', 'revisamos', 'revistan', 'revistan', true);
INSERT INTO private.ckn_verb (verb_key, verb_base_key, language, verb_infinitive, verb_yo, verb_tu, verb_el_ella_usted, verb_nosotros, verb_vosotros, verb_ellos_ellas_ustedes, curated) VALUES (23, 23, 'en', 'check in', 'check in', 'check in', 'check in', 'check in', 'check in', 'check in', true);
INSERT INTO private.ckn_verb (verb_key, verb_base_key, language, verb_infinitive, verb_yo, verb_tu, verb_el_ella_usted, verb_nosotros, verb_vosotros, verb_ellos_ellas_ustedes, curated) VALUES (24, 23, 'es', 'registrarse', 'me registro', 'te registras', 'se registra', 'nos registramos', 'se registran', 'se registran', true);
INSERT INTO private.ckn_verb (verb_key, verb_base_key, language, verb_infinitive, verb_yo, verb_tu, verb_el_ella_usted, verb_nosotros, verb_vosotros, verb_ellos_ellas_ustedes, curated) VALUES (25, 25, 'en', 'claim', 'claim', 'claim', 'claim', 'claim', 'claim', 'claim', true);
INSERT INTO private.ckn_verb (verb_key, verb_base_key, language, verb_infinitive, verb_yo, verb_tu, verb_el_ella_usted, verb_nosotros, verb_vosotros, verb_ellos_ellas_ustedes, curated) VALUES (26, 25, 'es', 'reclamar', 'reclamo', 'reclamas', 'reclama', 'reclamamos', 'reclaman', 'reclaman', true);
INSERT INTO private.ckn_verb (verb_key, verb_base_key, language, verb_infinitive, verb_yo, verb_tu, verb_el_ella_usted, verb_nosotros, verb_vosotros, verb_ellos_ellas_ustedes, curated) VALUES (27, 27, 'en', 'close', 'close', 'close', 'close', 'close', 'close', 'close', true);
INSERT INTO private.ckn_verb (verb_key, verb_base_key, language, verb_infinitive, verb_yo, verb_tu, verb_el_ella_usted, verb_nosotros, verb_vosotros, verb_ellos_ellas_ustedes, curated) VALUES (28, 27, 'es', 'cerrar', 'cierro', 'cierras', 'cierra', 'cerramos', 'cierran', 'cierran', true);
INSERT INTO private.ckn_verb (verb_key, verb_base_key, language, verb_infinitive, verb_yo, verb_tu, verb_el_ella_usted, verb_nosotros, verb_vosotros, verb_ellos_ellas_ustedes, curated) VALUES (29, 29, 'en', 'delay', 'delay', 'delay', 'delay', 'delay', 'delay', 'delay', true);
INSERT INTO private.ckn_verb (verb_key, verb_base_key, language, verb_infinitive, verb_yo, verb_tu, verb_el_ella_usted, verb_nosotros, verb_vosotros, verb_ellos_ellas_ustedes, curated) VALUES (30, 29, 'es', 'retrasar', 'retroso', 'retrosas', 'retrosa', 'retrosamos', 'retrosan', 'retrosan', true);
INSERT INTO private.ckn_verb (verb_key, verb_base_key, language, verb_infinitive, verb_yo, verb_tu, verb_el_ella_usted, verb_nosotros, verb_vosotros, verb_ellos_ellas_ustedes, curated) VALUES (31, 31, 'en', 'depart', 'depart', 'depart', 'depart', 'depart', 'depart', 'depart', true);
INSERT INTO private.ckn_verb (verb_key, verb_base_key, language, verb_infinitive, verb_yo, verb_tu, verb_el_ella_usted, verb_nosotros, verb_vosotros, verb_ellos_ellas_ustedes, curated) VALUES (32, 31, 'es', 'salir', 'salgo', 'sales', 'sale', 'salimos', 'salen', 'salen', true);
INSERT INTO private.ckn_verb (verb_key, verb_base_key, language, verb_infinitive, verb_yo, verb_tu, verb_el_ella_usted, verb_nosotros, verb_vosotros, verb_ellos_ellas_ustedes, curated) VALUES (33, 33, 'en', 'direct', 'direct', 'direct', 'direct', 'direct', 'direct', 'direct', true);
INSERT INTO private.ckn_verb (verb_key, verb_base_key, language, verb_infinitive, verb_yo, verb_tu, verb_el_ella_usted, verb_nosotros, verb_vosotros, verb_ellos_ellas_ustedes, curated) VALUES (34, 33, 'es', 'dirigir', 'dirijo', 'diriges', 'dirige', 'dirigimos', 'dirigen', 'dirigen', true);
INSERT INTO private.ckn_verb (verb_key, verb_base_key, language, verb_infinitive, verb_yo, verb_tu, verb_el_ella_usted, verb_nosotros, verb_vosotros, verb_ellos_ellas_ustedes, curated) VALUES (35, 35, 'en', 'drop', 'drop', 'drop', 'drop', 'drop', 'drop', 'drop', true);
INSERT INTO private.ckn_verb (verb_key, verb_base_key, language, verb_infinitive, verb_yo, verb_tu, verb_el_ella_usted, verb_nosotros, verb_vosotros, verb_ellos_ellas_ustedes, curated) VALUES (36, 35, 'es', 'dejar', 'dejo', 'dejas', 'deja', 'dejamos', 'dejan', 'dejan', true);
INSERT INTO private.ckn_verb (verb_key, verb_base_key, language, verb_infinitive, verb_yo, verb_tu, verb_el_ella_usted, verb_nosotros, verb_vosotros, verb_ellos_ellas_ustedes, curated) VALUES (37, 37, 'en', 'explain', 'explain', 'explain', 'explain', 'explain', 'explain', 'explain', true);
INSERT INTO private.ckn_verb (verb_key, verb_base_key, language, verb_infinitive, verb_yo, verb_tu, verb_el_ella_usted, verb_nosotros, verb_vosotros, verb_ellos_ellas_ustedes, curated) VALUES (38, 37, 'es', 'explicar', 'explico', 'explicas', 'explica', 'explicamos', 'explican', 'explican', true);
INSERT INTO private.ckn_verb (verb_key, verb_base_key, language, verb_infinitive, verb_yo, verb_tu, verb_el_ella_usted, verb_nosotros, verb_vosotros, verb_ellos_ellas_ustedes, curated) VALUES (39, 39, 'en', 'fasten', 'fasten', 'fasten', 'fasten', 'fasten', 'fasten', 'fasten', true);
INSERT INTO private.ckn_verb (verb_key, verb_base_key, language, verb_infinitive, verb_yo, verb_tu, verb_el_ella_usted, verb_nosotros, verb_vosotros, verb_ellos_ellas_ustedes, curated) VALUES (40, 39, 'es', 'abrochar', 'abrocho', 'abrochas', 'abrocha', 'abrochamos', 'abrochan', 'abrochan', true);
INSERT INTO private.ckn_verb (verb_key, verb_base_key, language, verb_infinitive, verb_yo, verb_tu, verb_el_ella_usted, verb_nosotros, verb_vosotros, verb_ellos_ellas_ustedes, curated) VALUES (41, 41, 'en', 'fly', 'fly', 'fly', 'fly', 'fly', 'fly', 'fly', true);
INSERT INTO private.ckn_verb (verb_key, verb_base_key, language, verb_infinitive, verb_yo, verb_tu, verb_el_ella_usted, verb_nosotros, verb_vosotros, verb_ellos_ellas_ustedes, curated) VALUES (42, 41, 'es', 'volar', 'vuelo', 'vuelas', 'vuela', 'volamos', 'vuelan', 'vuelan', true);
INSERT INTO private.ckn_verb (verb_key, verb_base_key, language, verb_infinitive, verb_yo, verb_tu, verb_el_ella_usted, verb_nosotros, verb_vosotros, verb_ellos_ellas_ustedes, curated) VALUES (43, 43, 'en', 'follow', 'follow', 'follow', 'follow', 'follow', 'follow', 'follow', true);
INSERT INTO private.ckn_verb (verb_key, verb_base_key, language, verb_infinitive, verb_yo, verb_tu, verb_el_ella_usted, verb_nosotros, verb_vosotros, verb_ellos_ellas_ustedes, curated) VALUES (44, 43, 'es', 'seguir', 'sigo', 'sigues', 'sigue', 'seguimos', 'siguen', 'siguen', true);
INSERT INTO private.ckn_verb (verb_key, verb_base_key, language, verb_infinitive, verb_yo, verb_tu, verb_el_ella_usted, verb_nosotros, verb_vosotros, verb_ellos_ellas_ustedes, curated) VALUES (45, 45, 'en', 'go', 'go', 'go', 'go', 'go', 'go', 'go', true);
INSERT INTO private.ckn_verb (verb_key, verb_base_key, language, verb_infinitive, verb_yo, verb_tu, verb_el_ella_usted, verb_nosotros, verb_vosotros, verb_ellos_ellas_ustedes, curated) VALUES (46, 45, 'es', 'ir', 'voy', 'vas', 'va', 'vamos', 'van', 'van', true);
INSERT INTO private.ckn_verb (verb_key, verb_base_key, language, verb_infinitive, verb_yo, verb_tu, verb_el_ella_usted, verb_nosotros, verb_vosotros, verb_ellos_ellas_ustedes, curated) VALUES (47, 47, 'en', 'guide', 'guide', 'guide', 'guide', 'guide', 'guide', 'guide', true);
INSERT INTO private.ckn_verb (verb_key, verb_base_key, language, verb_infinitive, verb_yo, verb_tu, verb_el_ella_usted, verb_nosotros, verb_vosotros, verb_ellos_ellas_ustedes, curated) VALUES (48, 47, 'es', 'guiar', 'guío', 'guías', 'guía', 'guiamos', 'guían', 'guían', true);
INSERT INTO private.ckn_verb (verb_key, verb_base_key, language, verb_infinitive, verb_yo, verb_tu, verb_el_ella_usted, verb_nosotros, verb_vosotros, verb_ellos_ellas_ustedes, curated) VALUES (49, 49, 'en', 'help', 'help', 'help', 'help', 'help', 'help', 'help', true);
INSERT INTO private.ckn_verb (verb_key, verb_base_key, language, verb_infinitive, verb_yo, verb_tu, verb_el_ella_usted, verb_nosotros, verb_vosotros, verb_ellos_ellas_ustedes, curated) VALUES (50, 49, 'es', 'ayudar', 'ayudo', 'ayudas', 'ayuda', 'ayudamos', 'ayudan', 'ayudan', true);
INSERT INTO private.ckn_verb (verb_key, verb_base_key, language, verb_infinitive, verb_yo, verb_tu, verb_el_ella_usted, verb_nosotros, verb_vosotros, verb_ellos_ellas_ustedes, curated) VALUES (51, 51, 'en', 'inform', 'inform', 'inform', 'inform', 'inform', 'inform', 'inform', true);
INSERT INTO private.ckn_verb (verb_key, verb_base_key, language, verb_infinitive, verb_yo, verb_tu, verb_el_ella_usted, verb_nosotros, verb_vosotros, verb_ellos_ellas_ustedes, curated) VALUES (52, 51, 'es', 'informar', 'informo', 'informas', 'informa', 'informamos', 'informan', 'informan', true);
INSERT INTO private.ckn_verb (verb_key, verb_base_key, language, verb_infinitive, verb_yo, verb_tu, verb_el_ella_usted, verb_nosotros, verb_vosotros, verb_ellos_ellas_ustedes, curated) VALUES (53, 53, 'en', 'inspect', 'inspect', 'inspect', 'inspect', 'inspect', 'inspect', 'inspect', true);
INSERT INTO private.ckn_verb (verb_key, verb_base_key, language, verb_infinitive, verb_yo, verb_tu, verb_el_ella_usted, verb_nosotros, verb_vosotros, verb_ellos_ellas_ustedes, curated) VALUES (54, 53, 'es', 'inspeccionar', 'inspecciono', 'inspeccionas', 'inspecciona', 'inspeccionamos', 'inspeccionan', 'inspeccionan', true);
INSERT INTO private.ckn_verb (verb_key, verb_base_key, language, verb_infinitive, verb_yo, verb_tu, verb_el_ella_usted, verb_nosotros, verb_vosotros, verb_ellos_ellas_ustedes, curated) VALUES (55, 55, 'en', 'land', 'land', 'land', 'land', 'land', 'land', 'land', true);
INSERT INTO private.ckn_verb (verb_key, verb_base_key, language, verb_infinitive, verb_yo, verb_tu, verb_el_ella_usted, verb_nosotros, verb_vosotros, verb_ellos_ellas_ustedes, curated) VALUES (56, 55, 'es', 'aterrizar', 'aterrizo', 'aterrizas', 'aterriza', 'aterrizamos', 'aterrizan', 'aterrizan', true);
INSERT INTO private.ckn_verb (verb_key, verb_base_key, language, verb_infinitive, verb_yo, verb_tu, verb_el_ella_usted, verb_nosotros, verb_vosotros, verb_ellos_ellas_ustedes, curated) VALUES (57, 57, 'en', 'leave', 'leave', 'leave', 'leave', 'leave', 'leave', 'leave', true);
INSERT INTO private.ckn_verb (verb_key, verb_base_key, language, verb_infinitive, verb_yo, verb_tu, verb_el_ella_usted, verb_nosotros, verb_vosotros, verb_ellos_ellas_ustedes, curated) VALUES (58, 57, 'es', 'salir', 'salgo', 'sales', 'sale', 'salimos', 'salen', 'salen', true);
INSERT INTO private.ckn_verb (verb_key, verb_base_key, language, verb_infinitive, verb_yo, verb_tu, verb_el_ella_usted, verb_nosotros, verb_vosotros, verb_ellos_ellas_ustedes, curated) VALUES (59, 59, 'en', 'listen', 'listen', 'listen', 'listen', 'listen', 'listen', 'listen', true);
INSERT INTO private.ckn_verb (verb_key, verb_base_key, language, verb_infinitive, verb_yo, verb_tu, verb_el_ella_usted, verb_nosotros, verb_vosotros, verb_ellos_ellas_ustedes, curated) VALUES (60, 59, 'es', 'escuchar', 'escucho', 'escuchas', 'escucha', 'escuchamos', 'escuchan', 'escuchan', true);
INSERT INTO private.ckn_verb (verb_key, verb_base_key, language, verb_infinitive, verb_yo, verb_tu, verb_el_ella_usted, verb_nosotros, verb_vosotros, verb_ellos_ellas_ustedes, curated) VALUES (61, 61, 'en', 'load', 'load', 'load', 'load', 'load', 'load', 'load', true);
INSERT INTO private.ckn_verb (verb_key, verb_base_key, language, verb_infinitive, verb_yo, verb_tu, verb_el_ella_usted, verb_nosotros, verb_vosotros, verb_ellos_ellas_ustedes, curated) VALUES (62, 61, 'es', 'cargar', 'cargo', 'cargas', 'carga', 'cargamos', 'cargan', 'cargan', true);
INSERT INTO private.ckn_verb (verb_key, verb_base_key, language, verb_infinitive, verb_yo, verb_tu, verb_el_ella_usted, verb_nosotros, verb_vosotros, verb_ellos_ellas_ustedes, curated) VALUES (63, 63, 'en', 'open', 'open', 'open', 'open', 'open', 'open', 'open', true);
INSERT INTO private.ckn_verb (verb_key, verb_base_key, language, verb_infinitive, verb_yo, verb_tu, verb_el_ella_usted, verb_nosotros, verb_vosotros, verb_ellos_ellas_ustedes, curated) VALUES (64, 63, 'es', 'abrir', 'abro', 'abres', 'abre', 'abrimos', 'abren', 'abren', true);
INSERT INTO private.ckn_verb (verb_key, verb_base_key, language, verb_infinitive, verb_yo, verb_tu, verb_el_ella_usted, verb_nosotros, verb_vosotros, verb_ellos_ellas_ustedes, curated) VALUES (65, 65, 'en', 'pack', 'pack', 'pack', 'pack', 'pack', 'pack', 'pack', true);
INSERT INTO private.ckn_verb (verb_key, verb_base_key, language, verb_infinitive, verb_yo, verb_tu, verb_el_ella_usted, verb_nosotros, verb_vosotros, verb_ellos_ellas_ustedes, curated) VALUES (66, 65, 'es', 'empacar', 'empaco', 'empacas', 'empaca', 'empacamos', 'empacan', 'empacan', true);
INSERT INTO private.ckn_verb (verb_key, verb_base_key, language, verb_infinitive, verb_yo, verb_tu, verb_el_ella_usted, verb_nosotros, verb_vosotros, verb_ellos_ellas_ustedes, curated) VALUES (67, 67, 'en', 'pay', 'pay', 'pay', 'pay', 'pay', 'pay', 'pay', true);
INSERT INTO private.ckn_verb (verb_key, verb_base_key, language, verb_infinitive, verb_yo, verb_tu, verb_el_ella_usted, verb_nosotros, verb_vosotros, verb_ellos_ellas_ustedes, curated) VALUES (68, 67, 'es', 'pagar', 'pago', 'pagas', 'paga', 'pagamos', 'pagan', 'pagan', true);
INSERT INTO private.ckn_verb (verb_key, verb_base_key, language, verb_infinitive, verb_yo, verb_tu, verb_el_ella_usted, verb_nosotros, verb_vosotros, verb_ellos_ellas_ustedes, curated) VALUES (69, 69, 'en', 'plan', 'plan', 'plan', 'plan', 'plan', 'plan', 'plan', true);
INSERT INTO private.ckn_verb (verb_key, verb_base_key, language, verb_infinitive, verb_yo, verb_tu, verb_el_ella_usted, verb_nosotros, verb_vosotros, verb_ellos_ellas_ustedes, curated) VALUES (70, 69, 'es', 'planear', 'planeo', 'planeas', 'planea', 'planeamos', 'planean', 'planean', true);
INSERT INTO private.ckn_verb (verb_key, verb_base_key, language, verb_infinitive, verb_yo, verb_tu, verb_el_ella_usted, verb_nosotros, verb_vosotros, verb_ellos_ellas_ustedes, curated) VALUES (71, 71, 'en', 'present', 'present', 'present', 'present', 'present', 'present', 'present', true);
INSERT INTO private.ckn_verb (verb_key, verb_base_key, language, verb_infinitive, verb_yo, verb_tu, verb_el_ella_usted, verb_nosotros, verb_vosotros, verb_ellos_ellas_ustedes, curated) VALUES (72, 71, 'es', 'presentar', 'presento', 'presentas', 'presenta', 'presentamos', 'presentan', 'presentan', true);
INSERT INTO private.ckn_verb (verb_key, verb_base_key, language, verb_infinitive, verb_yo, verb_tu, verb_el_ella_usted, verb_nosotros, verb_vosotros, verb_ellos_ellas_ustedes, curated) VALUES (73, 73, 'en', 'print', 'print', 'print', 'print', 'print', 'print', 'print', true);
INSERT INTO private.ckn_verb (verb_key, verb_base_key, language, verb_infinitive, verb_yo, verb_tu, verb_el_ella_usted, verb_nosotros, verb_vosotros, verb_ellos_ellas_ustedes, curated) VALUES (74, 73, 'es', 'imprimir', 'imprimo', 'imprimes', 'imprime', 'imprimimos', 'imprimen', 'imprimen', true);
INSERT INTO private.ckn_verb (verb_key, verb_base_key, language, verb_infinitive, verb_yo, verb_tu, verb_el_ella_usted, verb_nosotros, verb_vosotros, verb_ellos_ellas_ustedes, curated) VALUES (75, 75, 'en', 'read', 'read', 'read', 'read', 'read', 'read', 'read', true);
INSERT INTO private.ckn_verb (verb_key, verb_base_key, language, verb_infinitive, verb_yo, verb_tu, verb_el_ella_usted, verb_nosotros, verb_vosotros, verb_ellos_ellas_ustedes, curated) VALUES (76, 75, 'es', 'leer', 'leo', 'lees', 'lee', 'leemos', 'leen', 'leen', true);
INSERT INTO private.ckn_verb (verb_key, verb_base_key, language, verb_infinitive, verb_yo, verb_tu, verb_el_ella_usted, verb_nosotros, verb_vosotros, verb_ellos_ellas_ustedes, curated) VALUES (77, 77, 'en', 'reschedule', 'reschedule', 'reschedule', 'reschedule', 'reschedule', 'reschedule', 'reschedule', true);
INSERT INTO private.ckn_verb (verb_key, verb_base_key, language, verb_infinitive, verb_yo, verb_tu, verb_el_ella_usted, verb_nosotros, verb_vosotros, verb_ellos_ellas_ustedes, curated) VALUES (78, 77, 'es', 'reprogramar', 'reprogramo', 'reprogramas', 'reprograma', 'reprogramamos', 'reprograman', 'reprograman', true);
INSERT INTO private.ckn_verb (verb_key, verb_base_key, language, verb_infinitive, verb_yo, verb_tu, verb_el_ella_usted, verb_nosotros, verb_vosotros, verb_ellos_ellas_ustedes, curated) VALUES (79, 79, 'en', 'run', 'run', 'run', 'run', 'run', 'run', 'run', true);
INSERT INTO private.ckn_verb (verb_key, verb_base_key, language, verb_infinitive, verb_yo, verb_tu, verb_el_ella_usted, verb_nosotros, verb_vosotros, verb_ellos_ellas_ustedes, curated) VALUES (80, 79, 'es', 'correr', 'corro', 'corres', 'corre', 'corrimos', 'corren', 'corren', true);
INSERT INTO private.ckn_verb (verb_key, verb_base_key, language, verb_infinitive, verb_yo, verb_tu, verb_el_ella_usted, verb_nosotros, verb_vosotros, verb_ellos_ellas_ustedes, curated) VALUES (81, 81, 'en', 'say', 'say', 'say', 'say', 'say', 'say', 'say', true);
INSERT INTO private.ckn_verb (verb_key, verb_base_key, language, verb_infinitive, verb_yo, verb_tu, verb_el_ella_usted, verb_nosotros, verb_vosotros, verb_ellos_ellas_ustedes, curated) VALUES (82, 81, 'es', 'decir', 'digo', 'dices', 'dice', 'decimos', 'dicen', 'dicen', true);
INSERT INTO private.ckn_verb (verb_key, verb_base_key, language, verb_infinitive, verb_yo, verb_tu, verb_el_ella_usted, verb_nosotros, verb_vosotros, verb_ellos_ellas_ustedes, curated) VALUES (83, 83, 'en', 'scan', 'scan', 'scan', 'scan', 'scan', 'scan', 'scan', true);
INSERT INTO private.ckn_verb (verb_key, verb_base_key, language, verb_infinitive, verb_yo, verb_tu, verb_el_ella_usted, verb_nosotros, verb_vosotros, verb_ellos_ellas_ustedes, curated) VALUES (84, 83, 'es', 'escanear', 'escaneo', 'escaneas', 'escanea', 'escaneamos', 'escanean', 'escanean', true);
INSERT INTO private.ckn_verb (verb_key, verb_base_key, language, verb_infinitive, verb_yo, verb_tu, verb_el_ella_usted, verb_nosotros, verb_vosotros, verb_ellos_ellas_ustedes, curated) VALUES (85, 85, 'en', 'search', 'search', 'search', 'search', 'search', 'search', 'search', true);
INSERT INTO private.ckn_verb (verb_key, verb_base_key, language, verb_infinitive, verb_yo, verb_tu, verb_el_ella_usted, verb_nosotros, verb_vosotros, verb_ellos_ellas_ustedes, curated) VALUES (86, 85, 'es', 'buscar', 'busco', 'buscas', 'busca', 'buscamos', 'buscan', 'buscan', true);
INSERT INTO private.ckn_verb (verb_key, verb_base_key, language, verb_infinitive, verb_yo, verb_tu, verb_el_ella_usted, verb_nosotros, verb_vosotros, verb_ellos_ellas_ustedes, curated) VALUES (87, 87, 'en', 'show', 'show', 'show', 'show', 'show', 'show', 'show', true);
INSERT INTO private.ckn_verb (verb_key, verb_base_key, language, verb_infinitive, verb_yo, verb_tu, verb_el_ella_usted, verb_nosotros, verb_vosotros, verb_ellos_ellas_ustedes, curated) VALUES (88, 87, 'es', 'mostrar', 'muestro', 'muestras', 'muestra', 'mostramos', 'muestran', 'muestran', true);
INSERT INTO private.ckn_verb (verb_key, verb_base_key, language, verb_infinitive, verb_yo, verb_tu, verb_el_ella_usted, verb_nosotros, verb_vosotros, verb_ellos_ellas_ustedes, curated) VALUES (89, 89, 'en', 'show up', 'show up', 'show up', 'show up', 'show up', 'show up', 'show up', true);
INSERT INTO private.ckn_verb (verb_key, verb_base_key, language, verb_infinitive, verb_yo, verb_tu, verb_el_ella_usted, verb_nosotros, verb_vosotros, verb_ellos_ellas_ustedes, curated) VALUES (90, 89, 'es', 'aparecer', 'aparezco', 'apareces', 'aparece', 'aparecemos', 'aparecen', 'aparecen', true);
INSERT INTO private.ckn_verb (verb_key, verb_base_key, language, verb_infinitive, verb_yo, verb_tu, verb_el_ella_usted, verb_nosotros, verb_vosotros, verb_ellos_ellas_ustedes, curated) VALUES (91, 91, 'en', 'sit', 'sit', 'sit', 'sit', 'sit', 'sit', 'sit', true);
INSERT INTO private.ckn_verb (verb_key, verb_base_key, language, verb_infinitive, verb_yo, verb_tu, verb_el_ella_usted, verb_nosotros, verb_vosotros, verb_ellos_ellas_ustedes, curated) VALUES (92, 91, 'es', 'sentarse', 'me siento', 'te sientas', 'se sienta', 'nos sentamos', 'se sientan', 'se sientan', true);
INSERT INTO private.ckn_verb (verb_key, verb_base_key, language, verb_infinitive, verb_yo, verb_tu, verb_el_ella_usted, verb_nosotros, verb_vosotros, verb_ellos_ellas_ustedes, curated) VALUES (93, 93, 'en', 'speak', 'speak', 'speak', 'speak', 'speak', 'speak', 'speak', true);
INSERT INTO private.ckn_verb (verb_key, verb_base_key, language, verb_infinitive, verb_yo, verb_tu, verb_el_ella_usted, verb_nosotros, verb_vosotros, verb_ellos_ellas_ustedes, curated) VALUES (94, 93, 'es', 'hablar', 'hablo', 'hablas', 'habla', 'hablamos', 'hablan', 'hablan', true);
INSERT INTO private.ckn_verb (verb_key, verb_base_key, language, verb_infinitive, verb_yo, verb_tu, verb_el_ella_usted, verb_nosotros, verb_vosotros, verb_ellos_ellas_ustedes, curated) VALUES (95, 95, 'en', 'stand', 'stand', 'stand', 'stand', 'stand', 'stand', 'stand', true);
INSERT INTO private.ckn_verb (verb_key, verb_base_key, language, verb_infinitive, verb_yo, verb_tu, verb_el_ella_usted, verb_nosotros, verb_vosotros, verb_ellos_ellas_ustedes, curated) VALUES (96, 95, 'es', 'pararse', 'me paro', 'te paras', 'se para', 'nos paramos', 'se paran', 'se paran', true);
INSERT INTO private.ckn_verb (verb_key, verb_base_key, language, verb_infinitive, verb_yo, verb_tu, verb_el_ella_usted, verb_nosotros, verb_vosotros, verb_ellos_ellas_ustedes, curated) VALUES (97, 97, 'en', 'tell', 'tell', 'tell', 'tell', 'tell', 'tell', 'tell', true);
INSERT INTO private.ckn_verb (verb_key, verb_base_key, language, verb_infinitive, verb_yo, verb_tu, verb_el_ella_usted, verb_nosotros, verb_vosotros, verb_ellos_ellas_ustedes, curated) VALUES (98, 97, 'es', 'decir', 'digo', 'dices', 'dice', 'decimos', 'dicen', 'dicen', true);
INSERT INTO private.ckn_verb (verb_key, verb_base_key, language, verb_infinitive, verb_yo, verb_tu, verb_el_ella_usted, verb_nosotros, verb_vosotros, verb_ellos_ellas_ustedes, curated) VALUES (99, 99, 'en', 'transport', 'transport', 'transport', 'transport', 'transport', 'transport', 'transport', true);
INSERT INTO private.ckn_verb (verb_key, verb_base_key, language, verb_infinitive, verb_yo, verb_tu, verb_el_ella_usted, verb_nosotros, verb_vosotros, verb_ellos_ellas_ustedes, curated) VALUES (100, 99, 'es', 'transportar', 'transporto', 'transportas', 'transporta', 'transportamos', 'transportan', 'transportan', true);
INSERT INTO private.ckn_verb (verb_key, verb_base_key, language, verb_infinitive, verb_yo, verb_tu, verb_el_ella_usted, verb_nosotros, verb_vosotros, verb_ellos_ellas_ustedes, curated) VALUES (101, 101, 'en', 'travel', 'travel', 'travel', 'travel', 'travel', 'travel', 'travel', true);
INSERT INTO private.ckn_verb (verb_key, verb_base_key, language, verb_infinitive, verb_yo, verb_tu, verb_el_ella_usted, verb_nosotros, verb_vosotros, verb_ellos_ellas_ustedes, curated) VALUES (102, 101, 'es', 'viajar', 'viajo', 'viajas', 'viaja', 'viajamos', 'viajan', 'viajan', true);
INSERT INTO private.ckn_verb (verb_key, verb_base_key, language, verb_infinitive, verb_yo, verb_tu, verb_el_ella_usted, verb_nosotros, verb_vosotros, verb_ellos_ellas_ustedes, curated) VALUES (103, 103, 'en', 'understand', 'understand', 'understand', 'understand', 'understand', 'understand', 'understand', true);
INSERT INTO private.ckn_verb (verb_key, verb_base_key, language, verb_infinitive, verb_yo, verb_tu, verb_el_ella_usted, verb_nosotros, verb_vosotros, verb_ellos_ellas_ustedes, curated) VALUES (104, 103, 'es', 'entender', 'entiendo', 'entiendes', 'entiende', 'entendemos', 'entienden', 'entienden', true);
INSERT INTO private.ckn_verb (verb_key, verb_base_key, language, verb_infinitive, verb_yo, verb_tu, verb_el_ella_usted, verb_nosotros, verb_vosotros, verb_ellos_ellas_ustedes, curated) VALUES (105, 105, 'en', 'unload', 'unload', 'unload', 'unload', 'unload', 'unload', 'unload', true);
INSERT INTO private.ckn_verb (verb_key, verb_base_key, language, verb_infinitive, verb_yo, verb_tu, verb_el_ella_usted, verb_nosotros, verb_vosotros, verb_ellos_ellas_ustedes, curated) VALUES (106, 105, 'es', 'descargar', 'descargo', 'descargas', 'descarga', 'descargamos', 'descargan', 'descargan', true);
INSERT INTO private.ckn_verb (verb_key, verb_base_key, language, verb_infinitive, verb_yo, verb_tu, verb_el_ella_usted, verb_nosotros, verb_vosotros, verb_ellos_ellas_ustedes, curated) VALUES (107, 107, 'en', 'unpack', 'unpack', 'unpack', 'unpack', 'unpack', 'unpack', 'unpack', true);
INSERT INTO private.ckn_verb (verb_key, verb_base_key, language, verb_infinitive, verb_yo, verb_tu, verb_el_ella_usted, verb_nosotros, verb_vosotros, verb_ellos_ellas_ustedes, curated) VALUES (108, 107, 'es', 'desempacar', 'desempaco', 'desempacas', 'desempaca', 'desempacamos', 'desempacan', 'desempacan', true);
INSERT INTO private.ckn_verb (verb_key, verb_base_key, language, verb_infinitive, verb_yo, verb_tu, verb_el_ella_usted, verb_nosotros, verb_vosotros, verb_ellos_ellas_ustedes, curated) VALUES (109, 109, 'en', 'wait', 'wait', 'wait', 'wait', 'wait', 'wait', 'wait', true);
INSERT INTO private.ckn_verb (verb_key, verb_base_key, language, verb_infinitive, verb_yo, verb_tu, verb_el_ella_usted, verb_nosotros, verb_vosotros, verb_ellos_ellas_ustedes, curated) VALUES (110, 109, 'es', 'esperar', 'espero', 'esperas', 'espera', 'esperamos', 'esperan', 'esperan', true);
INSERT INTO private.ckn_verb (verb_key, verb_base_key, language, verb_infinitive, verb_yo, verb_tu, verb_el_ella_usted, verb_nosotros, verb_vosotros, verb_ellos_ellas_ustedes, curated) VALUES (111, 111, 'en', 'walk', 'walk', 'walk', 'walk', 'walk', 'walk', 'walk', true);
INSERT INTO private.ckn_verb (verb_key, verb_base_key, language, verb_infinitive, verb_yo, verb_tu, verb_el_ella_usted, verb_nosotros, verb_vosotros, verb_ellos_ellas_ustedes, curated) VALUES (112, 111, 'es', 'caminar', 'camino', 'caminas', 'camina', 'caminamos', 'caminan', 'caminan', true);
INSERT INTO private.ckn_verb (verb_key, verb_base_key, language, verb_infinitive, verb_yo, verb_tu, verb_el_ella_usted, verb_nosotros, verb_vosotros, verb_ellos_ellas_ustedes, curated) VALUES (113, 113, 'en', 'adjust', 'adjust', 'adjust', 'adjust', 'adjust', 'adjust', 'adjust', true);
INSERT INTO private.ckn_verb (verb_key, verb_base_key, language, verb_infinitive, verb_yo, verb_tu, verb_el_ella_usted, verb_nosotros, verb_vosotros, verb_ellos_ellas_ustedes, curated) VALUES (114, 113, 'es', 'ajustar', 'ajusto', 'ajustas', 'ajusta', 'ajustamos', 'ajustan', 'ajustan', true);
INSERT INTO private.ckn_verb (verb_key, verb_base_key, language, verb_infinitive, verb_yo, verb_tu, verb_el_ella_usted, verb_nosotros, verb_vosotros, verb_ellos_ellas_ustedes, curated) VALUES (121, 121, 'en', 'ask for', 'ask for', 'ask for', 'ask for', 'ask for', 'ask for', 'ask for', true);
INSERT INTO private.ckn_verb (verb_key, verb_base_key, language, verb_infinitive, verb_yo, verb_tu, verb_el_ella_usted, verb_nosotros, verb_vosotros, verb_ellos_ellas_ustedes, curated) VALUES (122, 121, 'es', 'pedir', 'pido', 'pides', 'pide', 'pedimos', 'piden', 'piden', true);
INSERT INTO private.ckn_verb (verb_key, verb_base_key, language, verb_infinitive, verb_yo, verb_tu, verb_el_ella_usted, verb_nosotros, verb_vosotros, verb_ellos_ellas_ustedes, curated) VALUES (123, 123, 'en', 'book', 'book', 'book', 'book', 'book', 'book', 'book', true);
INSERT INTO private.ckn_verb (verb_key, verb_base_key, language, verb_infinitive, verb_yo, verb_tu, verb_el_ella_usted, verb_nosotros, verb_vosotros, verb_ellos_ellas_ustedes, curated) VALUES (124, 123, 'es', 'reservar', 'reservo', 'reservas', 'reserva', 'reservamos', 'reservan', 'reservan', true);
INSERT INTO private.ckn_verb (verb_key, verb_base_key, language, verb_infinitive, verb_yo, verb_tu, verb_el_ella_usted, verb_nosotros, verb_vosotros, verb_ellos_ellas_ustedes, curated) VALUES (125, 125, 'en', 'bring', 'bring', 'bring', 'bring', 'bring', 'bring', 'bring', true);
INSERT INTO private.ckn_verb (verb_key, verb_base_key, language, verb_infinitive, verb_yo, verb_tu, verb_el_ella_usted, verb_nosotros, verb_vosotros, verb_ellos_ellas_ustedes, curated) VALUES (126, 125, 'es', 'traer', 'traigo', 'traes', 'trae', 'traemos', 'traen', 'traen', true);
INSERT INTO private.ckn_verb (verb_key, verb_base_key, language, verb_infinitive, verb_yo, verb_tu, verb_el_ella_usted, verb_nosotros, verb_vosotros, verb_ellos_ellas_ustedes, curated) VALUES (129, 129, 'en', 'call for', 'call for', 'call for', 'call for', 'call for', 'call for', 'call for', true);
INSERT INTO private.ckn_verb (verb_key, verb_base_key, language, verb_infinitive, verb_yo, verb_tu, verb_el_ella_usted, verb_nosotros, verb_vosotros, verb_ellos_ellas_ustedes, curated) VALUES (130, 129, 'es', 'llamar por', 'llamo por', 'llamas por', 'llama por', 'llamamos por', 'llaman por', 'llaman por', true);
INSERT INTO private.ckn_verb (verb_key, verb_base_key, language, verb_infinitive, verb_yo, verb_tu, verb_el_ella_usted, verb_nosotros, verb_vosotros, verb_ellos_ellas_ustedes, curated) VALUES (135, 135, 'en', 'change', 'change', 'change', 'change', 'change', 'change', 'change', true);
INSERT INTO private.ckn_verb (verb_key, verb_base_key, language, verb_infinitive, verb_yo, verb_tu, verb_el_ella_usted, verb_nosotros, verb_vosotros, verb_ellos_ellas_ustedes, curated) VALUES (136, 135, 'es', 'cambiar', 'cambio', 'cambias', 'cambia', 'cambiamos', 'cambian', 'cambian', true);
INSERT INTO private.ckn_verb (verb_key, verb_base_key, language, verb_infinitive, verb_yo, verb_tu, verb_el_ella_usted, verb_nosotros, verb_vosotros, verb_ellos_ellas_ustedes, curated) VALUES (137, 137, 'en', 'charge', 'charge', 'charge', 'charge', 'charge', 'charge', 'charge', true);
INSERT INTO private.ckn_verb (verb_key, verb_base_key, language, verb_infinitive, verb_yo, verb_tu, verb_el_ella_usted, verb_nosotros, verb_vosotros, verb_ellos_ellas_ustedes, curated) VALUES (138, 137, 'es', 'cobrar', 'cobro', 'cobras', 'cobra', 'cobramos', 'cobran', 'cobran', true);
INSERT INTO private.ckn_verb (verb_key, verb_base_key, language, verb_infinitive, verb_yo, verb_tu, verb_el_ella_usted, verb_nosotros, verb_vosotros, verb_ellos_ellas_ustedes, curated) VALUES (143, 143, 'en', 'check out', 'check out', 'check out', 'check out', 'check out', 'check out', 'check out', true);
INSERT INTO private.ckn_verb (verb_key, verb_base_key, language, verb_infinitive, verb_yo, verb_tu, verb_el_ella_usted, verb_nosotros, verb_vosotros, verb_ellos_ellas_ustedes, curated) VALUES (144, 143, 'es', 'salir', 'salgo', 'sales', 'sale', 'salimos', 'salen', 'salen', true);
INSERT INTO private.ckn_verb (verb_key, verb_base_key, language, verb_infinitive, verb_yo, verb_tu, verb_el_ella_usted, verb_nosotros, verb_vosotros, verb_ellos_ellas_ustedes, curated) VALUES (145, 145, 'en', 'clean', 'clean', 'clean', 'clean', 'clean', 'clean', 'clean', true);
INSERT INTO private.ckn_verb (verb_key, verb_base_key, language, verb_infinitive, verb_yo, verb_tu, verb_el_ella_usted, verb_nosotros, verb_vosotros, verb_ellos_ellas_ustedes, curated) VALUES (146, 145, 'es', 'limpiar', 'limpio', 'limpias', 'limpia', 'limpiamos', 'limpian', 'limpian', true);
INSERT INTO private.ckn_verb (verb_key, verb_base_key, language, verb_infinitive, verb_yo, verb_tu, verb_el_ella_usted, verb_nosotros, verb_vosotros, verb_ellos_ellas_ustedes, curated) VALUES (149, 149, 'en', 'come', 'come', 'come', 'come', 'come', 'come', 'come', true);
INSERT INTO private.ckn_verb (verb_key, verb_base_key, language, verb_infinitive, verb_yo, verb_tu, verb_el_ella_usted, verb_nosotros, verb_vosotros, verb_ellos_ellas_ustedes, curated) VALUES (150, 149, 'es', 'venir', 'vengo', 'vienes', 'viene', 'venimos', 'vienen', 'vienen', true);
INSERT INTO private.ckn_verb (verb_key, verb_base_key, language, verb_infinitive, verb_yo, verb_tu, verb_el_ella_usted, verb_nosotros, verb_vosotros, verb_ellos_ellas_ustedes, curated) VALUES (151, 151, 'en', 'complain', 'complain', 'complain', 'complain', 'complain', 'complain', 'complain', true);
INSERT INTO private.ckn_verb (verb_key, verb_base_key, language, verb_infinitive, verb_yo, verb_tu, verb_el_ella_usted, verb_nosotros, verb_vosotros, verb_ellos_ellas_ustedes, curated) VALUES (152, 151, 'es', 'quejarse', 'me quejo', 'te quejas', 'se queja', 'nos quejamos', 'se quejan', 'se quejan', true);
INSERT INTO private.ckn_verb (verb_key, verb_base_key, language, verb_infinitive, verb_yo, verb_tu, verb_el_ella_usted, verb_nosotros, verb_vosotros, verb_ellos_ellas_ustedes, curated) VALUES (153, 153, 'en', 'confirm', 'confirm', 'confirm', 'confirm', 'confirm', 'confirm', 'confirm', true);
INSERT INTO private.ckn_verb (verb_key, verb_base_key, language, verb_infinitive, verb_yo, verb_tu, verb_el_ella_usted, verb_nosotros, verb_vosotros, verb_ellos_ellas_ustedes, curated) VALUES (154, 153, 'es', 'confirmar', 'confirmo', 'confirmas', 'confirma', 'confirmamos', 'confirman', 'confirman', true);
INSERT INTO private.ckn_verb (verb_key, verb_base_key, language, verb_infinitive, verb_yo, verb_tu, verb_el_ella_usted, verb_nosotros, verb_vosotros, verb_ellos_ellas_ustedes, curated) VALUES (155, 155, 'en', 'connect', 'connect', 'connect', 'connect', 'connect', 'connect', 'connect', true);
INSERT INTO private.ckn_verb (verb_key, verb_base_key, language, verb_infinitive, verb_yo, verb_tu, verb_el_ella_usted, verb_nosotros, verb_vosotros, verb_ellos_ellas_ustedes, curated) VALUES (156, 155, 'es', 'conectar', 'conecto', 'conectas', 'conecta', 'conectamos', 'conectan', 'conectan', true);
INSERT INTO private.ckn_verb (verb_key, verb_base_key, language, verb_infinitive, verb_yo, verb_tu, verb_el_ella_usted, verb_nosotros, verb_vosotros, verb_ellos_ellas_ustedes, curated) VALUES (157, 157, 'en', 'disconnect', 'disconnect', 'disconnect', 'disconnect', 'disconnect', 'disconnect', 'disconnect', true);
INSERT INTO private.ckn_verb (verb_key, verb_base_key, language, verb_infinitive, verb_yo, verb_tu, verb_el_ella_usted, verb_nosotros, verb_vosotros, verb_ellos_ellas_ustedes, curated) VALUES (158, 157, 'es', 'desconectar', 'desconecto', 'desconectas', 'desconecta', 'desconectamos', 'desconectan', 'desconectan', true);
INSERT INTO private.ckn_verb (verb_key, verb_base_key, language, verb_infinitive, verb_yo, verb_tu, verb_el_ella_usted, verb_nosotros, verb_vosotros, verb_ellos_ellas_ustedes, curated) VALUES (159, 159, 'en', 'enjoy', 'enjoy', 'enjoy', 'enjoy', 'enjoy', 'enjoy', 'enjoy', true);
INSERT INTO private.ckn_verb (verb_key, verb_base_key, language, verb_infinitive, verb_yo, verb_tu, verb_el_ella_usted, verb_nosotros, verb_vosotros, verb_ellos_ellas_ustedes, curated) VALUES (160, 159, 'es', 'disfrutar', 'disfruto', 'disfrutas', 'disfruta', 'disfrutamos', 'disfrutan', 'disfrutan', true);
INSERT INTO private.ckn_verb (verb_key, verb_base_key, language, verb_infinitive, verb_yo, verb_tu, verb_el_ella_usted, verb_nosotros, verb_vosotros, verb_ellos_ellas_ustedes, curated) VALUES (161, 161, 'en', 'find', 'find', 'find', 'find', 'find', 'find', 'find', true);
INSERT INTO private.ckn_verb (verb_key, verb_base_key, language, verb_infinitive, verb_yo, verb_tu, verb_el_ella_usted, verb_nosotros, verb_vosotros, verb_ellos_ellas_ustedes, curated) VALUES (162, 161, 'es', 'encontrar', 'encuentro', 'encuentras', 'encuentra', 'encontramos', 'encuentran', 'encuentran', true);
INSERT INTO private.ckn_verb (verb_key, verb_base_key, language, verb_infinitive, verb_yo, verb_tu, verb_el_ella_usted, verb_nosotros, verb_vosotros, verb_ellos_ellas_ustedes, curated) VALUES (163, 163, 'en', 'fix', 'fix', 'fix', 'fix', 'fix', 'fix', 'fix', true);
INSERT INTO private.ckn_verb (verb_key, verb_base_key, language, verb_infinitive, verb_yo, verb_tu, verb_el_ella_usted, verb_nosotros, verb_vosotros, verb_ellos_ellas_ustedes, curated) VALUES (164, 163, 'es', 'arreglar', 'arreglo', 'arreglas', 'arregla', 'arreglamos', 'arreglan', 'arreglan', true);
INSERT INTO private.ckn_verb (verb_key, verb_base_key, language, verb_infinitive, verb_yo, verb_tu, verb_el_ella_usted, verb_nosotros, verb_vosotros, verb_ellos_ellas_ustedes, curated) VALUES (165, 165, 'en', 'forget', 'forget', 'forget', 'forget', 'forget', 'forget', 'forget', true);
INSERT INTO private.ckn_verb (verb_key, verb_base_key, language, verb_infinitive, verb_yo, verb_tu, verb_el_ella_usted, verb_nosotros, verb_vosotros, verb_ellos_ellas_ustedes, curated) VALUES (166, 165, 'es', 'olvidar', 'olvido', 'olvidas', 'olvida', 'olvidamos', 'olvidan', 'olvidan', true);
INSERT INTO private.ckn_verb (verb_key, verb_base_key, language, verb_infinitive, verb_yo, verb_tu, verb_el_ella_usted, verb_nosotros, verb_vosotros, verb_ellos_ellas_ustedes, curated) VALUES (169, 169, 'en', 'have', 'have', 'have', 'have', 'have', 'have', 'have', true);
INSERT INTO private.ckn_verb (verb_key, verb_base_key, language, verb_infinitive, verb_yo, verb_tu, verb_el_ella_usted, verb_nosotros, verb_vosotros, verb_ellos_ellas_ustedes, curated) VALUES (170, 169, 'es', 'tener', 'tengo', 'tienes', 'tiene', 'tenemos', 'tienen', 'tienen', true);
INSERT INTO private.ckn_verb (verb_key, verb_base_key, language, verb_infinitive, verb_yo, verb_tu, verb_el_ella_usted, verb_nosotros, verb_vosotros, verb_ellos_ellas_ustedes, curated) VALUES (175, 175, 'en', 'lock', 'lock', 'lock', 'lock', 'lock', 'lock', 'lock', true);
INSERT INTO private.ckn_verb (verb_key, verb_base_key, language, verb_infinitive, verb_yo, verb_tu, verb_el_ella_usted, verb_nosotros, verb_vosotros, verb_ellos_ellas_ustedes, curated) VALUES (176, 175, 'es', 'cerrar con llave', 'cierro con llave', 'cierras con llave', 'cierra con llave', 'cerramos con llave', 'cierran con llave', 'cierran con llave', true);
INSERT INTO private.ckn_verb (verb_key, verb_base_key, language, verb_infinitive, verb_yo, verb_tu, verb_el_ella_usted, verb_nosotros, verb_vosotros, verb_ellos_ellas_ustedes, curated) VALUES (177, 177, 'en', 'lose', 'lose', 'lose', 'lose', 'lose', 'lose', 'lose', true);
INSERT INTO private.ckn_verb (verb_key, verb_base_key, language, verb_infinitive, verb_yo, verb_tu, verb_el_ella_usted, verb_nosotros, verb_vosotros, verb_ellos_ellas_ustedes, curated) VALUES (178, 177, 'es', 'perder', 'pierdo', 'pierdes', 'pierde', 'perdemos', 'pierden', 'pierden', true);
INSERT INTO private.ckn_verb (verb_key, verb_base_key, language, verb_infinitive, verb_yo, verb_tu, verb_el_ella_usted, verb_nosotros, verb_vosotros, verb_ellos_ellas_ustedes, curated) VALUES (179, 179, 'en', 'move', 'move', 'move', 'move', 'move', 'move', 'move', true);
INSERT INTO private.ckn_verb (verb_key, verb_base_key, language, verb_infinitive, verb_yo, verb_tu, verb_el_ella_usted, verb_nosotros, verb_vosotros, verb_ellos_ellas_ustedes, curated) VALUES (180, 179, 'es', 'mover', 'muevo', 'mueves', 'mueve', 'movemos', 'mueven', 'mueven', true);
INSERT INTO private.ckn_verb (verb_key, verb_base_key, language, verb_infinitive, verb_yo, verb_tu, verb_el_ella_usted, verb_nosotros, verb_vosotros, verb_ellos_ellas_ustedes, curated) VALUES (181, 181, 'en', 'need', 'need', 'need', 'need', 'need', 'need', 'need', true);
INSERT INTO private.ckn_verb (verb_key, verb_base_key, language, verb_infinitive, verb_yo, verb_tu, verb_el_ella_usted, verb_nosotros, verb_vosotros, verb_ellos_ellas_ustedes, curated) VALUES (182, 181, 'es', 'necesitar', 'necesito', 'necesitas', 'necesita', 'necesitamos', 'necesitan', 'necesitan', true);
INSERT INTO private.ckn_verb (verb_key, verb_base_key, language, verb_infinitive, verb_yo, verb_tu, verb_el_ella_usted, verb_nosotros, verb_vosotros, verb_ellos_ellas_ustedes, curated) VALUES (189, 189, 'en', 'remember', 'remember', 'remember', 'remember', 'remember', 'remember', 'remember', true);
INSERT INTO private.ckn_verb (verb_key, verb_base_key, language, verb_infinitive, verb_yo, verb_tu, verb_el_ella_usted, verb_nosotros, verb_vosotros, verb_ellos_ellas_ustedes, curated) VALUES (190, 189, 'es', 'recordar', 'recuerdo', 'recuerdas', 'recuerda', 'recordamos', 'recuerdan', 'recuerdan', true);
INSERT INTO private.ckn_verb (verb_key, verb_base_key, language, verb_infinitive, verb_yo, verb_tu, verb_el_ella_usted, verb_nosotros, verb_vosotros, verb_ellos_ellas_ustedes, curated) VALUES (191, 191, 'en', 'repair', 'repair', 'repair', 'repair', 'repair', 'repair', 'repair', true);
INSERT INTO private.ckn_verb (verb_key, verb_base_key, language, verb_infinitive, verb_yo, verb_tu, verb_el_ella_usted, verb_nosotros, verb_vosotros, verb_ellos_ellas_ustedes, curated) VALUES (192, 191, 'es', 'reparar', 'reparo', 'reparas', 'repara', 'reparamos', 'reparan', 'reparan', true);
INSERT INTO private.ckn_verb (verb_key, verb_base_key, language, verb_infinitive, verb_yo, verb_tu, verb_el_ella_usted, verb_nosotros, verb_vosotros, verb_ellos_ellas_ustedes, curated) VALUES (193, 193, 'en', 'replace', 'replace', 'replace', 'replace', 'replace', 'replace', 'replace', true);
INSERT INTO private.ckn_verb (verb_key, verb_base_key, language, verb_infinitive, verb_yo, verb_tu, verb_el_ella_usted, verb_nosotros, verb_vosotros, verb_ellos_ellas_ustedes, curated) VALUES (194, 193, 'es', 'reemplazar', 'reemplazo', 'reemplazas', 'reemplaza', 'reemplazamos', 'reemplazan', 'reemplazan', true);
INSERT INTO private.ckn_verb (verb_key, verb_base_key, language, verb_infinitive, verb_yo, verb_tu, verb_el_ella_usted, verb_nosotros, verb_vosotros, verb_ellos_ellas_ustedes, curated) VALUES (195, 195, 'en', 'request', 'request', 'request', 'request', 'request', 'request', 'request', true);
INSERT INTO private.ckn_verb (verb_key, verb_base_key, language, verb_infinitive, verb_yo, verb_tu, verb_el_ella_usted, verb_nosotros, verb_vosotros, verb_ellos_ellas_ustedes, curated) VALUES (196, 195, 'es', 'solicitar', 'solicito', 'solicitas', 'solicita', 'solicitamos', 'solicitan', 'solicitan', true);
INSERT INTO private.ckn_verb (verb_key, verb_base_key, language, verb_infinitive, verb_yo, verb_tu, verb_el_ella_usted, verb_nosotros, verb_vosotros, verb_ellos_ellas_ustedes, curated) VALUES (197, 197, 'en', 'reserve', 'reserve', 'reserve', 'reserve', 'reserve', 'reserve', 'reserve', true);
INSERT INTO private.ckn_verb (verb_key, verb_base_key, language, verb_infinitive, verb_yo, verb_tu, verb_el_ella_usted, verb_nosotros, verb_vosotros, verb_ellos_ellas_ustedes, curated) VALUES (198, 197, 'es', 'reservar', 'reservo', 'reservas', 'reserva', 'reservamos', 'reservan', 'reservan', true);
INSERT INTO private.ckn_verb (verb_key, verb_base_key, language, verb_infinitive, verb_yo, verb_tu, verb_el_ella_usted, verb_nosotros, verb_vosotros, verb_ellos_ellas_ustedes, curated) VALUES (201, 201, 'en', 'sleep', 'sleep', 'sleep', 'sleep', 'sleep', 'sleep', 'sleep', true);
INSERT INTO private.ckn_verb (verb_key, verb_base_key, language, verb_infinitive, verb_yo, verb_tu, verb_el_ella_usted, verb_nosotros, verb_vosotros, verb_ellos_ellas_ustedes, curated) VALUES (202, 201, 'es', 'dormir', 'duermo', 'duermes', 'duerme', 'dormimos', 'duermen', 'duermen', true);
INSERT INTO private.ckn_verb (verb_key, verb_base_key, language, verb_infinitive, verb_yo, verb_tu, verb_el_ella_usted, verb_nosotros, verb_vosotros, verb_ellos_ellas_ustedes, curated) VALUES (325, 325, 'en', 'try', 'try', 'try', 'try', 'try', 'try', 'try', true);
INSERT INTO private.ckn_verb (verb_key, verb_base_key, language, verb_infinitive, verb_yo, verb_tu, verb_el_ella_usted, verb_nosotros, verb_vosotros, verb_ellos_ellas_ustedes, curated) VALUES (203, 203, 'en', 'sleep in', 'sleep in', 'sleep in', 'sleep in', 'sleep in', 'sleep in', 'sleep in', true);
INSERT INTO private.ckn_verb (verb_key, verb_base_key, language, verb_infinitive, verb_yo, verb_tu, verb_el_ella_usted, verb_nosotros, verb_vosotros, verb_ellos_ellas_ustedes, curated) VALUES (204, 203, 'es', 'dormir hasta tarde', 'duermo hasta tarde', 'duermes hasta tarde', 'duerme hasta tarde', 'dormimos hasta tarde', 'duermen hasta tarde', 'duermen hasta tarde', true);
INSERT INTO private.ckn_verb (verb_key, verb_base_key, language, verb_infinitive, verb_yo, verb_tu, verb_el_ella_usted, verb_nosotros, verb_vosotros, verb_ellos_ellas_ustedes, curated) VALUES (205, 205, 'en', 'stay', 'stay', 'stay', 'stay', 'stay', 'stay', 'stay', true);
INSERT INTO private.ckn_verb (verb_key, verb_base_key, language, verb_infinitive, verb_yo, verb_tu, verb_el_ella_usted, verb_nosotros, verb_vosotros, verb_ellos_ellas_ustedes, curated) VALUES (206, 205, 'es', 'quedarse', 'me quedo', 'te quedas', 'se queda', 'nos quedamos', 'se quedan', 'se quedan', true);
INSERT INTO private.ckn_verb (verb_key, verb_base_key, language, verb_infinitive, verb_yo, verb_tu, verb_el_ella_usted, verb_nosotros, verb_vosotros, verb_ellos_ellas_ustedes, curated) VALUES (207, 207, 'en', 'switch', 'switch', 'switch', 'switch', 'switch', 'switch', 'switch', true);
INSERT INTO private.ckn_verb (verb_key, verb_base_key, language, verb_infinitive, verb_yo, verb_tu, verb_el_ella_usted, verb_nosotros, verb_vosotros, verb_ellos_ellas_ustedes, curated) VALUES (208, 207, 'es', 'cambiar', 'cambio', 'cambias', 'cambia', 'cambiamos', 'cambian', 'cambian', true);
INSERT INTO private.ckn_verb (verb_key, verb_base_key, language, verb_infinitive, verb_yo, verb_tu, verb_el_ella_usted, verb_nosotros, verb_vosotros, verb_ellos_ellas_ustedes, curated) VALUES (209, 209, 'en', 'tidy', 'tidy', 'tidy', 'tidy', 'tidy', 'tidy', 'tidy', true);
INSERT INTO private.ckn_verb (verb_key, verb_base_key, language, verb_infinitive, verb_yo, verb_tu, verb_el_ella_usted, verb_nosotros, verb_vosotros, verb_ellos_ellas_ustedes, curated) VALUES (210, 209, 'es', 'ordenar', 'ordeno', 'ordenas', 'ordena', 'ordenamos', 'ordenan', 'ordenan', true);
INSERT INTO private.ckn_verb (verb_key, verb_base_key, language, verb_infinitive, verb_yo, verb_tu, verb_el_ella_usted, verb_nosotros, verb_vosotros, verb_ellos_ellas_ustedes, curated) VALUES (211, 211, 'en', 'turn', 'turn', 'turn', 'turn', 'turn', 'turn', 'turn', true);
INSERT INTO private.ckn_verb (verb_key, verb_base_key, language, verb_infinitive, verb_yo, verb_tu, verb_el_ella_usted, verb_nosotros, verb_vosotros, verb_ellos_ellas_ustedes, curated) VALUES (212, 211, 'es', 'girar', 'giro', 'giras', 'gira', 'giramos', 'giran', 'giran', true);
INSERT INTO private.ckn_verb (verb_key, verb_base_key, language, verb_infinitive, verb_yo, verb_tu, verb_el_ella_usted, verb_nosotros, verb_vosotros, verb_ellos_ellas_ustedes, curated) VALUES (213, 213, 'en', 'turn off', 'turn off', 'turn off', 'turn off', 'turn off', 'turn off', 'turn off', true);
INSERT INTO private.ckn_verb (verb_key, verb_base_key, language, verb_infinitive, verb_yo, verb_tu, verb_el_ella_usted, verb_nosotros, verb_vosotros, verb_ellos_ellas_ustedes, curated) VALUES (214, 213, 'es', 'apagar', 'apago', 'apagas', 'apaga', 'apagamos', 'apagan', 'apagan', true);
INSERT INTO private.ckn_verb (verb_key, verb_base_key, language, verb_infinitive, verb_yo, verb_tu, verb_el_ella_usted, verb_nosotros, verb_vosotros, verb_ellos_ellas_ustedes, curated) VALUES (215, 215, 'en', 'turn on', 'turn on', 'turn on', 'turn on', 'turn on', 'turn on', 'turn on', true);
INSERT INTO private.ckn_verb (verb_key, verb_base_key, language, verb_infinitive, verb_yo, verb_tu, verb_el_ella_usted, verb_nosotros, verb_vosotros, verb_ellos_ellas_ustedes, curated) VALUES (216, 215, 'es', 'encender', 'enciendo', 'enciendes', 'enciende', 'encendemos', 'encienden', 'encienden', true);
INSERT INTO private.ckn_verb (verb_key, verb_base_key, language, verb_infinitive, verb_yo, verb_tu, verb_el_ella_usted, verb_nosotros, verb_vosotros, verb_ellos_ellas_ustedes, curated) VALUES (217, 217, 'en', 'unlock', 'unlock', 'unlock', 'unlock', 'unlock', 'unlock', 'unlock', true);
INSERT INTO private.ckn_verb (verb_key, verb_base_key, language, verb_infinitive, verb_yo, verb_tu, verb_el_ella_usted, verb_nosotros, verb_vosotros, verb_ellos_ellas_ustedes, curated) VALUES (218, 217, 'es', 'abrir con llave', 'abro con llave', 'abres con llave', 'abre con llave', 'abrimos con llave', 'abren con llave', 'abren con llave', true);
INSERT INTO private.ckn_verb (verb_key, verb_base_key, language, verb_infinitive, verb_yo, verb_tu, verb_el_ella_usted, verb_nosotros, verb_vosotros, verb_ellos_ellas_ustedes, curated) VALUES (219, 219, 'en', 'use', 'use', 'use', 'use', 'use', 'use', 'use', true);
INSERT INTO private.ckn_verb (verb_key, verb_base_key, language, verb_infinitive, verb_yo, verb_tu, verb_el_ella_usted, verb_nosotros, verb_vosotros, verb_ellos_ellas_ustedes, curated) VALUES (220, 219, 'es', 'usar', 'uso', 'usas', 'usa', 'usamos', 'usan', 'usan', true);
INSERT INTO private.ckn_verb (verb_key, verb_base_key, language, verb_infinitive, verb_yo, verb_tu, verb_el_ella_usted, verb_nosotros, verb_vosotros, verb_ellos_ellas_ustedes, curated) VALUES (223, 223, 'en', 'wake', 'wake', 'wake', 'wake', 'wake', 'wake', 'wake', true);
INSERT INTO private.ckn_verb (verb_key, verb_base_key, language, verb_infinitive, verb_yo, verb_tu, verb_el_ella_usted, verb_nosotros, verb_vosotros, verb_ellos_ellas_ustedes, curated) VALUES (224, 223, 'es', 'despertarse', 'me despierto', 'te despiertas', 'se despierta', 'nos despertamos', 'se despiertan', 'se despiertan', true);
INSERT INTO private.ckn_verb (verb_key, verb_base_key, language, verb_infinitive, verb_yo, verb_tu, verb_el_ella_usted, verb_nosotros, verb_vosotros, verb_ellos_ellas_ustedes, curated) VALUES (225, 225, 'en', 'want', 'want', 'want', 'want', 'want', 'want', 'want', true);
INSERT INTO private.ckn_verb (verb_key, verb_base_key, language, verb_infinitive, verb_yo, verb_tu, verb_el_ella_usted, verb_nosotros, verb_vosotros, verb_ellos_ellas_ustedes, curated) VALUES (226, 225, 'es', 'querer', 'quiero', 'quieres', 'quiere', 'queremos', 'quieren', 'quieren', true);
INSERT INTO private.ckn_verb (verb_key, verb_base_key, language, verb_infinitive, verb_yo, verb_tu, verb_el_ella_usted, verb_nosotros, verb_vosotros, verb_ellos_ellas_ustedes, curated) VALUES (237, 237, 'en', 'choose', 'choose', 'choose', 'choose', 'choose', 'choose', 'choose', true);
INSERT INTO private.ckn_verb (verb_key, verb_base_key, language, verb_infinitive, verb_yo, verb_tu, verb_el_ella_usted, verb_nosotros, verb_vosotros, verb_ellos_ellas_ustedes, curated) VALUES (238, 237, 'es', 'elegir', 'elijo', 'eliges', 'elige', 'elegimos', 'elegís', 'eligen', true);
INSERT INTO private.ckn_verb (verb_key, verb_base_key, language, verb_infinitive, verb_yo, verb_tu, verb_el_ella_usted, verb_nosotros, verb_vosotros, verb_ellos_ellas_ustedes, curated) VALUES (243, 243, 'en', 'cook', 'cook', 'cook', 'cook', 'cook', 'cook', 'cook', true);
INSERT INTO private.ckn_verb (verb_key, verb_base_key, language, verb_infinitive, verb_yo, verb_tu, verb_el_ella_usted, verb_nosotros, verb_vosotros, verb_ellos_ellas_ustedes, curated) VALUES (244, 243, 'es', 'cocinar', 'cocino', 'cocinas', 'cocina', 'cocinamos', 'cocináis', 'cocinan', true);
INSERT INTO private.ckn_verb (verb_key, verb_base_key, language, verb_infinitive, verb_yo, verb_tu, verb_el_ella_usted, verb_nosotros, verb_vosotros, verb_ellos_ellas_ustedes, curated) VALUES (245, 245, 'en', 'count', 'count', 'count', 'count', 'count', 'count', 'count', true);
INSERT INTO private.ckn_verb (verb_key, verb_base_key, language, verb_infinitive, verb_yo, verb_tu, verb_el_ella_usted, verb_nosotros, verb_vosotros, verb_ellos_ellas_ustedes, curated) VALUES (246, 245, 'es', 'contar', 'cuento', 'cuentas', 'cuenta', 'contamos', 'contáis', 'cuentan', true);
INSERT INTO private.ckn_verb (verb_key, verb_base_key, language, verb_infinitive, verb_yo, verb_tu, verb_el_ella_usted, verb_nosotros, verb_vosotros, verb_ellos_ellas_ustedes, curated) VALUES (247, 247, 'en', 'deliver', 'deliver', 'deliver', 'deliver', 'deliver', 'deliver', 'deliver', true);
INSERT INTO private.ckn_verb (verb_key, verb_base_key, language, verb_infinitive, verb_yo, verb_tu, verb_el_ella_usted, verb_nosotros, verb_vosotros, verb_ellos_ellas_ustedes, curated) VALUES (248, 247, 'es', 'entregar', 'entrego', 'entregas', 'entrega', 'entregamos', 'entregáis', 'entregan', true);
INSERT INTO private.ckn_verb (verb_key, verb_base_key, language, verb_infinitive, verb_yo, verb_tu, verb_el_ella_usted, verb_nosotros, verb_vosotros, verb_ellos_ellas_ustedes, curated) VALUES (249, 249, 'en', 'dislike', 'dislike', 'dislike', 'dislike', 'dislike', 'dislike', 'dislike', true);
INSERT INTO private.ckn_verb (verb_key, verb_base_key, language, verb_infinitive, verb_yo, verb_tu, verb_el_ella_usted, verb_nosotros, verb_vosotros, verb_ellos_ellas_ustedes, curated) VALUES (250, 249, 'es', 'disgustar', 'me disgusta', 'te disgusta', 'le disgusta', 'nos disgusta', 'os disgusta', 'les disgusta', true);
INSERT INTO private.ckn_verb (verb_key, verb_base_key, language, verb_infinitive, verb_yo, verb_tu, verb_el_ella_usted, verb_nosotros, verb_vosotros, verb_ellos_ellas_ustedes, curated) VALUES (251, 251, 'en', 'drink', 'drink', 'drink', 'drink', 'drink', 'drink', 'drink', true);
INSERT INTO private.ckn_verb (verb_key, verb_base_key, language, verb_infinitive, verb_yo, verb_tu, verb_el_ella_usted, verb_nosotros, verb_vosotros, verb_ellos_ellas_ustedes, curated) VALUES (252, 251, 'es', 'beber', 'bebo', 'bebes', 'bebe', 'bebemos', 'bebéis', 'beben', true);
INSERT INTO private.ckn_verb (verb_key, verb_base_key, language, verb_infinitive, verb_yo, verb_tu, verb_el_ella_usted, verb_nosotros, verb_vosotros, verb_ellos_ellas_ustedes, curated) VALUES (253, 253, 'en', 'eat', 'eat', 'eat', 'eat', 'eat', 'eat', 'eat', true);
INSERT INTO private.ckn_verb (verb_key, verb_base_key, language, verb_infinitive, verb_yo, verb_tu, verb_el_ella_usted, verb_nosotros, verb_vosotros, verb_ellos_ellas_ustedes, curated) VALUES (254, 253, 'es', 'comer', 'como', 'comes', 'come', 'comemos', 'coméis', 'comen', true);
INSERT INTO private.ckn_verb (verb_key, verb_base_key, language, verb_infinitive, verb_yo, verb_tu, verb_el_ella_usted, verb_nosotros, verb_vosotros, verb_ellos_ellas_ustedes, curated) VALUES (255, 255, 'en', 'eat out', 'eat out', 'eat out', 'eat out', 'eat out', 'eat out', 'eat out', true);
INSERT INTO private.ckn_verb (verb_key, verb_base_key, language, verb_infinitive, verb_yo, verb_tu, verb_el_ella_usted, verb_nosotros, verb_vosotros, verb_ellos_ellas_ustedes, curated) VALUES (256, 255, 'es', 'comer fuera', 'como fuera', 'comes fuera', 'come fuera', 'comemos fuera', 'coméis fuera', 'comen fuera', true);
INSERT INTO private.ckn_verb (verb_key, verb_base_key, language, verb_infinitive, verb_yo, verb_tu, verb_el_ella_usted, verb_nosotros, verb_vosotros, verb_ellos_ellas_ustedes, curated) VALUES (259, 259, 'en', 'enter', 'enter', 'enter', 'enter', 'enter', 'enter', 'enter', true);
INSERT INTO private.ckn_verb (verb_key, verb_base_key, language, verb_infinitive, verb_yo, verb_tu, verb_el_ella_usted, verb_nosotros, verb_vosotros, verb_ellos_ellas_ustedes, curated) VALUES (260, 259, 'es', 'entrar', 'entro', 'entras', 'entra', 'entramos', 'entráis', 'entran', true);
INSERT INTO private.ckn_verb (verb_key, verb_base_key, language, verb_infinitive, verb_yo, verb_tu, verb_el_ella_usted, verb_nosotros, verb_vosotros, verb_ellos_ellas_ustedes, curated) VALUES (261, 261, 'en', 'finish', 'finish', 'finish', 'finish', 'finish', 'finish', 'finish', true);
INSERT INTO private.ckn_verb (verb_key, verb_base_key, language, verb_infinitive, verb_yo, verb_tu, verb_el_ella_usted, verb_nosotros, verb_vosotros, verb_ellos_ellas_ustedes, curated) VALUES (262, 261, 'es', 'terminar', 'termino', 'terminas', 'termina', 'terminamos', 'termináis', 'terminan', true);
INSERT INTO private.ckn_verb (verb_key, verb_base_key, language, verb_infinitive, verb_yo, verb_tu, verb_el_ella_usted, verb_nosotros, verb_vosotros, verb_ellos_ellas_ustedes, curated) VALUES (265, 265, 'en', 'greet', 'greet', 'greet', 'greet', 'greet', 'greet', 'greet', true);
INSERT INTO private.ckn_verb (verb_key, verb_base_key, language, verb_infinitive, verb_yo, verb_tu, verb_el_ella_usted, verb_nosotros, verb_vosotros, verb_ellos_ellas_ustedes, curated) VALUES (266, 265, 'es', 'saludar', 'saludo', 'saludas', 'saluda', 'saludamos', 'saludáis', 'saludan', true);
INSERT INTO private.ckn_verb (verb_key, verb_base_key, language, verb_infinitive, verb_yo, verb_tu, verb_el_ella_usted, verb_nosotros, verb_vosotros, verb_ellos_ellas_ustedes, curated) VALUES (267, 267, 'en', 'invite', 'invite', 'invite', 'invite', 'invite', 'invite', 'invite', true);
INSERT INTO private.ckn_verb (verb_key, verb_base_key, language, verb_infinitive, verb_yo, verb_tu, verb_el_ella_usted, verb_nosotros, verb_vosotros, verb_ellos_ellas_ustedes, curated) VALUES (268, 267, 'es', 'invitar', 'invito', 'invitas', 'invita', 'invitamos', 'invitáis', 'invitan', true);
INSERT INTO private.ckn_verb (verb_key, verb_base_key, language, verb_infinitive, verb_yo, verb_tu, verb_el_ella_usted, verb_nosotros, verb_vosotros, verb_ellos_ellas_ustedes, curated) VALUES (271, 271, 'en', 'like', 'like', 'like', 'like', 'like', 'like', 'like', true);
INSERT INTO private.ckn_verb (verb_key, verb_base_key, language, verb_infinitive, verb_yo, verb_tu, verb_el_ella_usted, verb_nosotros, verb_vosotros, verb_ellos_ellas_ustedes, curated) VALUES (272, 271, 'es', 'gustar', 'me gusta', 'te gusta', 'le gusta', 'nos gusta', 'os gusta', 'les gusta', true);
INSERT INTO private.ckn_verb (verb_key, verb_base_key, language, verb_infinitive, verb_yo, verb_tu, verb_el_ella_usted, verb_nosotros, verb_vosotros, verb_ellos_ellas_ustedes, curated) VALUES (275, 275, 'en', 'order', 'order', 'order', 'order', 'order', 'order', 'order', true);
INSERT INTO private.ckn_verb (verb_key, verb_base_key, language, verb_infinitive, verb_yo, verb_tu, verb_el_ella_usted, verb_nosotros, verb_vosotros, verb_ellos_ellas_ustedes, curated) VALUES (276, 275, 'es', 'pedir', 'pido', 'pides', 'pide', 'pedimos', 'pedís', 'piden', true);
INSERT INTO private.ckn_verb (verb_key, verb_base_key, language, verb_infinitive, verb_yo, verb_tu, verb_el_ella_usted, verb_nosotros, verb_vosotros, verb_ellos_ellas_ustedes, curated) VALUES (281, 281, 'en', 'prefer', 'prefer', 'prefer', 'prefer', 'prefer', 'prefer', 'prefer', true);
INSERT INTO private.ckn_verb (verb_key, verb_base_key, language, verb_infinitive, verb_yo, verb_tu, verb_el_ella_usted, verb_nosotros, verb_vosotros, verb_ellos_ellas_ustedes, curated) VALUES (282, 281, 'es', 'preferir', 'prefiero', 'prefieres', 'prefiere', 'preferimos', 'preferen', 'preferen', true);
INSERT INTO private.ckn_verb (verb_key, verb_base_key, language, verb_infinitive, verb_yo, verb_tu, verb_el_ella_usted, verb_nosotros, verb_vosotros, verb_ellos_ellas_ustedes, curated) VALUES (283, 283, 'en', 'prepare', 'prepare', 'prepare', 'prepare', 'prepare', 'prepare', 'prepare', true);
INSERT INTO private.ckn_verb (verb_key, verb_base_key, language, verb_infinitive, verb_yo, verb_tu, verb_el_ella_usted, verb_nosotros, verb_vosotros, verb_ellos_ellas_ustedes, curated) VALUES (284, 283, 'es', 'preparar', 'preparo', 'preparas', 'prepara', 'preparamos', 'preparan', 'preparan', true);
INSERT INTO private.ckn_verb (verb_key, verb_base_key, language, verb_infinitive, verb_yo, verb_tu, verb_el_ella_usted, verb_nosotros, verb_vosotros, verb_ellos_ellas_ustedes, curated) VALUES (289, 289, 'en', 'recommend', 'recommend', 'recommend', 'recommend', 'recommend', 'recommend', 'recommend', true);
INSERT INTO private.ckn_verb (verb_key, verb_base_key, language, verb_infinitive, verb_yo, verb_tu, verb_el_ella_usted, verb_nosotros, verb_vosotros, verb_ellos_ellas_ustedes, curated) VALUES (290, 289, 'es', 'recomendar', 'recomiendo', 'recomiendas', 'recomienda', 'recomendamos', 'recomiendan', 'recomiendan', true);
INSERT INTO private.ckn_verb (verb_key, verb_base_key, language, verb_infinitive, verb_yo, verb_tu, verb_el_ella_usted, verb_nosotros, verb_vosotros, verb_ellos_ellas_ustedes, curated) VALUES (291, 291, 'en', 'refill', 'refill', 'refill', 'refill', 'refill', 'refill', 'refill', true);
INSERT INTO private.ckn_verb (verb_key, verb_base_key, language, verb_infinitive, verb_yo, verb_tu, verb_el_ella_usted, verb_nosotros, verb_vosotros, verb_ellos_ellas_ustedes, curated) VALUES (292, 291, 'es', 'rellenar', 'relleno', 'rellenas', 'rellena', 'rellenamos', 'rellenan', 'rellenan', true);
INSERT INTO private.ckn_verb (verb_key, verb_base_key, language, verb_infinitive, verb_yo, verb_tu, verb_el_ella_usted, verb_nosotros, verb_vosotros, verb_ellos_ellas_ustedes, curated) VALUES (295, 295, 'en', 'seat', 'seat', 'seat', 'seat', 'seat', 'seat', 'seat', true);
INSERT INTO private.ckn_verb (verb_key, verb_base_key, language, verb_infinitive, verb_yo, verb_tu, verb_el_ella_usted, verb_nosotros, verb_vosotros, verb_ellos_ellas_ustedes, curated) VALUES (296, 295, 'es', 'sentar', 'siento', 'sientas', 'sienta', 'sentamos', 'sientan', 'sientan', true);
INSERT INTO private.ckn_verb (verb_key, verb_base_key, language, verb_infinitive, verb_yo, verb_tu, verb_el_ella_usted, verb_nosotros, verb_vosotros, verb_ellos_ellas_ustedes, curated) VALUES (297, 297, 'en', 'serve', 'serve', 'serve', 'serve', 'serve', 'serve', 'serve', true);
INSERT INTO private.ckn_verb (verb_key, verb_base_key, language, verb_infinitive, verb_yo, verb_tu, verb_el_ella_usted, verb_nosotros, verb_vosotros, verb_ellos_ellas_ustedes, curated) VALUES (298, 297, 'es', 'servir', 'sirvo', 'sirves', 'sirve', 'servimos', 'sirven', 'sirven', true);
INSERT INTO private.ckn_verb (verb_key, verb_base_key, language, verb_infinitive, verb_yo, verb_tu, verb_el_ella_usted, verb_nosotros, verb_vosotros, verb_ellos_ellas_ustedes, curated) VALUES (299, 299, 'en', 'share', 'share', 'share', 'share', 'share', 'share', 'share', true);
INSERT INTO private.ckn_verb (verb_key, verb_base_key, language, verb_infinitive, verb_yo, verb_tu, verb_el_ella_usted, verb_nosotros, verb_vosotros, verb_ellos_ellas_ustedes, curated) VALUES (300, 299, 'es', 'compartir', 'comparto', 'compartes', 'comparte', 'compartimos', 'comparten', 'comparten', true);
INSERT INTO private.ckn_verb (verb_key, verb_base_key, language, verb_infinitive, verb_yo, verb_tu, verb_el_ella_usted, verb_nosotros, verb_vosotros, verb_ellos_ellas_ustedes, curated) VALUES (301, 301, 'en', 'sign', 'sign', 'sign', 'sign', 'sign', 'sign', 'sign', true);
INSERT INTO private.ckn_verb (verb_key, verb_base_key, language, verb_infinitive, verb_yo, verb_tu, verb_el_ella_usted, verb_nosotros, verb_vosotros, verb_ellos_ellas_ustedes, curated) VALUES (302, 301, 'es', 'firmar', 'firmo', 'firmas', 'firma', 'firmamos', 'firman', 'firman', true);
INSERT INTO private.ckn_verb (verb_key, verb_base_key, language, verb_infinitive, verb_yo, verb_tu, verb_el_ella_usted, verb_nosotros, verb_vosotros, verb_ellos_ellas_ustedes, curated) VALUES (305, 305, 'en', 'smile', 'smile', 'smile', 'smile', 'smile', 'smile', 'smile', true);
INSERT INTO private.ckn_verb (verb_key, verb_base_key, language, verb_infinitive, verb_yo, verb_tu, verb_el_ella_usted, verb_nosotros, verb_vosotros, verb_ellos_ellas_ustedes, curated) VALUES (306, 305, 'es', 'sonreír', 'sonrío', 'sonríes', 'sonríe', 'sonreímos', 'sonríen', 'sonríen', true);
INSERT INTO private.ckn_verb (verb_key, verb_base_key, language, verb_infinitive, verb_yo, verb_tu, verb_el_ella_usted, verb_nosotros, verb_vosotros, verb_ellos_ellas_ustedes, curated) VALUES (307, 307, 'en', 'spill', 'spill', 'spill', 'spill', 'spill', 'spill', 'spill', true);
INSERT INTO private.ckn_verb (verb_key, verb_base_key, language, verb_infinitive, verb_yo, verb_tu, verb_el_ella_usted, verb_nosotros, verb_vosotros, verb_ellos_ellas_ustedes, curated) VALUES (308, 307, 'es', 'derramar', 'derramo', 'derramas', 'derrama', 'derramamos', 'derraman', 'derraman', true);
INSERT INTO private.ckn_verb (verb_key, verb_base_key, language, verb_infinitive, verb_yo, verb_tu, verb_el_ella_usted, verb_nosotros, verb_vosotros, verb_ellos_ellas_ustedes, curated) VALUES (309, 309, 'en', 'split', 'split', 'split', 'split', 'split', 'split', 'split', true);
INSERT INTO private.ckn_verb (verb_key, verb_base_key, language, verb_infinitive, verb_yo, verb_tu, verb_el_ella_usted, verb_nosotros, verb_vosotros, verb_ellos_ellas_ustedes, curated) VALUES (310, 309, 'es', 'dividir', 'divido', 'divides', 'divide', 'dividimos', 'dividen', 'dividen', true);
INSERT INTO private.ckn_verb (verb_key, verb_base_key, language, verb_infinitive, verb_yo, verb_tu, verb_el_ella_usted, verb_nosotros, verb_vosotros, verb_ellos_ellas_ustedes, curated) VALUES (313, 313, 'en', 'start', 'start', 'start', 'start', 'start', 'start', 'start', true);
INSERT INTO private.ckn_verb (verb_key, verb_base_key, language, verb_infinitive, verb_yo, verb_tu, verb_el_ella_usted, verb_nosotros, verb_vosotros, verb_ellos_ellas_ustedes, curated) VALUES (314, 313, 'es', 'empezar', 'empiezo', 'empiezas', 'empieza', 'empezamos', 'empiezan', 'empiezan', true);
INSERT INTO private.ckn_verb (verb_key, verb_base_key, language, verb_infinitive, verb_yo, verb_tu, verb_el_ella_usted, verb_nosotros, verb_vosotros, verb_ellos_ellas_ustedes, curated) VALUES (315, 315, 'en', 'suggest', 'suggest', 'suggest', 'suggest', 'suggest', 'suggest', 'suggest', true);
INSERT INTO private.ckn_verb (verb_key, verb_base_key, language, verb_infinitive, verb_yo, verb_tu, verb_el_ella_usted, verb_nosotros, verb_vosotros, verb_ellos_ellas_ustedes, curated) VALUES (316, 315, 'es', 'sugerir', 'sugiero', 'sugieres', 'sugiere', 'sugerimos', 'sugieren', 'sugieren', true);
INSERT INTO private.ckn_verb (verb_key, verb_base_key, language, verb_infinitive, verb_yo, verb_tu, verb_el_ella_usted, verb_nosotros, verb_vosotros, verb_ellos_ellas_ustedes, curated) VALUES (317, 317, 'en', 'take', 'take', 'take', 'take', 'take', 'take', 'take', true);
INSERT INTO private.ckn_verb (verb_key, verb_base_key, language, verb_infinitive, verb_yo, verb_tu, verb_el_ella_usted, verb_nosotros, verb_vosotros, verb_ellos_ellas_ustedes, curated) VALUES (318, 317, 'es', 'tomar', 'tomo', 'tomas', 'toma', 'tomamos', 'toman', 'toman', true);
INSERT INTO private.ckn_verb (verb_key, verb_base_key, language, verb_infinitive, verb_yo, verb_tu, verb_el_ella_usted, verb_nosotros, verb_vosotros, verb_ellos_ellas_ustedes, curated) VALUES (319, 319, 'en', 'taste', 'taste', 'taste', 'taste', 'taste', 'taste', 'taste', true);
INSERT INTO private.ckn_verb (verb_key, verb_base_key, language, verb_infinitive, verb_yo, verb_tu, verb_el_ella_usted, verb_nosotros, verb_vosotros, verb_ellos_ellas_ustedes, curated) VALUES (320, 319, 'es', 'probar', 'pruebo', 'pruebas', 'prueba', 'probamos', 'prueban', 'prueban', true);
INSERT INTO private.ckn_verb (verb_key, verb_base_key, language, verb_infinitive, verb_yo, verb_tu, verb_el_ella_usted, verb_nosotros, verb_vosotros, verb_ellos_ellas_ustedes, curated) VALUES (321, 321, 'en', 'thank', 'thank', 'thank', 'thank', 'thank', 'thank', 'thank', true);
INSERT INTO private.ckn_verb (verb_key, verb_base_key, language, verb_infinitive, verb_yo, verb_tu, verb_el_ella_usted, verb_nosotros, verb_vosotros, verb_ellos_ellas_ustedes, curated) VALUES (322, 321, 'es', 'agradecer', 'agradezco', 'agradeces', 'agradece', 'agradecemos', 'agradecen', 'agradecen', true);
INSERT INTO private.ckn_verb (verb_key, verb_base_key, language, verb_infinitive, verb_yo, verb_tu, verb_el_ella_usted, verb_nosotros, verb_vosotros, verb_ellos_ellas_ustedes, curated) VALUES (323, 323, 'en', 'tip', 'tip', 'tip', 'tip', 'tip', 'tip', 'tip', true);
INSERT INTO private.ckn_verb (verb_key, verb_base_key, language, verb_infinitive, verb_yo, verb_tu, verb_el_ella_usted, verb_nosotros, verb_vosotros, verb_ellos_ellas_ustedes, curated) VALUES (324, 323, 'es', 'dar propina', 'doy propina', 'das propina', 'da propina', 'damos propina', 'dan propina', 'dan propina', true);
INSERT INTO private.ckn_verb (verb_key, verb_base_key, language, verb_infinitive, verb_yo, verb_tu, verb_el_ella_usted, verb_nosotros, verb_vosotros, verb_ellos_ellas_ustedes, curated) VALUES (326, 325, 'es', 'intentar', 'intento', 'intentas', 'intenta', 'intentamos', 'intentan', 'intentan', true);
INSERT INTO private.ckn_verb (verb_key, verb_base_key, language, verb_infinitive, verb_yo, verb_tu, verb_el_ella_usted, verb_nosotros, verb_vosotros, verb_ellos_ellas_ustedes, curated) VALUES (331, 331, 'en', 'wash', 'wash', 'wash', 'wash', 'wash', 'wash', 'wash', true);
INSERT INTO private.ckn_verb (verb_key, verb_base_key, language, verb_infinitive, verb_yo, verb_tu, verb_el_ella_usted, verb_nosotros, verb_vosotros, verb_ellos_ellas_ustedes, curated) VALUES (332, 331, 'es', 'lavar', 'lavo', 'lavas', 'lava', 'lavamos', 'lavan', 'lavan', true);
INSERT INTO private.ckn_verb (verb_key, verb_base_key, language, verb_infinitive, verb_yo, verb_tu, verb_el_ella_usted, verb_nosotros, verb_vosotros, verb_ellos_ellas_ustedes, curated) VALUES (333, 333, 'en', 'write', 'write', 'write', 'write', 'write', 'write', 'write', true);
INSERT INTO private.ckn_verb (verb_key, verb_base_key, language, verb_infinitive, verb_yo, verb_tu, verb_el_ella_usted, verb_nosotros, verb_vosotros, verb_ellos_ellas_ustedes, curated) VALUES (334, 333, 'es', 'escribir', 'escribo', 'escribes', 'escribe', 'escribimos', 'escriben', 'escriben', true);
INSERT INTO private.ckn_verb (verb_key, verb_base_key, language, verb_infinitive, verb_yo, verb_tu, verb_el_ella_usted, verb_nosotros, verb_vosotros, verb_ellos_ellas_ustedes, curated) VALUES (335, 335, 'en', 'accept', 'accept', 'accept', 'accept', 'accept', 'accept', 'accept', true);
INSERT INTO private.ckn_verb (verb_key, verb_base_key, language, verb_infinitive, verb_yo, verb_tu, verb_el_ella_usted, verb_nosotros, verb_vosotros, verb_ellos_ellas_ustedes, curated) VALUES (336, 335, 'es', 'aceptar', 'acepto', 'aceptas', 'acepta', 'aceptamos', 'aceptan', 'aceptan', true);
INSERT INTO private.ckn_verb (verb_key, verb_base_key, language, verb_infinitive, verb_yo, verb_tu, verb_el_ella_usted, verb_nosotros, verb_vosotros, verb_ellos_ellas_ustedes, curated) VALUES (357, 357, 'en', 'communicate', 'communicate', 'communicate', 'communicate', 'communicate', 'communicate', 'communicate', true);
INSERT INTO private.ckn_verb (verb_key, verb_base_key, language, verb_infinitive, verb_yo, verb_tu, verb_el_ella_usted, verb_nosotros, verb_vosotros, verb_ellos_ellas_ustedes, curated) VALUES (358, 357, 'es', 'comunicar', 'comunico', 'comunicas', 'comunica', 'comunicamos', 'comunican', 'comunican', true);
INSERT INTO private.ckn_verb (verb_key, verb_base_key, language, verb_infinitive, verb_yo, verb_tu, verb_el_ella_usted, verb_nosotros, verb_vosotros, verb_ellos_ellas_ustedes, curated) VALUES (361, 361, 'en', 'drive', 'drive', 'drive', 'drive', 'drive', 'drive', 'drive', true);
INSERT INTO private.ckn_verb (verb_key, verb_base_key, language, verb_infinitive, verb_yo, verb_tu, verb_el_ella_usted, verb_nosotros, verb_vosotros, verb_ellos_ellas_ustedes, curated) VALUES (362, 361, 'es', 'conducir', 'conduzco', 'conduces', 'conduce', 'conducimos', 'conducen', 'conducen', true);
INSERT INTO private.ckn_verb (verb_key, verb_base_key, language, verb_infinitive, verb_yo, verb_tu, verb_el_ella_usted, verb_nosotros, verb_vosotros, verb_ellos_ellas_ustedes, curated) VALUES (365, 365, 'en', 'end', 'end', 'end', 'end', 'end', 'end', 'end', true);
INSERT INTO private.ckn_verb (verb_key, verb_base_key, language, verb_infinitive, verb_yo, verb_tu, verb_el_ella_usted, verb_nosotros, verb_vosotros, verb_ellos_ellas_ustedes, curated) VALUES (366, 365, 'es', 'terminar', 'termino', 'terminas', 'termina', 'terminamos', 'terminan', 'terminan', true);
INSERT INTO private.ckn_verb (verb_key, verb_base_key, language, verb_infinitive, verb_yo, verb_tu, verb_el_ella_usted, verb_nosotros, verb_vosotros, verb_ellos_ellas_ustedes, curated) VALUES (371, 371, 'en', 'give', 'give', 'give', 'give', 'give', 'give', 'give', true);
INSERT INTO private.ckn_verb (verb_key, verb_base_key, language, verb_infinitive, verb_yo, verb_tu, verb_el_ella_usted, verb_nosotros, verb_vosotros, verb_ellos_ellas_ustedes, curated) VALUES (372, 371, 'es', 'dar', 'doy', 'das', 'da', 'damos', 'dan', 'dan', true);
INSERT INTO private.ckn_verb (verb_key, verb_base_key, language, verb_infinitive, verb_yo, verb_tu, verb_el_ella_usted, verb_nosotros, verb_vosotros, verb_ellos_ellas_ustedes, curated) VALUES (375, 375, 'en', 'hail', 'hail', 'hail', 'hail', 'hail', 'hail', 'hail', true);
INSERT INTO private.ckn_verb (verb_key, verb_base_key, language, verb_infinitive, verb_yo, verb_tu, verb_el_ella_usted, verb_nosotros, verb_vosotros, verb_ellos_ellas_ustedes, curated) VALUES (376, 375, 'es', 'llamar', 'llamo', 'llamas', 'llama', 'llamamos', 'llaman', 'llaman', true);
INSERT INTO private.ckn_verb (verb_key, verb_base_key, language, verb_infinitive, verb_yo, verb_tu, verb_el_ella_usted, verb_nosotros, verb_vosotros, verb_ellos_ellas_ustedes, curated) VALUES (377, 377, 'en', 'identify', 'identify', 'identify', 'identify', 'identify', 'identify', 'identify', true);
INSERT INTO private.ckn_verb (verb_key, verb_base_key, language, verb_infinitive, verb_yo, verb_tu, verb_el_ella_usted, verb_nosotros, verb_vosotros, verb_ellos_ellas_ustedes, curated) VALUES (378, 377, 'es', 'identificar', 'identifico', 'identificas', 'identifica', 'identificamos', 'identifican', 'identifican', true);
INSERT INTO private.ckn_verb (verb_key, verb_base_key, language, verb_infinitive, verb_yo, verb_tu, verb_el_ella_usted, verb_nosotros, verb_vosotros, verb_ellos_ellas_ustedes, curated) VALUES (379, 379, 'en', 'input', 'input', 'input', 'input', 'input', 'input', 'input', true);
INSERT INTO private.ckn_verb (verb_key, verb_base_key, language, verb_infinitive, verb_yo, verb_tu, verb_el_ella_usted, verb_nosotros, verb_vosotros, verb_ellos_ellas_ustedes, curated) VALUES (380, 379, 'es', 'ingresar', 'ingreso', 'ingresas', 'ingresa', 'ingresamos', 'ingresan', 'ingresan', true);
INSERT INTO private.ckn_verb (verb_key, verb_base_key, language, verb_infinitive, verb_yo, verb_tu, verb_el_ella_usted, verb_nosotros, verb_vosotros, verb_ellos_ellas_ustedes, curated) VALUES (387, 387, 'en', 'navigate', 'navigate', 'navigate', 'navigate', 'navigate', 'navigate', 'navigate', true);
INSERT INTO private.ckn_verb (verb_key, verb_base_key, language, verb_infinitive, verb_yo, verb_tu, verb_el_ella_usted, verb_nosotros, verb_vosotros, verb_ellos_ellas_ustedes, curated) VALUES (388, 387, 'es', 'navegar', 'navego', 'navegas', 'navega', 'navegamos', 'navegan', 'navegan', true);
INSERT INTO private.ckn_verb (verb_key, verb_base_key, language, verb_infinitive, verb_yo, verb_tu, verb_el_ella_usted, verb_nosotros, verb_vosotros, verb_ellos_ellas_ustedes, curated) VALUES (395, 395, 'en', 'pick', 'pick', 'pick', 'pick', 'pick', 'pick', 'pick', true);
INSERT INTO private.ckn_verb (verb_key, verb_base_key, language, verb_infinitive, verb_yo, verb_tu, verb_el_ella_usted, verb_nosotros, verb_vosotros, verb_ellos_ellas_ustedes, curated) VALUES (396, 395, 'es', 'recoger', 'recojo', 'recoges', 'recoge', 'recogemos', 'recogen', 'recogen', true);
INSERT INTO private.ckn_verb (verb_key, verb_base_key, language, verb_infinitive, verb_yo, verb_tu, verb_el_ella_usted, verb_nosotros, verb_vosotros, verb_ellos_ellas_ustedes, curated) VALUES (399, 399, 'en', 'rate', 'rate', 'rate', 'rate', 'rate', 'rate', 'rate', true);
INSERT INTO private.ckn_verb (verb_key, verb_base_key, language, verb_infinitive, verb_yo, verb_tu, verb_el_ella_usted, verb_nosotros, verb_vosotros, verb_ellos_ellas_ustedes, curated) VALUES (400, 399, 'es', 'calificar', 'califico', 'calificas', 'califica', 'calificamos', 'califican', 'califican', true);
INSERT INTO private.ckn_verb (verb_key, verb_base_key, language, verb_infinitive, verb_yo, verb_tu, verb_el_ella_usted, verb_nosotros, verb_vosotros, verb_ellos_ellas_ustedes, curated) VALUES (401, 401, 'en', 'recognize', 'recognize', 'recognize', 'recognize', 'recognize', 'recognize', 'recognize', true);
INSERT INTO private.ckn_verb (verb_key, verb_base_key, language, verb_infinitive, verb_yo, verb_tu, verb_el_ella_usted, verb_nosotros, verb_vosotros, verb_ellos_ellas_ustedes, curated) VALUES (402, 401, 'es', 'reconocer', 'reconozco', 'reconoces', 'reconoce', 'reconocemos', 'reconocen', 'reconocen', true);
INSERT INTO private.ckn_verb (verb_key, verb_base_key, language, verb_infinitive, verb_yo, verb_tu, verb_el_ella_usted, verb_nosotros, verb_vosotros, verb_ellos_ellas_ustedes, curated) VALUES (403, 403, 'en', 'reject', 'reject', 'reject', 'reject', 'reject', 'reject', 'reject', true);
INSERT INTO private.ckn_verb (verb_key, verb_base_key, language, verb_infinitive, verb_yo, verb_tu, verb_el_ella_usted, verb_nosotros, verb_vosotros, verb_ellos_ellas_ustedes, curated) VALUES (404, 403, 'es', 'rechazar', 'rechazo', 'rechazas', 'rechaza', 'rechazamos', 'rechazan', 'rechazan', true);
INSERT INTO private.ckn_verb (verb_key, verb_base_key, language, verb_infinitive, verb_yo, verb_tu, verb_el_ella_usted, verb_nosotros, verb_vosotros, verb_ellos_ellas_ustedes, curated) VALUES (405, 405, 'en', 'review', 'review', 'review', 'review', 'review', 'review', 'review', true);
INSERT INTO private.ckn_verb (verb_key, verb_base_key, language, verb_infinitive, verb_yo, verb_tu, verb_el_ella_usted, verb_nosotros, verb_vosotros, verb_ellos_ellas_ustedes, curated) VALUES (406, 405, 'es', 'revisar', 'reviso', 'revisas', 'revisa', 'revisamos', 'revistan', 'revistan', true);
INSERT INTO private.ckn_verb (verb_key, verb_base_key, language, verb_infinitive, verb_yo, verb_tu, verb_el_ella_usted, verb_nosotros, verb_vosotros, verb_ellos_ellas_ustedes, curated) VALUES (407, 407, 'en', 'ride', 'ride', 'ride', 'ride', 'ride', 'ride', 'ride', true);
INSERT INTO private.ckn_verb (verb_key, verb_base_key, language, verb_infinitive, verb_yo, verb_tu, verb_el_ella_usted, verb_nosotros, verb_vosotros, verb_ellos_ellas_ustedes, curated) VALUES (408, 407, 'es', 'viajar', 'viajo', 'viajas', 'viaja', 'viajamos', 'vianjan', 'vianjan', true);
INSERT INTO private.ckn_verb (verb_key, verb_base_key, language, verb_infinitive, verb_yo, verb_tu, verb_el_ella_usted, verb_nosotros, verb_vosotros, verb_ellos_ellas_ustedes, curated) VALUES (415, 415, 'en', 'signal', 'signal', 'signal', 'signal', 'signal', 'signal', 'signal', true);
INSERT INTO private.ckn_verb (verb_key, verb_base_key, language, verb_infinitive, verb_yo, verb_tu, verb_el_ella_usted, verb_nosotros, verb_vosotros, verb_ellos_ellas_ustedes, curated) VALUES (416, 415, 'es', 'señalar', 'señalo', 'señalas', 'señala', 'señalamos', 'señalan', 'señalan', true);
INSERT INTO private.ckn_verb (verb_key, verb_base_key, language, verb_infinitive, verb_yo, verb_tu, verb_el_ella_usted, verb_nosotros, verb_vosotros, verb_ellos_ellas_ustedes, curated) VALUES (421, 421, 'en', 'stop', 'stop', 'stop', 'stop', 'stop', 'stop', 'stop', true);
INSERT INTO private.ckn_verb (verb_key, verb_base_key, language, verb_infinitive, verb_yo, verb_tu, verb_el_ella_usted, verb_nosotros, verb_vosotros, verb_ellos_ellas_ustedes, curated) VALUES (422, 421, 'es', 'parar', 'paro', 'paras', 'para', 'paramos', 'paran', 'paran', true);
INSERT INTO private.ckn_verb (verb_key, verb_base_key, language, verb_infinitive, verb_yo, verb_tu, verb_el_ella_usted, verb_nosotros, verb_vosotros, verb_ellos_ellas_ustedes, curated) VALUES (425, 425, 'en', 'talk', 'talk', 'talk', 'talk', 'talk', 'talk', 'talk', true);
INSERT INTO private.ckn_verb (verb_key, verb_base_key, language, verb_infinitive, verb_yo, verb_tu, verb_el_ella_usted, verb_nosotros, verb_vosotros, verb_ellos_ellas_ustedes, curated) VALUES (426, 425, 'es', 'hablar', 'hablo', 'hablas', 'habla', 'hablamos', 'hablan', 'hablan', true);
INSERT INTO private.ckn_verb (verb_key, verb_base_key, language, verb_infinitive, verb_yo, verb_tu, verb_el_ella_usted, verb_nosotros, verb_vosotros, verb_ellos_ellas_ustedes, curated) VALUES (878, 878, 'es', 'sí', 'sí', 'sí', 'sí', 'sí', 'sí', 'sí', false);
INSERT INTO private.ckn_verb (verb_key, verb_base_key, language, verb_infinitive, verb_yo, verb_tu, verb_el_ella_usted, verb_nosotros, verb_vosotros, verb_ellos_ellas_ustedes, curated) VALUES (880, 880, 'es', 'sonar', 'suena', 'suena', 'suena', 'sonamos', 'sonáis', 'suena', false);
INSERT INTO private.ckn_verb (verb_key, verb_base_key, language, verb_infinitive, verb_yo, verb_tu, verb_el_ella_usted, verb_nosotros, verb_vosotros, verb_ellos_ellas_ustedes, curated) VALUES (882, 882, 'es', 'desear', 'deseo', 'deseas', 'desea', 'deseamos', 'deseáis', 'desean', false);
INSERT INTO private.ckn_verb (verb_key, verb_base_key, language, verb_infinitive, verb_yo, verb_tu, verb_el_ella_usted, verb_nosotros, verb_vosotros, verb_ellos_ellas_ustedes, curated) VALUES (883, 883, 'es', 'acompañar', 'acompaño', 'acompañas', 'acompaña', 'acompañamos', 'acompañáis', 'acompañan', false);
INSERT INTO private.ckn_verb (verb_key, verb_base_key, language, verb_infinitive, verb_yo, verb_tu, verb_el_ella_usted, verb_nosotros, verb_vosotros, verb_ellos_ellas_ustedes, curated) VALUES (884, 884, 'es', 'gracias', 'gracias', 'gracias', 'gracias', 'gracias', 'gracias', 'gracias', false);
INSERT INTO private.ckn_verb (verb_key, verb_base_key, language, verb_infinitive, verb_yo, verb_tu, verb_el_ella_usted, verb_nosotros, verb_vosotros, verb_ellos_ellas_ustedes, curated) VALUES (886, 886, 'es', 'estar', 'estoy', 'estás', 'está', 'estamos', 'estáis', 'están', false);
INSERT INTO private.ckn_verb (verb_key, verb_base_key, language, verb_infinitive, verb_yo, verb_tu, verb_el_ella_usted, verb_nosotros, verb_vosotros, verb_ellos_ellas_ustedes, curated) VALUES (891, 891, 'es', 'ver', 'veo', 'ves', 've', 'vemos', 'veis', 'ven', false);
INSERT INTO private.ckn_verb (verb_key, verb_base_key, language, verb_infinitive, verb_yo, verb_tu, verb_el_ella_usted, verb_nosotros, verb_vosotros, verb_ellos_ellas_ustedes, curated) VALUES (892, 892, 'es', 'bienvenido', 'bienvenido', 'bienvenido', 'bienvenido', 'bienvenidos', 'bienvenidos', 'bienvenidos', false);
INSERT INTO private.ckn_verb (verb_key, verb_base_key, language, verb_infinitive, verb_yo, verb_tu, verb_el_ella_usted, verb_nosotros, verb_vosotros, verb_ellos_ellas_ustedes, curated) VALUES (897, 897, 'es', 'ser', 'soy', 'eres', 'es', 'somos', 'sois', 'son', false);
INSERT INTO private.ckn_verb (verb_key, verb_base_key, language, verb_infinitive, verb_yo, verb_tu, verb_el_ella_usted, verb_nosotros, verb_vosotros, verb_ellos_ellas_ustedes, curated) VALUES (901, 901, 'es', 'estar', 'estaré', 'estarás', 'estará', 'estaremos', 'estaréis', 'estarán', false);
INSERT INTO private.ckn_verb (verb_key, verb_base_key, language, verb_infinitive, verb_yo, verb_tu, verb_el_ella_usted, verb_nosotros, verb_vosotros, verb_ellos_ellas_ustedes, curated) VALUES (903, 903, 'es', 'salir', 'salgo', 'sales', 'sale', 'salimos', 'salís', 'salen', false);
INSERT INTO private.ckn_verb (verb_key, verb_base_key, language, verb_infinitive, verb_yo, verb_tu, verb_el_ella_usted, verb_nosotros, verb_vosotros, verb_ellos_ellas_ustedes, curated) VALUES (905, 905, 'es', 'traer', 'traigo', 'traes', 'trae', 'traemos', 'traéis', 'traen', false);
INSERT INTO private.ckn_verb (verb_key, verb_base_key, language, verb_infinitive, verb_yo, verb_tu, verb_el_ella_usted, verb_nosotros, verb_vosotros, verb_ellos_ellas_ustedes, curated) VALUES (906, 906, 'es', 'también', 'también', 'también', 'también', 'también', 'también', 'también', false);
INSERT INTO private.ckn_verb (verb_key, verb_base_key, language, verb_infinitive, verb_yo, verb_tu, verb_el_ella_usted, verb_nosotros, verb_vosotros, verb_ellos_ellas_ustedes, curated) VALUES (910, 910, 'es', 'anotar', 'anoto', 'anotas', 'anota', 'anotamos', 'anotáis', 'anotan', false);
INSERT INTO private.ckn_verb (verb_key, verb_base_key, language, verb_infinitive, verb_yo, verb_tu, verb_el_ella_usted, verb_nosotros, verb_vosotros, verb_ellos_ellas_ustedes, curated) VALUES (911, 911, 'es', 'hacer', 'hago', 'haces', 'hace', 'hacemos', 'hacéis', 'hacen', false);
INSERT INTO private.ckn_verb (verb_key, verb_base_key, language, verb_infinitive, verb_yo, verb_tu, verb_el_ella_usted, verb_nosotros, verb_vosotros, verb_ellos_ellas_ustedes, curated) VALUES (913, 913, 'es', 'poder', 'puedo', 'puedes', 'puede', 'podemos', 'podéis', 'pueden', false);
INSERT INTO private.ckn_verb (verb_key, verb_base_key, language, verb_infinitive, verb_yo, verb_tu, verb_el_ella_usted, verb_nosotros, verb_vosotros, verb_ellos_ellas_ustedes, curated) VALUES (914, 914, 'es', 'gustar', 'me gustaría', 'te gustaría', 'le gustaría', 'nos gustaría', 'os gustaría', 'les gustaría', false);
INSERT INTO private.ckn_verb (verb_key, verb_base_key, language, verb_infinitive, verb_yo, verb_tu, verb_el_ella_usted, verb_nosotros, verb_vosotros, verb_ellos_ellas_ustedes, curated) VALUES (921, 921, 'es', 'añadir', 'añado', 'añades', 'añade', 'añadimos', 'añadís', 'añaden', false);
INSERT INTO private.ckn_verb (verb_key, verb_base_key, language, verb_infinitive, verb_yo, verb_tu, verb_el_ella_usted, verb_nosotros, verb_vosotros, verb_ellos_ellas_ustedes, curated) VALUES (923, 923, 'es', 'especialidad', 'especialidad', 'especialidad', 'especialidad', 'especialidades', 'especialidades', 'especialidades', false);


--
-- Data for Name: ckn_verb_scenarios; Type: TABLE DATA; Schema: private; Owner: postgres
--

INSERT INTO private.ckn_verb_scenarios (verb_key, scenario_key) VALUES (1, 3);
INSERT INTO private.ckn_verb_scenarios (verb_key, scenario_key) VALUES (2, 3);
INSERT INTO private.ckn_verb_scenarios (verb_key, scenario_key) VALUES (3, 3);
INSERT INTO private.ckn_verb_scenarios (verb_key, scenario_key) VALUES (4, 3);
INSERT INTO private.ckn_verb_scenarios (verb_key, scenario_key) VALUES (5, 3);
INSERT INTO private.ckn_verb_scenarios (verb_key, scenario_key) VALUES (6, 3);
INSERT INTO private.ckn_verb_scenarios (verb_key, scenario_key) VALUES (7, 3);
INSERT INTO private.ckn_verb_scenarios (verb_key, scenario_key) VALUES (8, 3);
INSERT INTO private.ckn_verb_scenarios (verb_key, scenario_key) VALUES (9, 3);
INSERT INTO private.ckn_verb_scenarios (verb_key, scenario_key) VALUES (10, 3);
INSERT INTO private.ckn_verb_scenarios (verb_key, scenario_key) VALUES (11, 3);
INSERT INTO private.ckn_verb_scenarios (verb_key, scenario_key) VALUES (12, 3);
INSERT INTO private.ckn_verb_scenarios (verb_key, scenario_key) VALUES (13, 3);
INSERT INTO private.ckn_verb_scenarios (verb_key, scenario_key) VALUES (14, 3);
INSERT INTO private.ckn_verb_scenarios (verb_key, scenario_key) VALUES (15, 3);
INSERT INTO private.ckn_verb_scenarios (verb_key, scenario_key) VALUES (16, 3);
INSERT INTO private.ckn_verb_scenarios (verb_key, scenario_key) VALUES (17, 3);
INSERT INTO private.ckn_verb_scenarios (verb_key, scenario_key) VALUES (18, 3);
INSERT INTO private.ckn_verb_scenarios (verb_key, scenario_key) VALUES (19, 3);
INSERT INTO private.ckn_verb_scenarios (verb_key, scenario_key) VALUES (20, 3);
INSERT INTO private.ckn_verb_scenarios (verb_key, scenario_key) VALUES (21, 3);
INSERT INTO private.ckn_verb_scenarios (verb_key, scenario_key) VALUES (22, 3);
INSERT INTO private.ckn_verb_scenarios (verb_key, scenario_key) VALUES (23, 3);
INSERT INTO private.ckn_verb_scenarios (verb_key, scenario_key) VALUES (24, 3);
INSERT INTO private.ckn_verb_scenarios (verb_key, scenario_key) VALUES (25, 3);
INSERT INTO private.ckn_verb_scenarios (verb_key, scenario_key) VALUES (26, 3);
INSERT INTO private.ckn_verb_scenarios (verb_key, scenario_key) VALUES (27, 3);
INSERT INTO private.ckn_verb_scenarios (verb_key, scenario_key) VALUES (28, 3);
INSERT INTO private.ckn_verb_scenarios (verb_key, scenario_key) VALUES (29, 3);
INSERT INTO private.ckn_verb_scenarios (verb_key, scenario_key) VALUES (30, 3);
INSERT INTO private.ckn_verb_scenarios (verb_key, scenario_key) VALUES (31, 3);
INSERT INTO private.ckn_verb_scenarios (verb_key, scenario_key) VALUES (32, 3);
INSERT INTO private.ckn_verb_scenarios (verb_key, scenario_key) VALUES (33, 3);
INSERT INTO private.ckn_verb_scenarios (verb_key, scenario_key) VALUES (34, 3);
INSERT INTO private.ckn_verb_scenarios (verb_key, scenario_key) VALUES (35, 3);
INSERT INTO private.ckn_verb_scenarios (verb_key, scenario_key) VALUES (36, 3);
INSERT INTO private.ckn_verb_scenarios (verb_key, scenario_key) VALUES (37, 3);
INSERT INTO private.ckn_verb_scenarios (verb_key, scenario_key) VALUES (38, 3);
INSERT INTO private.ckn_verb_scenarios (verb_key, scenario_key) VALUES (39, 3);
INSERT INTO private.ckn_verb_scenarios (verb_key, scenario_key) VALUES (40, 3);
INSERT INTO private.ckn_verb_scenarios (verb_key, scenario_key) VALUES (41, 3);
INSERT INTO private.ckn_verb_scenarios (verb_key, scenario_key) VALUES (42, 3);
INSERT INTO private.ckn_verb_scenarios (verb_key, scenario_key) VALUES (43, 3);
INSERT INTO private.ckn_verb_scenarios (verb_key, scenario_key) VALUES (44, 3);
INSERT INTO private.ckn_verb_scenarios (verb_key, scenario_key) VALUES (45, 3);
INSERT INTO private.ckn_verb_scenarios (verb_key, scenario_key) VALUES (46, 3);
INSERT INTO private.ckn_verb_scenarios (verb_key, scenario_key) VALUES (47, 3);
INSERT INTO private.ckn_verb_scenarios (verb_key, scenario_key) VALUES (48, 3);
INSERT INTO private.ckn_verb_scenarios (verb_key, scenario_key) VALUES (49, 3);
INSERT INTO private.ckn_verb_scenarios (verb_key, scenario_key) VALUES (50, 3);
INSERT INTO private.ckn_verb_scenarios (verb_key, scenario_key) VALUES (51, 3);
INSERT INTO private.ckn_verb_scenarios (verb_key, scenario_key) VALUES (52, 3);
INSERT INTO private.ckn_verb_scenarios (verb_key, scenario_key) VALUES (53, 3);
INSERT INTO private.ckn_verb_scenarios (verb_key, scenario_key) VALUES (54, 3);
INSERT INTO private.ckn_verb_scenarios (verb_key, scenario_key) VALUES (55, 3);
INSERT INTO private.ckn_verb_scenarios (verb_key, scenario_key) VALUES (56, 3);
INSERT INTO private.ckn_verb_scenarios (verb_key, scenario_key) VALUES (57, 3);
INSERT INTO private.ckn_verb_scenarios (verb_key, scenario_key) VALUES (59, 3);
INSERT INTO private.ckn_verb_scenarios (verb_key, scenario_key) VALUES (60, 3);
INSERT INTO private.ckn_verb_scenarios (verb_key, scenario_key) VALUES (61, 3);
INSERT INTO private.ckn_verb_scenarios (verb_key, scenario_key) VALUES (62, 3);
INSERT INTO private.ckn_verb_scenarios (verb_key, scenario_key) VALUES (63, 3);
INSERT INTO private.ckn_verb_scenarios (verb_key, scenario_key) VALUES (64, 3);
INSERT INTO private.ckn_verb_scenarios (verb_key, scenario_key) VALUES (65, 3);
INSERT INTO private.ckn_verb_scenarios (verb_key, scenario_key) VALUES (66, 3);
INSERT INTO private.ckn_verb_scenarios (verb_key, scenario_key) VALUES (67, 3);
INSERT INTO private.ckn_verb_scenarios (verb_key, scenario_key) VALUES (68, 3);
INSERT INTO private.ckn_verb_scenarios (verb_key, scenario_key) VALUES (69, 3);
INSERT INTO private.ckn_verb_scenarios (verb_key, scenario_key) VALUES (70, 3);
INSERT INTO private.ckn_verb_scenarios (verb_key, scenario_key) VALUES (71, 3);
INSERT INTO private.ckn_verb_scenarios (verb_key, scenario_key) VALUES (72, 3);
INSERT INTO private.ckn_verb_scenarios (verb_key, scenario_key) VALUES (73, 3);
INSERT INTO private.ckn_verb_scenarios (verb_key, scenario_key) VALUES (74, 3);
INSERT INTO private.ckn_verb_scenarios (verb_key, scenario_key) VALUES (75, 3);
INSERT INTO private.ckn_verb_scenarios (verb_key, scenario_key) VALUES (76, 3);
INSERT INTO private.ckn_verb_scenarios (verb_key, scenario_key) VALUES (77, 3);
INSERT INTO private.ckn_verb_scenarios (verb_key, scenario_key) VALUES (78, 3);
INSERT INTO private.ckn_verb_scenarios (verb_key, scenario_key) VALUES (79, 3);
INSERT INTO private.ckn_verb_scenarios (verb_key, scenario_key) VALUES (80, 3);
INSERT INTO private.ckn_verb_scenarios (verb_key, scenario_key) VALUES (81, 3);
INSERT INTO private.ckn_verb_scenarios (verb_key, scenario_key) VALUES (82, 3);
INSERT INTO private.ckn_verb_scenarios (verb_key, scenario_key) VALUES (83, 3);
INSERT INTO private.ckn_verb_scenarios (verb_key, scenario_key) VALUES (84, 3);
INSERT INTO private.ckn_verb_scenarios (verb_key, scenario_key) VALUES (85, 3);
INSERT INTO private.ckn_verb_scenarios (verb_key, scenario_key) VALUES (86, 3);
INSERT INTO private.ckn_verb_scenarios (verb_key, scenario_key) VALUES (87, 3);
INSERT INTO private.ckn_verb_scenarios (verb_key, scenario_key) VALUES (88, 3);
INSERT INTO private.ckn_verb_scenarios (verb_key, scenario_key) VALUES (89, 3);
INSERT INTO private.ckn_verb_scenarios (verb_key, scenario_key) VALUES (90, 3);
INSERT INTO private.ckn_verb_scenarios (verb_key, scenario_key) VALUES (91, 3);
INSERT INTO private.ckn_verb_scenarios (verb_key, scenario_key) VALUES (92, 3);
INSERT INTO private.ckn_verb_scenarios (verb_key, scenario_key) VALUES (93, 3);
INSERT INTO private.ckn_verb_scenarios (verb_key, scenario_key) VALUES (94, 3);
INSERT INTO private.ckn_verb_scenarios (verb_key, scenario_key) VALUES (95, 3);
INSERT INTO private.ckn_verb_scenarios (verb_key, scenario_key) VALUES (96, 3);
INSERT INTO private.ckn_verb_scenarios (verb_key, scenario_key) VALUES (97, 3);
INSERT INTO private.ckn_verb_scenarios (verb_key, scenario_key) VALUES (99, 3);
INSERT INTO private.ckn_verb_scenarios (verb_key, scenario_key) VALUES (100, 3);
INSERT INTO private.ckn_verb_scenarios (verb_key, scenario_key) VALUES (101, 3);
INSERT INTO private.ckn_verb_scenarios (verb_key, scenario_key) VALUES (102, 3);
INSERT INTO private.ckn_verb_scenarios (verb_key, scenario_key) VALUES (103, 3);
INSERT INTO private.ckn_verb_scenarios (verb_key, scenario_key) VALUES (104, 3);
INSERT INTO private.ckn_verb_scenarios (verb_key, scenario_key) VALUES (105, 3);
INSERT INTO private.ckn_verb_scenarios (verb_key, scenario_key) VALUES (106, 3);
INSERT INTO private.ckn_verb_scenarios (verb_key, scenario_key) VALUES (107, 3);
INSERT INTO private.ckn_verb_scenarios (verb_key, scenario_key) VALUES (108, 3);
INSERT INTO private.ckn_verb_scenarios (verb_key, scenario_key) VALUES (109, 3);
INSERT INTO private.ckn_verb_scenarios (verb_key, scenario_key) VALUES (110, 3);
INSERT INTO private.ckn_verb_scenarios (verb_key, scenario_key) VALUES (111, 3);
INSERT INTO private.ckn_verb_scenarios (verb_key, scenario_key) VALUES (112, 3);
INSERT INTO private.ckn_verb_scenarios (verb_key, scenario_key) VALUES (113, 1);
INSERT INTO private.ckn_verb_scenarios (verb_key, scenario_key) VALUES (114, 1);
INSERT INTO private.ckn_verb_scenarios (verb_key, scenario_key) VALUES (5, 1);
INSERT INTO private.ckn_verb_scenarios (verb_key, scenario_key) VALUES (6, 1);
INSERT INTO private.ckn_verb_scenarios (verb_key, scenario_key) VALUES (7, 1);
INSERT INTO private.ckn_verb_scenarios (verb_key, scenario_key) VALUES (8, 1);
INSERT INTO private.ckn_verb_scenarios (verb_key, scenario_key) VALUES (9, 1);
INSERT INTO private.ckn_verb_scenarios (verb_key, scenario_key) VALUES (10, 1);
INSERT INTO private.ckn_verb_scenarios (verb_key, scenario_key) VALUES (121, 1);
INSERT INTO private.ckn_verb_scenarios (verb_key, scenario_key) VALUES (122, 1);
INSERT INTO private.ckn_verb_scenarios (verb_key, scenario_key) VALUES (123, 1);
INSERT INTO private.ckn_verb_scenarios (verb_key, scenario_key) VALUES (124, 1);
INSERT INTO private.ckn_verb_scenarios (verb_key, scenario_key) VALUES (125, 1);
INSERT INTO private.ckn_verb_scenarios (verb_key, scenario_key) VALUES (126, 1);
INSERT INTO private.ckn_verb_scenarios (verb_key, scenario_key) VALUES (15, 1);
INSERT INTO private.ckn_verb_scenarios (verb_key, scenario_key) VALUES (16, 1);
INSERT INTO private.ckn_verb_scenarios (verb_key, scenario_key) VALUES (129, 1);
INSERT INTO private.ckn_verb_scenarios (verb_key, scenario_key) VALUES (130, 1);
INSERT INTO private.ckn_verb_scenarios (verb_key, scenario_key) VALUES (17, 1);
INSERT INTO private.ckn_verb_scenarios (verb_key, scenario_key) VALUES (18, 1);
INSERT INTO private.ckn_verb_scenarios (verb_key, scenario_key) VALUES (19, 1);
INSERT INTO private.ckn_verb_scenarios (verb_key, scenario_key) VALUES (20, 1);
INSERT INTO private.ckn_verb_scenarios (verb_key, scenario_key) VALUES (135, 1);
INSERT INTO private.ckn_verb_scenarios (verb_key, scenario_key) VALUES (136, 1);
INSERT INTO private.ckn_verb_scenarios (verb_key, scenario_key) VALUES (137, 1);
INSERT INTO private.ckn_verb_scenarios (verb_key, scenario_key) VALUES (138, 1);
INSERT INTO private.ckn_verb_scenarios (verb_key, scenario_key) VALUES (21, 1);
INSERT INTO private.ckn_verb_scenarios (verb_key, scenario_key) VALUES (22, 1);
INSERT INTO private.ckn_verb_scenarios (verb_key, scenario_key) VALUES (23, 1);
INSERT INTO private.ckn_verb_scenarios (verb_key, scenario_key) VALUES (24, 1);
INSERT INTO private.ckn_verb_scenarios (verb_key, scenario_key) VALUES (143, 1);
INSERT INTO private.ckn_verb_scenarios (verb_key, scenario_key) VALUES (32, 1);
INSERT INTO private.ckn_verb_scenarios (verb_key, scenario_key) VALUES (145, 1);
INSERT INTO private.ckn_verb_scenarios (verb_key, scenario_key) VALUES (146, 1);
INSERT INTO private.ckn_verb_scenarios (verb_key, scenario_key) VALUES (27, 1);
INSERT INTO private.ckn_verb_scenarios (verb_key, scenario_key) VALUES (28, 1);
INSERT INTO private.ckn_verb_scenarios (verb_key, scenario_key) VALUES (149, 1);
INSERT INTO private.ckn_verb_scenarios (verb_key, scenario_key) VALUES (150, 1);
INSERT INTO private.ckn_verb_scenarios (verb_key, scenario_key) VALUES (151, 1);
INSERT INTO private.ckn_verb_scenarios (verb_key, scenario_key) VALUES (152, 1);
INSERT INTO private.ckn_verb_scenarios (verb_key, scenario_key) VALUES (153, 1);
INSERT INTO private.ckn_verb_scenarios (verb_key, scenario_key) VALUES (154, 1);
INSERT INTO private.ckn_verb_scenarios (verb_key, scenario_key) VALUES (155, 1);
INSERT INTO private.ckn_verb_scenarios (verb_key, scenario_key) VALUES (156, 1);
INSERT INTO private.ckn_verb_scenarios (verb_key, scenario_key) VALUES (157, 1);
INSERT INTO private.ckn_verb_scenarios (verb_key, scenario_key) VALUES (158, 1);
INSERT INTO private.ckn_verb_scenarios (verb_key, scenario_key) VALUES (159, 1);
INSERT INTO private.ckn_verb_scenarios (verb_key, scenario_key) VALUES (160, 1);
INSERT INTO private.ckn_verb_scenarios (verb_key, scenario_key) VALUES (161, 1);
INSERT INTO private.ckn_verb_scenarios (verb_key, scenario_key) VALUES (162, 1);
INSERT INTO private.ckn_verb_scenarios (verb_key, scenario_key) VALUES (163, 1);
INSERT INTO private.ckn_verb_scenarios (verb_key, scenario_key) VALUES (164, 1);
INSERT INTO private.ckn_verb_scenarios (verb_key, scenario_key) VALUES (165, 1);
INSERT INTO private.ckn_verb_scenarios (verb_key, scenario_key) VALUES (166, 1);
INSERT INTO private.ckn_verb_scenarios (verb_key, scenario_key) VALUES (45, 1);
INSERT INTO private.ckn_verb_scenarios (verb_key, scenario_key) VALUES (46, 1);
INSERT INTO private.ckn_verb_scenarios (verb_key, scenario_key) VALUES (169, 1);
INSERT INTO private.ckn_verb_scenarios (verb_key, scenario_key) VALUES (170, 1);
INSERT INTO private.ckn_verb_scenarios (verb_key, scenario_key) VALUES (49, 1);
INSERT INTO private.ckn_verb_scenarios (verb_key, scenario_key) VALUES (50, 1);
INSERT INTO private.ckn_verb_scenarios (verb_key, scenario_key) VALUES (57, 1);
INSERT INTO private.ckn_verb_scenarios (verb_key, scenario_key) VALUES (175, 1);
INSERT INTO private.ckn_verb_scenarios (verb_key, scenario_key) VALUES (176, 1);
INSERT INTO private.ckn_verb_scenarios (verb_key, scenario_key) VALUES (177, 1);
INSERT INTO private.ckn_verb_scenarios (verb_key, scenario_key) VALUES (178, 1);
INSERT INTO private.ckn_verb_scenarios (verb_key, scenario_key) VALUES (179, 1);
INSERT INTO private.ckn_verb_scenarios (verb_key, scenario_key) VALUES (180, 1);
INSERT INTO private.ckn_verb_scenarios (verb_key, scenario_key) VALUES (181, 1);
INSERT INTO private.ckn_verb_scenarios (verb_key, scenario_key) VALUES (182, 1);
INSERT INTO private.ckn_verb_scenarios (verb_key, scenario_key) VALUES (63, 1);
INSERT INTO private.ckn_verb_scenarios (verb_key, scenario_key) VALUES (64, 1);
INSERT INTO private.ckn_verb_scenarios (verb_key, scenario_key) VALUES (67, 1);
INSERT INTO private.ckn_verb_scenarios (verb_key, scenario_key) VALUES (68, 1);
INSERT INTO private.ckn_verb_scenarios (verb_key, scenario_key) VALUES (73, 1);
INSERT INTO private.ckn_verb_scenarios (verb_key, scenario_key) VALUES (74, 1);
INSERT INTO private.ckn_verb_scenarios (verb_key, scenario_key) VALUES (189, 1);
INSERT INTO private.ckn_verb_scenarios (verb_key, scenario_key) VALUES (190, 1);
INSERT INTO private.ckn_verb_scenarios (verb_key, scenario_key) VALUES (191, 1);
INSERT INTO private.ckn_verb_scenarios (verb_key, scenario_key) VALUES (192, 1);
INSERT INTO private.ckn_verb_scenarios (verb_key, scenario_key) VALUES (193, 1);
INSERT INTO private.ckn_verb_scenarios (verb_key, scenario_key) VALUES (194, 1);
INSERT INTO private.ckn_verb_scenarios (verb_key, scenario_key) VALUES (195, 1);
INSERT INTO private.ckn_verb_scenarios (verb_key, scenario_key) VALUES (196, 1);
INSERT INTO private.ckn_verb_scenarios (verb_key, scenario_key) VALUES (197, 1);
INSERT INTO private.ckn_verb_scenarios (verb_key, scenario_key) VALUES (87, 1);
INSERT INTO private.ckn_verb_scenarios (verb_key, scenario_key) VALUES (88, 1);
INSERT INTO private.ckn_verb_scenarios (verb_key, scenario_key) VALUES (201, 1);
INSERT INTO private.ckn_verb_scenarios (verb_key, scenario_key) VALUES (202, 1);
INSERT INTO private.ckn_verb_scenarios (verb_key, scenario_key) VALUES (203, 1);
INSERT INTO private.ckn_verb_scenarios (verb_key, scenario_key) VALUES (204, 1);
INSERT INTO private.ckn_verb_scenarios (verb_key, scenario_key) VALUES (205, 1);
INSERT INTO private.ckn_verb_scenarios (verb_key, scenario_key) VALUES (206, 1);
INSERT INTO private.ckn_verb_scenarios (verb_key, scenario_key) VALUES (207, 1);
INSERT INTO private.ckn_verb_scenarios (verb_key, scenario_key) VALUES (209, 1);
INSERT INTO private.ckn_verb_scenarios (verb_key, scenario_key) VALUES (210, 1);
INSERT INTO private.ckn_verb_scenarios (verb_key, scenario_key) VALUES (211, 1);
INSERT INTO private.ckn_verb_scenarios (verb_key, scenario_key) VALUES (212, 1);
INSERT INTO private.ckn_verb_scenarios (verb_key, scenario_key) VALUES (213, 1);
INSERT INTO private.ckn_verb_scenarios (verb_key, scenario_key) VALUES (214, 1);
INSERT INTO private.ckn_verb_scenarios (verb_key, scenario_key) VALUES (215, 1);
INSERT INTO private.ckn_verb_scenarios (verb_key, scenario_key) VALUES (216, 1);
INSERT INTO private.ckn_verb_scenarios (verb_key, scenario_key) VALUES (217, 1);
INSERT INTO private.ckn_verb_scenarios (verb_key, scenario_key) VALUES (218, 1);
INSERT INTO private.ckn_verb_scenarios (verb_key, scenario_key) VALUES (219, 1);
INSERT INTO private.ckn_verb_scenarios (verb_key, scenario_key) VALUES (220, 1);
INSERT INTO private.ckn_verb_scenarios (verb_key, scenario_key) VALUES (109, 1);
INSERT INTO private.ckn_verb_scenarios (verb_key, scenario_key) VALUES (110, 1);
INSERT INTO private.ckn_verb_scenarios (verb_key, scenario_key) VALUES (223, 1);
INSERT INTO private.ckn_verb_scenarios (verb_key, scenario_key) VALUES (224, 1);
INSERT INTO private.ckn_verb_scenarios (verb_key, scenario_key) VALUES (225, 1);
INSERT INTO private.ckn_verb_scenarios (verb_key, scenario_key) VALUES (226, 1);
INSERT INTO private.ckn_verb_scenarios (verb_key, scenario_key) VALUES (125, 2);
INSERT INTO private.ckn_verb_scenarios (verb_key, scenario_key) VALUES (126, 2);
INSERT INTO private.ckn_verb_scenarios (verb_key, scenario_key) VALUES (15, 2);
INSERT INTO private.ckn_verb_scenarios (verb_key, scenario_key) VALUES (16, 2);
INSERT INTO private.ckn_verb_scenarios (verb_key, scenario_key) VALUES (17, 2);
INSERT INTO private.ckn_verb_scenarios (verb_key, scenario_key) VALUES (18, 2);
INSERT INTO private.ckn_verb_scenarios (verb_key, scenario_key) VALUES (19, 2);
INSERT INTO private.ckn_verb_scenarios (verb_key, scenario_key) VALUES (20, 2);
INSERT INTO private.ckn_verb_scenarios (verb_key, scenario_key) VALUES (21, 2);
INSERT INTO private.ckn_verb_scenarios (verb_key, scenario_key) VALUES (22, 2);
INSERT INTO private.ckn_verb_scenarios (verb_key, scenario_key) VALUES (237, 2);
INSERT INTO private.ckn_verb_scenarios (verb_key, scenario_key) VALUES (238, 2);
INSERT INTO private.ckn_verb_scenarios (verb_key, scenario_key) VALUES (145, 2);
INSERT INTO private.ckn_verb_scenarios (verb_key, scenario_key) VALUES (146, 2);
INSERT INTO private.ckn_verb_scenarios (verb_key, scenario_key) VALUES (151, 2);
INSERT INTO private.ckn_verb_scenarios (verb_key, scenario_key) VALUES (152, 2);
INSERT INTO private.ckn_verb_scenarios (verb_key, scenario_key) VALUES (243, 2);
INSERT INTO private.ckn_verb_scenarios (verb_key, scenario_key) VALUES (244, 2);
INSERT INTO private.ckn_verb_scenarios (verb_key, scenario_key) VALUES (245, 2);
INSERT INTO private.ckn_verb_scenarios (verb_key, scenario_key) VALUES (246, 2);
INSERT INTO private.ckn_verb_scenarios (verb_key, scenario_key) VALUES (247, 2);
INSERT INTO private.ckn_verb_scenarios (verb_key, scenario_key) VALUES (248, 2);
INSERT INTO private.ckn_verb_scenarios (verb_key, scenario_key) VALUES (249, 2);
INSERT INTO private.ckn_verb_scenarios (verb_key, scenario_key) VALUES (250, 2);
INSERT INTO private.ckn_verb_scenarios (verb_key, scenario_key) VALUES (251, 2);
INSERT INTO private.ckn_verb_scenarios (verb_key, scenario_key) VALUES (252, 2);
INSERT INTO private.ckn_verb_scenarios (verb_key, scenario_key) VALUES (253, 2);
INSERT INTO private.ckn_verb_scenarios (verb_key, scenario_key) VALUES (254, 2);
INSERT INTO private.ckn_verb_scenarios (verb_key, scenario_key) VALUES (255, 2);
INSERT INTO private.ckn_verb_scenarios (verb_key, scenario_key) VALUES (256, 2);
INSERT INTO private.ckn_verb_scenarios (verb_key, scenario_key) VALUES (159, 2);
INSERT INTO private.ckn_verb_scenarios (verb_key, scenario_key) VALUES (160, 2);
INSERT INTO private.ckn_verb_scenarios (verb_key, scenario_key) VALUES (259, 2);
INSERT INTO private.ckn_verb_scenarios (verb_key, scenario_key) VALUES (260, 2);
INSERT INTO private.ckn_verb_scenarios (verb_key, scenario_key) VALUES (261, 2);
INSERT INTO private.ckn_verb_scenarios (verb_key, scenario_key) VALUES (262, 2);
INSERT INTO private.ckn_verb_scenarios (verb_key, scenario_key) VALUES (45, 2);
INSERT INTO private.ckn_verb_scenarios (verb_key, scenario_key) VALUES (46, 2);
INSERT INTO private.ckn_verb_scenarios (verb_key, scenario_key) VALUES (265, 2);
INSERT INTO private.ckn_verb_scenarios (verb_key, scenario_key) VALUES (266, 2);
INSERT INTO private.ckn_verb_scenarios (verb_key, scenario_key) VALUES (267, 2);
INSERT INTO private.ckn_verb_scenarios (verb_key, scenario_key) VALUES (268, 2);
INSERT INTO private.ckn_verb_scenarios (verb_key, scenario_key) VALUES (57, 2);
INSERT INTO private.ckn_verb_scenarios (verb_key, scenario_key) VALUES (32, 2);
INSERT INTO private.ckn_verb_scenarios (verb_key, scenario_key) VALUES (271, 2);
INSERT INTO private.ckn_verb_scenarios (verb_key, scenario_key) VALUES (272, 2);
INSERT INTO private.ckn_verb_scenarios (verb_key, scenario_key) VALUES (181, 2);
INSERT INTO private.ckn_verb_scenarios (verb_key, scenario_key) VALUES (182, 2);
INSERT INTO private.ckn_verb_scenarios (verb_key, scenario_key) VALUES (275, 2);
INSERT INTO private.ckn_verb_scenarios (verb_key, scenario_key) VALUES (122, 2);
INSERT INTO private.ckn_verb_scenarios (verb_key, scenario_key) VALUES (65, 2);
INSERT INTO private.ckn_verb_scenarios (verb_key, scenario_key) VALUES (66, 2);
INSERT INTO private.ckn_verb_scenarios (verb_key, scenario_key) VALUES (67, 2);
INSERT INTO private.ckn_verb_scenarios (verb_key, scenario_key) VALUES (68, 2);
INSERT INTO private.ckn_verb_scenarios (verb_key, scenario_key) VALUES (281, 2);
INSERT INTO private.ckn_verb_scenarios (verb_key, scenario_key) VALUES (282, 2);
INSERT INTO private.ckn_verb_scenarios (verb_key, scenario_key) VALUES (283, 2);
INSERT INTO private.ckn_verb_scenarios (verb_key, scenario_key) VALUES (284, 2);
INSERT INTO private.ckn_verb_scenarios (verb_key, scenario_key) VALUES (73, 2);
INSERT INTO private.ckn_verb_scenarios (verb_key, scenario_key) VALUES (74, 2);
INSERT INTO private.ckn_verb_scenarios (verb_key, scenario_key) VALUES (75, 2);
INSERT INTO private.ckn_verb_scenarios (verb_key, scenario_key) VALUES (76, 2);
INSERT INTO private.ckn_verb_scenarios (verb_key, scenario_key) VALUES (289, 2);
INSERT INTO private.ckn_verb_scenarios (verb_key, scenario_key) VALUES (290, 2);
INSERT INTO private.ckn_verb_scenarios (verb_key, scenario_key) VALUES (291, 2);
INSERT INTO private.ckn_verb_scenarios (verb_key, scenario_key) VALUES (292, 2);
INSERT INTO private.ckn_verb_scenarios (verb_key, scenario_key) VALUES (197, 2);
INSERT INTO private.ckn_verb_scenarios (verb_key, scenario_key) VALUES (124, 2);
INSERT INTO private.ckn_verb_scenarios (verb_key, scenario_key) VALUES (295, 2);
INSERT INTO private.ckn_verb_scenarios (verb_key, scenario_key) VALUES (296, 2);
INSERT INTO private.ckn_verb_scenarios (verb_key, scenario_key) VALUES (297, 2);
INSERT INTO private.ckn_verb_scenarios (verb_key, scenario_key) VALUES (298, 2);
INSERT INTO private.ckn_verb_scenarios (verb_key, scenario_key) VALUES (299, 2);
INSERT INTO private.ckn_verb_scenarios (verb_key, scenario_key) VALUES (300, 2);
INSERT INTO private.ckn_verb_scenarios (verb_key, scenario_key) VALUES (301, 2);
INSERT INTO private.ckn_verb_scenarios (verb_key, scenario_key) VALUES (302, 2);
INSERT INTO private.ckn_verb_scenarios (verb_key, scenario_key) VALUES (91, 2);
INSERT INTO private.ckn_verb_scenarios (verb_key, scenario_key) VALUES (92, 2);
INSERT INTO private.ckn_verb_scenarios (verb_key, scenario_key) VALUES (305, 2);
INSERT INTO private.ckn_verb_scenarios (verb_key, scenario_key) VALUES (306, 2);
INSERT INTO private.ckn_verb_scenarios (verb_key, scenario_key) VALUES (307, 2);
INSERT INTO private.ckn_verb_scenarios (verb_key, scenario_key) VALUES (308, 2);
INSERT INTO private.ckn_verb_scenarios (verb_key, scenario_key) VALUES (309, 2);
INSERT INTO private.ckn_verb_scenarios (verb_key, scenario_key) VALUES (310, 2);
INSERT INTO private.ckn_verb_scenarios (verb_key, scenario_key) VALUES (95, 2);
INSERT INTO private.ckn_verb_scenarios (verb_key, scenario_key) VALUES (96, 2);
INSERT INTO private.ckn_verb_scenarios (verb_key, scenario_key) VALUES (313, 2);
INSERT INTO private.ckn_verb_scenarios (verb_key, scenario_key) VALUES (314, 2);
INSERT INTO private.ckn_verb_scenarios (verb_key, scenario_key) VALUES (315, 2);
INSERT INTO private.ckn_verb_scenarios (verb_key, scenario_key) VALUES (316, 2);
INSERT INTO private.ckn_verb_scenarios (verb_key, scenario_key) VALUES (317, 2);
INSERT INTO private.ckn_verb_scenarios (verb_key, scenario_key) VALUES (318, 2);
INSERT INTO private.ckn_verb_scenarios (verb_key, scenario_key) VALUES (319, 2);
INSERT INTO private.ckn_verb_scenarios (verb_key, scenario_key) VALUES (320, 2);
INSERT INTO private.ckn_verb_scenarios (verb_key, scenario_key) VALUES (321, 2);
INSERT INTO private.ckn_verb_scenarios (verb_key, scenario_key) VALUES (322, 2);
INSERT INTO private.ckn_verb_scenarios (verb_key, scenario_key) VALUES (323, 2);
INSERT INTO private.ckn_verb_scenarios (verb_key, scenario_key) VALUES (324, 2);
INSERT INTO private.ckn_verb_scenarios (verb_key, scenario_key) VALUES (325, 2);
INSERT INTO private.ckn_verb_scenarios (verb_key, scenario_key) VALUES (326, 2);
INSERT INTO private.ckn_verb_scenarios (verb_key, scenario_key) VALUES (109, 2);
INSERT INTO private.ckn_verb_scenarios (verb_key, scenario_key) VALUES (110, 2);
INSERT INTO private.ckn_verb_scenarios (verb_key, scenario_key) VALUES (225, 2);
INSERT INTO private.ckn_verb_scenarios (verb_key, scenario_key) VALUES (226, 2);
INSERT INTO private.ckn_verb_scenarios (verb_key, scenario_key) VALUES (331, 2);
INSERT INTO private.ckn_verb_scenarios (verb_key, scenario_key) VALUES (332, 2);
INSERT INTO private.ckn_verb_scenarios (verb_key, scenario_key) VALUES (333, 2);
INSERT INTO private.ckn_verb_scenarios (verb_key, scenario_key) VALUES (334, 2);
INSERT INTO private.ckn_verb_scenarios (verb_key, scenario_key) VALUES (335, 4);
INSERT INTO private.ckn_verb_scenarios (verb_key, scenario_key) VALUES (336, 4);
INSERT INTO private.ckn_verb_scenarios (verb_key, scenario_key) VALUES (113, 4);
INSERT INTO private.ckn_verb_scenarios (verb_key, scenario_key) VALUES (114, 4);
INSERT INTO private.ckn_verb_scenarios (verb_key, scenario_key) VALUES (3, 4);
INSERT INTO private.ckn_verb_scenarios (verb_key, scenario_key) VALUES (4, 4);
INSERT INTO private.ckn_verb_scenarios (verb_key, scenario_key) VALUES (7, 4);
INSERT INTO private.ckn_verb_scenarios (verb_key, scenario_key) VALUES (8, 4);
INSERT INTO private.ckn_verb_scenarios (verb_key, scenario_key) VALUES (9, 4);
INSERT INTO private.ckn_verb_scenarios (verb_key, scenario_key) VALUES (10, 4);
INSERT INTO private.ckn_verb_scenarios (verb_key, scenario_key) VALUES (123, 4);
INSERT INTO private.ckn_verb_scenarios (verb_key, scenario_key) VALUES (124, 4);
INSERT INTO private.ckn_verb_scenarios (verb_key, scenario_key) VALUES (15, 4);
INSERT INTO private.ckn_verb_scenarios (verb_key, scenario_key) VALUES (16, 4);
INSERT INTO private.ckn_verb_scenarios (verb_key, scenario_key) VALUES (17, 4);
INSERT INTO private.ckn_verb_scenarios (verb_key, scenario_key) VALUES (18, 4);
INSERT INTO private.ckn_verb_scenarios (verb_key, scenario_key) VALUES (135, 4);
INSERT INTO private.ckn_verb_scenarios (verb_key, scenario_key) VALUES (136, 4);
INSERT INTO private.ckn_verb_scenarios (verb_key, scenario_key) VALUES (21, 4);
INSERT INTO private.ckn_verb_scenarios (verb_key, scenario_key) VALUES (22, 4);
INSERT INTO private.ckn_verb_scenarios (verb_key, scenario_key) VALUES (27, 4);
INSERT INTO private.ckn_verb_scenarios (verb_key, scenario_key) VALUES (28, 4);
INSERT INTO private.ckn_verb_scenarios (verb_key, scenario_key) VALUES (357, 4);
INSERT INTO private.ckn_verb_scenarios (verb_key, scenario_key) VALUES (358, 4);
INSERT INTO private.ckn_verb_scenarios (verb_key, scenario_key) VALUES (153, 4);
INSERT INTO private.ckn_verb_scenarios (verb_key, scenario_key) VALUES (154, 4);
INSERT INTO private.ckn_verb_scenarios (verb_key, scenario_key) VALUES (361, 4);
INSERT INTO private.ckn_verb_scenarios (verb_key, scenario_key) VALUES (362, 4);
INSERT INTO private.ckn_verb_scenarios (verb_key, scenario_key) VALUES (35, 4);
INSERT INTO private.ckn_verb_scenarios (verb_key, scenario_key) VALUES (36, 4);
INSERT INTO private.ckn_verb_scenarios (verb_key, scenario_key) VALUES (365, 4);
INSERT INTO private.ckn_verb_scenarios (verb_key, scenario_key) VALUES (262, 4);
INSERT INTO private.ckn_verb_scenarios (verb_key, scenario_key) VALUES (37, 4);
INSERT INTO private.ckn_verb_scenarios (verb_key, scenario_key) VALUES (38, 4);
INSERT INTO private.ckn_verb_scenarios (verb_key, scenario_key) VALUES (43, 4);
INSERT INTO private.ckn_verb_scenarios (verb_key, scenario_key) VALUES (44, 4);
INSERT INTO private.ckn_verb_scenarios (verb_key, scenario_key) VALUES (371, 4);
INSERT INTO private.ckn_verb_scenarios (verb_key, scenario_key) VALUES (372, 4);
INSERT INTO private.ckn_verb_scenarios (verb_key, scenario_key) VALUES (45, 4);
INSERT INTO private.ckn_verb_scenarios (verb_key, scenario_key) VALUES (46, 4);
INSERT INTO private.ckn_verb_scenarios (verb_key, scenario_key) VALUES (375, 4);
INSERT INTO private.ckn_verb_scenarios (verb_key, scenario_key) VALUES (377, 4);
INSERT INTO private.ckn_verb_scenarios (verb_key, scenario_key) VALUES (378, 4);
INSERT INTO private.ckn_verb_scenarios (verb_key, scenario_key) VALUES (379, 4);
INSERT INTO private.ckn_verb_scenarios (verb_key, scenario_key) VALUES (380, 4);
INSERT INTO private.ckn_verb_scenarios (verb_key, scenario_key) VALUES (57, 4);
INSERT INTO private.ckn_verb_scenarios (verb_key, scenario_key) VALUES (32, 4);
INSERT INTO private.ckn_verb_scenarios (verb_key, scenario_key) VALUES (59, 4);
INSERT INTO private.ckn_verb_scenarios (verb_key, scenario_key) VALUES (60, 4);
INSERT INTO private.ckn_verb_scenarios (verb_key, scenario_key) VALUES (175, 4);
INSERT INTO private.ckn_verb_scenarios (verb_key, scenario_key) VALUES (176, 4);
INSERT INTO private.ckn_verb_scenarios (verb_key, scenario_key) VALUES (387, 4);
INSERT INTO private.ckn_verb_scenarios (verb_key, scenario_key) VALUES (388, 4);
INSERT INTO private.ckn_verb_scenarios (verb_key, scenario_key) VALUES (63, 4);
INSERT INTO private.ckn_verb_scenarios (verb_key, scenario_key) VALUES (64, 4);
INSERT INTO private.ckn_verb_scenarios (verb_key, scenario_key) VALUES (275, 4);
INSERT INTO private.ckn_verb_scenarios (verb_key, scenario_key) VALUES (122, 4);
INSERT INTO private.ckn_verb_scenarios (verb_key, scenario_key) VALUES (67, 4);
INSERT INTO private.ckn_verb_scenarios (verb_key, scenario_key) VALUES (68, 4);
INSERT INTO private.ckn_verb_scenarios (verb_key, scenario_key) VALUES (395, 4);
INSERT INTO private.ckn_verb_scenarios (verb_key, scenario_key) VALUES (396, 4);
INSERT INTO private.ckn_verb_scenarios (verb_key, scenario_key) VALUES (69, 4);
INSERT INTO private.ckn_verb_scenarios (verb_key, scenario_key) VALUES (70, 4);
INSERT INTO private.ckn_verb_scenarios (verb_key, scenario_key) VALUES (399, 4);
INSERT INTO private.ckn_verb_scenarios (verb_key, scenario_key) VALUES (400, 4);
INSERT INTO private.ckn_verb_scenarios (verb_key, scenario_key) VALUES (401, 4);
INSERT INTO private.ckn_verb_scenarios (verb_key, scenario_key) VALUES (402, 4);
INSERT INTO private.ckn_verb_scenarios (verb_key, scenario_key) VALUES (403, 4);
INSERT INTO private.ckn_verb_scenarios (verb_key, scenario_key) VALUES (404, 4);
INSERT INTO private.ckn_verb_scenarios (verb_key, scenario_key) VALUES (405, 4);
INSERT INTO private.ckn_verb_scenarios (verb_key, scenario_key) VALUES (407, 4);
INSERT INTO private.ckn_verb_scenarios (verb_key, scenario_key) VALUES (102, 4);
INSERT INTO private.ckn_verb_scenarios (verb_key, scenario_key) VALUES (81, 4);
INSERT INTO private.ckn_verb_scenarios (verb_key, scenario_key) VALUES (82, 4);
INSERT INTO private.ckn_verb_scenarios (verb_key, scenario_key) VALUES (299, 4);
INSERT INTO private.ckn_verb_scenarios (verb_key, scenario_key) VALUES (300, 4);
INSERT INTO private.ckn_verb_scenarios (verb_key, scenario_key) VALUES (87, 4);
INSERT INTO private.ckn_verb_scenarios (verb_key, scenario_key) VALUES (88, 4);
INSERT INTO private.ckn_verb_scenarios (verb_key, scenario_key) VALUES (415, 4);
INSERT INTO private.ckn_verb_scenarios (verb_key, scenario_key) VALUES (416, 4);
INSERT INTO private.ckn_verb_scenarios (verb_key, scenario_key) VALUES (309, 4);
INSERT INTO private.ckn_verb_scenarios (verb_key, scenario_key) VALUES (310, 4);
INSERT INTO private.ckn_verb_scenarios (verb_key, scenario_key) VALUES (313, 4);
INSERT INTO private.ckn_verb_scenarios (verb_key, scenario_key) VALUES (314, 4);
INSERT INTO private.ckn_verb_scenarios (verb_key, scenario_key) VALUES (421, 4);
INSERT INTO private.ckn_verb_scenarios (verb_key, scenario_key) VALUES (422, 4);
INSERT INTO private.ckn_verb_scenarios (verb_key, scenario_key) VALUES (317, 4);
INSERT INTO private.ckn_verb_scenarios (verb_key, scenario_key) VALUES (318, 4);
INSERT INTO private.ckn_verb_scenarios (verb_key, scenario_key) VALUES (425, 4);
INSERT INTO private.ckn_verb_scenarios (verb_key, scenario_key) VALUES (94, 4);
INSERT INTO private.ckn_verb_scenarios (verb_key, scenario_key) VALUES (97, 4);
INSERT INTO private.ckn_verb_scenarios (verb_key, scenario_key) VALUES (323, 4);
INSERT INTO private.ckn_verb_scenarios (verb_key, scenario_key) VALUES (324, 4);
INSERT INTO private.ckn_verb_scenarios (verb_key, scenario_key) VALUES (101, 4);
INSERT INTO private.ckn_verb_scenarios (verb_key, scenario_key) VALUES (211, 4);
INSERT INTO private.ckn_verb_scenarios (verb_key, scenario_key) VALUES (212, 4);
INSERT INTO private.ckn_verb_scenarios (verb_key, scenario_key) VALUES (217, 4);
INSERT INTO private.ckn_verb_scenarios (verb_key, scenario_key) VALUES (218, 4);
INSERT INTO private.ckn_verb_scenarios (verb_key, scenario_key) VALUES (109, 4);
INSERT INTO private.ckn_verb_scenarios (verb_key, scenario_key) VALUES (110, 4);
INSERT INTO private.ckn_verb_scenarios (verb_key, scenario_key) VALUES (170, 2);
INSERT INTO private.ckn_verb_scenarios (verb_key, scenario_key) VALUES (878, 2);
INSERT INTO private.ckn_verb_scenarios (verb_key, scenario_key) VALUES (44, 2);
INSERT INTO private.ckn_verb_scenarios (verb_key, scenario_key) VALUES (880, 2);
INSERT INTO private.ckn_verb_scenarios (verb_key, scenario_key) VALUES (210, 2);
INSERT INTO private.ckn_verb_scenarios (verb_key, scenario_key) VALUES (882, 2);
INSERT INTO private.ckn_verb_scenarios (verb_key, scenario_key) VALUES (883, 2);
INSERT INTO private.ckn_verb_scenarios (verb_key, scenario_key) VALUES (884, 2);
INSERT INTO private.ckn_verb_scenarios (verb_key, scenario_key) VALUES (886, 2);
INSERT INTO private.ckn_verb_scenarios (verb_key, scenario_key) VALUES (891, 2);
INSERT INTO private.ckn_verb_scenarios (verb_key, scenario_key) VALUES (892, 2);
INSERT INTO private.ckn_verb_scenarios (verb_key, scenario_key) VALUES (897, 2);
INSERT INTO private.ckn_verb_scenarios (verb_key, scenario_key) VALUES (886, 1);
INSERT INTO private.ckn_verb_scenarios (verb_key, scenario_key) VALUES (906, 2);
INSERT INTO private.ckn_verb_scenarios (verb_key, scenario_key) VALUES (910, 2);
INSERT INTO private.ckn_verb_scenarios (verb_key, scenario_key) VALUES (911, 2);
INSERT INTO private.ckn_verb_scenarios (verb_key, scenario_key) VALUES (336, 2);
INSERT INTO private.ckn_verb_scenarios (verb_key, scenario_key) VALUES (913, 2);
INSERT INTO private.ckn_verb_scenarios (verb_key, scenario_key) VALUES (372, 2);
INSERT INTO private.ckn_verb_scenarios (verb_key, scenario_key) VALUES (921, 2);
INSERT INTO private.ckn_verb_scenarios (verb_key, scenario_key) VALUES (923, 2);


--
-- Name: ckn_noun_base_noun_base_key_seq; Type: SEQUENCE SET; Schema: private; Owner: postgres
--

SELECT pg_catalog.setval('private.ckn_noun_base_noun_base_key_seq', 238, true);


--
-- Name: ckn_noun_noun_key_seq; Type: SEQUENCE SET; Schema: private; Owner: postgres
--

SELECT pg_catalog.setval('private.ckn_noun_noun_key_seq', 449, true);


--
-- Name: ckn_scenarios_scenario_key_seq; Type: SEQUENCE SET; Schema: private; Owner: postgres
--

SELECT pg_catalog.setval('private.ckn_scenarios_scenario_key_seq', 928, true);


--
-- Name: ckn_tts_cache_tts_cache_key_seq; Type: SEQUENCE SET; Schema: private; Owner: postgres
--

SELECT pg_catalog.setval('private.ckn_tts_cache_tts_cache_key_seq', 714, true);


--
-- Name: ckn_verb_base_verb_base_key_seq; Type: SEQUENCE SET; Schema: private; Owner: postgres
--

SELECT pg_catalog.setval('private.ckn_verb_base_verb_base_key_seq', 924, true);


--
-- Name: ckn_verb_verb_key_seq; Type: SEQUENCE SET; Schema: private; Owner: postgres
--

SELECT pg_catalog.setval('private.ckn_verb_verb_key_seq', 924, true);


--
-- PostgreSQL database dump complete
--

