--
-- PostgreSQL database dump
--

-- Dumped from database version 15.8
-- Dumped by pg_dump version 16.4

SET statement_timeout = 0;
SET lock_timeout = 0;
SET idle_in_transaction_session_timeout = 0;
SET client_encoding = 'UTF8';
SET standard_conforming_strings = on;
SELECT pg_catalog.set_config('search_path', '', false);
SET check_function_bodies = false;
SET xmloption = content;
SET client_min_messages = warning;
SET row_security = off;

--
-- Data for Name: ckn_noun_base; Type: TABLE DATA; Schema: private; Owner: postgres
--

INSERT INTO private.ckn_noun_base (noun_base_key, noun_base) VALUES (1, 'air conditioning');
INSERT INTO private.ckn_noun_base (noun_base_key, noun_base) VALUES (2, 'bag');
INSERT INTO private.ckn_noun_base (noun_base_key, noun_base) VALUES (3, 'balcony');
INSERT INTO private.ckn_noun_base (noun_base_key, noun_base) VALUES (4, 'bathroom');
INSERT INTO private.ckn_noun_base (noun_base_key, noun_base) VALUES (5, 'bed');
INSERT INTO private.ckn_noun_base (noun_base_key, noun_base) VALUES (6, 'bellhop');
INSERT INTO private.ckn_noun_base (noun_base_key, noun_base) VALUES (7, 'bill');
INSERT INTO private.ckn_noun_base (noun_base_key, noun_base) VALUES (8, 'blanket');
INSERT INTO private.ckn_noun_base (noun_base_key, noun_base) VALUES (9, 'booking');
INSERT INTO private.ckn_noun_base (noun_base_key, noun_base) VALUES (10, 'breakfast');
INSERT INTO private.ckn_noun_base (noun_base_key, noun_base) VALUES (11, 'buffet');
INSERT INTO private.ckn_noun_base (noun_base_key, noun_base) VALUES (12, 'check-in');
INSERT INTO private.ckn_noun_base (noun_base_key, noun_base) VALUES (13, 'check-out');
INSERT INTO private.ckn_noun_base (noun_base_key, noun_base) VALUES (14, 'closet');
INSERT INTO private.ckn_noun_base (noun_base_key, noun_base) VALUES (15, 'complaint');
INSERT INTO private.ckn_noun_base (noun_base_key, noun_base) VALUES (16, 'concierge');
INSERT INTO private.ckn_noun_base (noun_base_key, noun_base) VALUES (17, 'confirmation');
INSERT INTO private.ckn_noun_base (noun_base_key, noun_base) VALUES (18, 'creditcard');
INSERT INTO private.ckn_noun_base (noun_base_key, noun_base) VALUES (19, 'curtain');
INSERT INTO private.ckn_noun_base (noun_base_key, noun_base) VALUES (20, 'desk');
INSERT INTO private.ckn_noun_base (noun_base_key, noun_base) VALUES (21, 'do not disturb sign');
INSERT INTO private.ckn_noun_base (noun_base_key, noun_base) VALUES (22, 'doorkey');
INSERT INTO private.ckn_noun_base (noun_base_key, noun_base) VALUES (23, 'drawer');
INSERT INTO private.ckn_noun_base (noun_base_key, noun_base) VALUES (24, 'elevator');
INSERT INTO private.ckn_noun_base (noun_base_key, noun_base) VALUES (25, 'elevatorbutton');
INSERT INTO private.ckn_noun_base (noun_base_key, noun_base) VALUES (26, 'floor');
INSERT INTO private.ckn_noun_base (noun_base_key, noun_base) VALUES (27, 'front desk');
INSERT INTO private.ckn_noun_base (noun_base_key, noun_base) VALUES (28, 'guest');
INSERT INTO private.ckn_noun_base (noun_base_key, noun_base) VALUES (29, 'hanger');
INSERT INTO private.ckn_noun_base (noun_base_key, noun_base) VALUES (30, 'heater');
INSERT INTO private.ckn_noun_base (noun_base_key, noun_base) VALUES (31, 'heating');
INSERT INTO private.ckn_noun_base (noun_base_key, noun_base) VALUES (32, 'housekeeper');
INSERT INTO private.ckn_noun_base (noun_base_key, noun_base) VALUES (33, 'housekeeping');
INSERT INTO private.ckn_noun_base (noun_base_key, noun_base) VALUES (34, 'invoice');
INSERT INTO private.ckn_noun_base (noun_base_key, noun_base) VALUES (35, 'iron');
INSERT INTO private.ckn_noun_base (noun_base_key, noun_base) VALUES (36, 'key');
INSERT INTO private.ckn_noun_base (noun_base_key, noun_base) VALUES (37, 'keycard');
INSERT INTO private.ckn_noun_base (noun_base_key, noun_base) VALUES (38, 'lamp');
INSERT INTO private.ckn_noun_base (noun_base_key, noun_base) VALUES (39, 'laundry');
INSERT INTO private.ckn_noun_base (noun_base_key, noun_base) VALUES (40, 'light');
INSERT INTO private.ckn_noun_base (noun_base_key, noun_base) VALUES (41, 'lobby');
INSERT INTO private.ckn_noun_base (noun_base_key, noun_base) VALUES (42, 'manager');
INSERT INTO private.ckn_noun_base (noun_base_key, noun_base) VALUES (43, 'menu');
INSERT INTO private.ckn_noun_base (noun_base_key, noun_base) VALUES (44, 'minibar');
INSERT INTO private.ckn_noun_base (noun_base_key, noun_base) VALUES (45, 'mirror');
INSERT INTO private.ckn_noun_base (noun_base_key, noun_base) VALUES (46, 'noise');
INSERT INTO private.ckn_noun_base (noun_base_key, noun_base) VALUES (47, 'passport');
INSERT INTO private.ckn_noun_base (noun_base_key, noun_base) VALUES (48, 'password');
INSERT INTO private.ckn_noun_base (noun_base_key, noun_base) VALUES (49, 'payment');
INSERT INTO private.ckn_noun_base (noun_base_key, noun_base) VALUES (50, 'pillow');
INSERT INTO private.ckn_noun_base (noun_base_key, noun_base) VALUES (51, 'reception');
INSERT INTO private.ckn_noun_base (noun_base_key, noun_base) VALUES (52, 'remote');
INSERT INTO private.ckn_noun_base (noun_base_key, noun_base) VALUES (53, 'reservation');
INSERT INTO private.ckn_noun_base (noun_base_key, noun_base) VALUES (54, 'restaurant');
INSERT INTO private.ckn_noun_base (noun_base_key, noun_base) VALUES (55, 'review');
INSERT INTO private.ckn_noun_base (noun_base_key, noun_base) VALUES (56, 'room number');
INSERT INTO private.ckn_noun_base (noun_base_key, noun_base) VALUES (57, 'room service');
INSERT INTO private.ckn_noun_base (noun_base_key, noun_base) VALUES (58, 'room');
INSERT INTO private.ckn_noun_base (noun_base_key, noun_base) VALUES (59, 'safe');
INSERT INTO private.ckn_noun_base (noun_base_key, noun_base) VALUES (60, 'service');
INSERT INTO private.ckn_noun_base (noun_base_key, noun_base) VALUES (61, 'shampoo');
INSERT INTO private.ckn_noun_base (noun_base_key, noun_base) VALUES (62, 'shower');
INSERT INTO private.ckn_noun_base (noun_base_key, noun_base) VALUES (63, 'sink');
INSERT INTO private.ckn_noun_base (noun_base_key, noun_base) VALUES (64, 'soap');
INSERT INTO private.ckn_noun_base (noun_base_key, noun_base) VALUES (65, 'stairs');
INSERT INTO private.ckn_noun_base (noun_base_key, noun_base) VALUES (66, 'suitcase');
INSERT INTO private.ckn_noun_base (noun_base_key, noun_base) VALUES (67, 'tip');
INSERT INTO private.ckn_noun_base (noun_base_key, noun_base) VALUES (68, 'toothbrush');
INSERT INTO private.ckn_noun_base (noun_base_key, noun_base) VALUES (69, 'toothpaste');
INSERT INTO private.ckn_noun_base (noun_base_key, noun_base) VALUES (70, 'towel');
INSERT INTO private.ckn_noun_base (noun_base_key, noun_base) VALUES (71, 'tv');
INSERT INTO private.ckn_noun_base (noun_base_key, noun_base) VALUES (72, 'wake-up call');
INSERT INTO private.ckn_noun_base (noun_base_key, noun_base) VALUES (73, 'wifi');
INSERT INTO private.ckn_noun_base (noun_base_key, noun_base) VALUES (74, 'window');
INSERT INTO private.ckn_noun_base (noun_base_key, noun_base) VALUES (75, 'appetizer');
INSERT INTO private.ckn_noun_base (noun_base_key, noun_base) VALUES (76, 'bar');
INSERT INTO private.ckn_noun_base (noun_base_key, noun_base) VALUES (77, 'beer');
INSERT INTO private.ckn_noun_base (noun_base_key, noun_base) VALUES (78, 'booth');
INSERT INTO private.ckn_noun_base (noun_base_key, noun_base) VALUES (79, 'busser');
INSERT INTO private.ckn_noun_base (noun_base_key, noun_base) VALUES (80, 'cash');
INSERT INTO private.ckn_noun_base (noun_base_key, noun_base) VALUES (81, 'chef');
INSERT INTO private.ckn_noun_base (noun_base_key, noun_base) VALUES (82, 'counter');
INSERT INTO private.ckn_noun_base (noun_base_key, noun_base) VALUES (83, 'cup');
INSERT INTO private.ckn_noun_base (noun_base_key, noun_base) VALUES (84, 'customer');
INSERT INTO private.ckn_noun_base (noun_base_key, noun_base) VALUES (85, 'dessert');
INSERT INTO private.ckn_noun_base (noun_base_key, noun_base) VALUES (86, 'dish');
INSERT INTO private.ckn_noun_base (noun_base_key, noun_base) VALUES (87, 'dishwasher');
INSERT INTO private.ckn_noun_base (noun_base_key, noun_base) VALUES (88, 'drink');
INSERT INTO private.ckn_noun_base (noun_base_key, noun_base) VALUES (89, 'entree');
INSERT INTO private.ckn_noun_base (noun_base_key, noun_base) VALUES (90, 'fork');
INSERT INTO private.ckn_noun_base (noun_base_key, noun_base) VALUES (91, 'glass');
INSERT INTO private.ckn_noun_base (noun_base_key, noun_base) VALUES (92, 'host');
INSERT INTO private.ckn_noun_base (noun_base_key, noun_base) VALUES (93, 'hostess');
INSERT INTO private.ckn_noun_base (noun_base_key, noun_base) VALUES (94, 'hoststand');
INSERT INTO private.ckn_noun_base (noun_base_key, noun_base) VALUES (95, 'juice');
INSERT INTO private.ckn_noun_base (noun_base_key, noun_base) VALUES (96, 'kitchen');
INSERT INTO private.ckn_noun_base (noun_base_key, noun_base) VALUES (97, 'kitchenstaff');
INSERT INTO private.ckn_noun_base (noun_base_key, noun_base) VALUES (98, 'knife');
INSERT INTO private.ckn_noun_base (noun_base_key, noun_base) VALUES (99, 'menuitem');
INSERT INTO private.ckn_noun_base (noun_base_key, noun_base) VALUES (100, 'napkin');
INSERT INTO private.ckn_noun_base (noun_base_key, noun_base) VALUES (101, 'order');
INSERT INTO private.ckn_noun_base (noun_base_key, noun_base) VALUES (102, 'plate');
INSERT INTO private.ckn_noun_base (noun_base_key, noun_base) VALUES (103, 'receipt');
INSERT INTO private.ckn_noun_base (noun_base_key, noun_base) VALUES (104, 'reservationbook');
INSERT INTO private.ckn_noun_base (noun_base_key, noun_base) VALUES (105, 'salad');
INSERT INTO private.ckn_noun_base (noun_base_key, noun_base) VALUES (106, 'server');
INSERT INTO private.ckn_noun_base (noun_base_key, noun_base) VALUES (107, 'soda');
INSERT INTO private.ckn_noun_base (noun_base_key, noun_base) VALUES (108, 'special');
INSERT INTO private.ckn_noun_base (noun_base_key, noun_base) VALUES (109, 'spoon');
INSERT INTO private.ckn_noun_base (noun_base_key, noun_base) VALUES (110, 'stool');
INSERT INTO private.ckn_noun_base (noun_base_key, noun_base) VALUES (111, 'table');
INSERT INTO private.ckn_noun_base (noun_base_key, noun_base) VALUES (112, 'waiter');
INSERT INTO private.ckn_noun_base (noun_base_key, noun_base) VALUES (113, 'waitress');
INSERT INTO private.ckn_noun_base (noun_base_key, noun_base) VALUES (114, 'waitstaff');
INSERT INTO private.ckn_noun_base (noun_base_key, noun_base) VALUES (115, 'water');
INSERT INTO private.ckn_noun_base (noun_base_key, noun_base) VALUES (116, 'wine');
INSERT INTO private.ckn_noun_base (noun_base_key, noun_base) VALUES (117, 'agent');
INSERT INTO private.ckn_noun_base (noun_base_key, noun_base) VALUES (118, 'airline');
INSERT INTO private.ckn_noun_base (noun_base_key, noun_base) VALUES (119, 'airtraffic');
INSERT INTO private.ckn_noun_base (noun_base_key, noun_base) VALUES (120, 'aisle');
INSERT INTO private.ckn_noun_base (noun_base_key, noun_base) VALUES (121, 'announcement');
INSERT INTO private.ckn_noun_base (noun_base_key, noun_base) VALUES (122, 'arrival');
INSERT INTO private.ckn_noun_base (noun_base_key, noun_base) VALUES (123, 'arrivalboard');
INSERT INTO private.ckn_noun_base (noun_base_key, noun_base) VALUES (124, 'attendant');
INSERT INTO private.ckn_noun_base (noun_base_key, noun_base) VALUES (125, 'baggage');
INSERT INTO private.ckn_noun_base (noun_base_key, noun_base) VALUES (126, 'boardinggroup');
INSERT INTO private.ckn_noun_base (noun_base_key, noun_base) VALUES (127, 'boardingpass');
INSERT INTO private.ckn_noun_base (noun_base_key, noun_base) VALUES (128, 'boardingzone');
INSERT INTO private.ckn_noun_base (noun_base_key, noun_base) VALUES (129, 'cabin');
INSERT INTO private.ckn_noun_base (noun_base_key, noun_base) VALUES (130, 'carousel');
INSERT INTO private.ckn_noun_base (noun_base_key, noun_base) VALUES (131, 'checkin');
INSERT INTO private.ckn_noun_base (noun_base_key, noun_base) VALUES (132, 'conveyor');
INSERT INTO private.ckn_noun_base (noun_base_key, noun_base) VALUES (133, 'copilot');
INSERT INTO private.ckn_noun_base (noun_base_key, noun_base) VALUES (134, 'crew');
INSERT INTO private.ckn_noun_base (noun_base_key, noun_base) VALUES (135, 'customs');
INSERT INTO private.ckn_noun_base (noun_base_key, noun_base) VALUES (136, 'delay');
INSERT INTO private.ckn_noun_base (noun_base_key, noun_base) VALUES (137, 'departure');
INSERT INTO private.ckn_noun_base (noun_base_key, noun_base) VALUES (138, 'departureboard');
INSERT INTO private.ckn_noun_base (noun_base_key, noun_base) VALUES (139, 'e-ticket');
INSERT INTO private.ckn_noun_base (noun_base_key, noun_base) VALUES (140, 'flightnumber');
INSERT INTO private.ckn_noun_base (noun_base_key, noun_base) VALUES (141, 'flightpath');
INSERT INTO private.ckn_noun_base (noun_base_key, noun_base) VALUES (142, 'gate');
INSERT INTO private.ckn_noun_base (noun_base_key, noun_base) VALUES (143, 'hangar');
INSERT INTO private.ckn_noun_base (noun_base_key, noun_base) VALUES (144, 'immigration');
INSERT INTO private.ckn_noun_base (noun_base_key, noun_base) VALUES (145, 'landing');
INSERT INTO private.ckn_noun_base (noun_base_key, noun_base) VALUES (146, 'layover');
INSERT INTO private.ckn_noun_base (noun_base_key, noun_base) VALUES (147, 'liftoff');
INSERT INTO private.ckn_noun_base (noun_base_key, noun_base) VALUES (148, 'luggage');
INSERT INTO private.ckn_noun_base (noun_base_key, noun_base) VALUES (149, 'overheadbin');
INSERT INTO private.ckn_noun_base (noun_base_key, noun_base) VALUES (150, 'oxygenmask');
INSERT INTO private.ckn_noun_base (noun_base_key, noun_base) VALUES (151, 'passportcontrol');
INSERT INTO private.ckn_noun_base (noun_base_key, noun_base) VALUES (152, 'pilot');
INSERT INTO private.ckn_noun_base (noun_base_key, noun_base) VALUES (153, 'plane');
INSERT INTO private.ckn_noun_base (noun_base_key, noun_base) VALUES (154, 'runway');
INSERT INTO private.ckn_noun_base (noun_base_key, noun_base) VALUES (155, 'scanner');
INSERT INTO private.ckn_noun_base (noun_base_key, noun_base) VALUES (156, 'seat');
INSERT INTO private.ckn_noun_base (noun_base_key, noun_base) VALUES (157, 'security');
INSERT INTO private.ckn_noun_base (noun_base_key, noun_base) VALUES (158, 'taxiway');
INSERT INTO private.ckn_noun_base (noun_base_key, noun_base) VALUES (159, 'terminal');
INSERT INTO private.ckn_noun_base (noun_base_key, noun_base) VALUES (160, 'ticket');
INSERT INTO private.ckn_noun_base (noun_base_key, noun_base) VALUES (161, 'ticketcounter');
INSERT INTO private.ckn_noun_base (noun_base_key, noun_base) VALUES (162, 'timezone');
INSERT INTO private.ckn_noun_base (noun_base_key, noun_base) VALUES (163, 'tower');
INSERT INTO private.ckn_noun_base (noun_base_key, noun_base) VALUES (164, 'tsa');
INSERT INTO private.ckn_noun_base (noun_base_key, noun_base) VALUES (165, 'turbulence');
INSERT INTO private.ckn_noun_base (noun_base_key, noun_base) VALUES (166, 'visa');
INSERT INTO private.ckn_noun_base (noun_base_key, noun_base) VALUES (167, 'windowseat');
INSERT INTO private.ckn_noun_base (noun_base_key, noun_base) VALUES (168, 'address');
INSERT INTO private.ckn_noun_base (noun_base_key, noun_base) VALUES (169, 'apartment');
INSERT INTO private.ckn_noun_base (noun_base_key, noun_base) VALUES (170, 'avenue');
INSERT INTO private.ckn_noun_base (noun_base_key, noun_base) VALUES (171, 'backseat');
INSERT INTO private.ckn_noun_base (noun_base_key, noun_base) VALUES (172, 'brake');
INSERT INTO private.ckn_noun_base (noun_base_key, noun_base) VALUES (173, 'building');
INSERT INTO private.ckn_noun_base (noun_base_key, noun_base) VALUES (174, 'cancellation');
INSERT INTO private.ckn_noun_base (noun_base_key, noun_base) VALUES (175, 'car');
INSERT INTO private.ckn_noun_base (noun_base_key, noun_base) VALUES (176, 'curb');
INSERT INTO private.ckn_noun_base (noun_base_key, noun_base) VALUES (177, 'destination');
INSERT INTO private.ckn_noun_base (noun_base_key, noun_base) VALUES (178, 'direction');
INSERT INTO private.ckn_noun_base (noun_base_key, noun_base) VALUES (179, 'dispatcher');
INSERT INTO private.ckn_noun_base (noun_base_key, noun_base) VALUES (180, 'door');
INSERT INTO private.ckn_noun_base (noun_base_key, noun_base) VALUES (181, 'driver');
INSERT INTO private.ckn_noun_base (noun_base_key, noun_base) VALUES (182, 'driverseat');
INSERT INTO private.ckn_noun_base (noun_base_key, noun_base) VALUES (183, 'dropoff');
INSERT INTO private.ckn_noun_base (noun_base_key, noun_base) VALUES (184, 'engine');
INSERT INTO private.ckn_noun_base (noun_base_key, noun_base) VALUES (185, 'fare');
INSERT INTO private.ckn_noun_base (noun_base_key, noun_base) VALUES (186, 'gps');
INSERT INTO private.ckn_noun_base (noun_base_key, noun_base) VALUES (187, 'highway');
INSERT INTO private.ckn_noun_base (noun_base_key, noun_base) VALUES (188, 'horn');
INSERT INTO private.ckn_noun_base (noun_base_key, noun_base) VALUES (189, 'intersection');
INSERT INTO private.ckn_noun_base (noun_base_key, noun_base) VALUES (190, 'lane');
INSERT INTO private.ckn_noun_base (noun_base_key, noun_base) VALUES (191, 'license');
INSERT INTO private.ckn_noun_base (noun_base_key, noun_base) VALUES (192, 'meter');
INSERT INTO private.ckn_noun_base (noun_base_key, noun_base) VALUES (193, 'notification');
INSERT INTO private.ckn_noun_base (noun_base_key, noun_base) VALUES (194, 'passenger');
INSERT INTO private.ckn_noun_base (noun_base_key, noun_base) VALUES (195, 'pickup');
INSERT INTO private.ckn_noun_base (noun_base_key, noun_base) VALUES (196, 'rating');
INSERT INTO private.ckn_noun_base (noun_base_key, noun_base) VALUES (197, 'request');
INSERT INTO private.ckn_noun_base (noun_base_key, noun_base) VALUES (198, 'ride');
INSERT INTO private.ckn_noun_base (noun_base_key, noun_base) VALUES (199, 'rideapp');
INSERT INTO private.ckn_noun_base (noun_base_key, noun_base) VALUES (200, 'ridepool');
INSERT INTO private.ckn_noun_base (noun_base_key, noun_base) VALUES (201, 'route');
INSERT INTO private.ckn_noun_base (noun_base_key, noun_base) VALUES (202, 'signal');
INSERT INTO private.ckn_noun_base (noun_base_key, noun_base) VALUES (203, 'street');
INSERT INTO private.ckn_noun_base (noun_base_key, noun_base) VALUES (204, 'surge');
INSERT INTO private.ckn_noun_base (noun_base_key, noun_base) VALUES (205, 'suv');
INSERT INTO private.ckn_noun_base (noun_base_key, noun_base) VALUES (206, 'traffic');
INSERT INTO private.ckn_noun_base (noun_base_key, noun_base) VALUES (207, 'trunk');
INSERT INTO private.ckn_noun_base (noun_base_key, noun_base) VALUES (208, 'van');
INSERT INTO private.ckn_noun_base (noun_base_key, noun_base) VALUES (209, 'vehicle');
INSERT INTO private.ckn_noun_base (noun_base_key, noun_base) VALUES (210, 'waittime');
INSERT INTO private.ckn_noun_base (noun_base_key, noun_base) VALUES (211, 'name');
INSERT INTO private.ckn_noun_base (noun_base_key, noun_base) VALUES (212, 'specialty');
INSERT INTO private.ckn_noun_base (noun_base_key, noun_base) VALUES (213, 'house');
INSERT INTO private.ckn_noun_base (noun_base_key, noun_base) VALUES (214, 'paella');
INSERT INTO private.ckn_noun_base (noun_base_key, noun_base) VALUES (215, 'mixed');
INSERT INTO private.ckn_noun_base (noun_base_key, noun_base) VALUES (216, 'diner');
INSERT INTO private.ckn_noun_base (noun_base_key, noun_base) VALUES (217, 'man');
INSERT INTO private.ckn_noun_base (noun_base_key, noun_base) VALUES (218, 'to order');
INSERT INTO private.ckn_noun_base (noun_base_key, noun_base) VALUES (219, 'night');
INSERT INTO private.ckn_noun_base (noun_base_key, noun_base) VALUES (220, 'miss');
INSERT INTO private.ckn_noun_base (noun_base_key, noun_base) VALUES (221, 'pie');
INSERT INTO private.ckn_noun_base (noun_base_key, noun_base) VALUES (222, 'chocolate');
INSERT INTO private.ckn_noun_base (noun_base_key, noun_base) VALUES (223, 'ice cream');
INSERT INTO private.ckn_noun_base (noun_base_key, noun_base) VALUES (224, 'vanilla');
INSERT INTO private.ckn_noun_base (noun_base_key, noun_base) VALUES (225, 'thanks');


--
-- Data for Name: ckn_noun; Type: TABLE DATA; Schema: private; Owner: postgres
--

INSERT INTO private.ckn_noun (noun_key, noun_base_key, language, noun_singular, noun_plural, noun_gender, curated) VALUES (1, 1, 'en', 'air conditioning', 'air conditionings', 'n', true);
INSERT INTO private.ckn_noun (noun_key, noun_base_key, language, noun_singular, noun_plural, noun_gender, curated) VALUES (2, 1, 'es', 'aire acondicionado', 'aires acondicionados', 'm', true);
INSERT INTO private.ckn_noun (noun_key, noun_base_key, language, noun_singular, noun_plural, noun_gender, curated) VALUES (3, 2, 'en', 'bag', 'bags', 'n', true);
INSERT INTO private.ckn_noun (noun_key, noun_base_key, language, noun_singular, noun_plural, noun_gender, curated) VALUES (4, 2, 'es', 'bolsa', 'bolsas', 'f', true);
INSERT INTO private.ckn_noun (noun_key, noun_base_key, language, noun_singular, noun_plural, noun_gender, curated) VALUES (5, 3, 'en', 'balcony', 'balconies', 'n', true);
INSERT INTO private.ckn_noun (noun_key, noun_base_key, language, noun_singular, noun_plural, noun_gender, curated) VALUES (6, 3, 'es', 'balcón', 'balcones', 'm', true);
INSERT INTO private.ckn_noun (noun_key, noun_base_key, language, noun_singular, noun_plural, noun_gender, curated) VALUES (7, 4, 'en', 'bathroom', 'bathrooms', 'n', true);
INSERT INTO private.ckn_noun (noun_key, noun_base_key, language, noun_singular, noun_plural, noun_gender, curated) VALUES (8, 4, 'es', 'baño', 'baños', 'm', true);
INSERT INTO private.ckn_noun (noun_key, noun_base_key, language, noun_singular, noun_plural, noun_gender, curated) VALUES (9, 5, 'en', 'bed', 'beds', 'n', true);
INSERT INTO private.ckn_noun (noun_key, noun_base_key, language, noun_singular, noun_plural, noun_gender, curated) VALUES (10, 5, 'es', 'cama', 'camas', 'f', true);
INSERT INTO private.ckn_noun (noun_key, noun_base_key, language, noun_singular, noun_plural, noun_gender, curated) VALUES (11, 6, 'en', 'bellhop', 'bellhops', 'n', true);
INSERT INTO private.ckn_noun (noun_key, noun_base_key, language, noun_singular, noun_plural, noun_gender, curated) VALUES (12, 6, 'es', 'botones', 'botones', 'm', true);
INSERT INTO private.ckn_noun (noun_key, noun_base_key, language, noun_singular, noun_plural, noun_gender, curated) VALUES (13, 7, 'en', 'bill', 'bills', 'n', true);
INSERT INTO private.ckn_noun (noun_key, noun_base_key, language, noun_singular, noun_plural, noun_gender, curated) VALUES (14, 7, 'es', 'cuenta', 'cuentas', 'f', true);
INSERT INTO private.ckn_noun (noun_key, noun_base_key, language, noun_singular, noun_plural, noun_gender, curated) VALUES (15, 8, 'en', 'blanket', 'blankets', 'n', true);
INSERT INTO private.ckn_noun (noun_key, noun_base_key, language, noun_singular, noun_plural, noun_gender, curated) VALUES (16, 8, 'es', 'manta', 'mantas', 'f', true);
INSERT INTO private.ckn_noun (noun_key, noun_base_key, language, noun_singular, noun_plural, noun_gender, curated) VALUES (17, 9, 'en', 'booking', 'bookings', 'n', true);
INSERT INTO private.ckn_noun (noun_key, noun_base_key, language, noun_singular, noun_plural, noun_gender, curated) VALUES (18, 9, 'es', 'reserva', 'reservas', 'f', true);
INSERT INTO private.ckn_noun (noun_key, noun_base_key, language, noun_singular, noun_plural, noun_gender, curated) VALUES (19, 10, 'en', 'breakfast', 'breakfasts', 'n', true);
INSERT INTO private.ckn_noun (noun_key, noun_base_key, language, noun_singular, noun_plural, noun_gender, curated) VALUES (20, 10, 'es', 'desayuno', 'desayunos', 'm', true);
INSERT INTO private.ckn_noun (noun_key, noun_base_key, language, noun_singular, noun_plural, noun_gender, curated) VALUES (21, 11, 'en', 'buffet', 'buffets', 'n', true);
INSERT INTO private.ckn_noun (noun_key, noun_base_key, language, noun_singular, noun_plural, noun_gender, curated) VALUES (22, 11, 'es', 'bufé', 'bufés', 'm', true);
INSERT INTO private.ckn_noun (noun_key, noun_base_key, language, noun_singular, noun_plural, noun_gender, curated) VALUES (23, 12, 'en', 'check-in', 'check-ins', 'n', true);
INSERT INTO private.ckn_noun (noun_key, noun_base_key, language, noun_singular, noun_plural, noun_gender, curated) VALUES (24, 12, 'es', 'registro', 'registros', 'm', true);
INSERT INTO private.ckn_noun (noun_key, noun_base_key, language, noun_singular, noun_plural, noun_gender, curated) VALUES (25, 13, 'en', 'check-out', 'check-outs', 'n', true);
INSERT INTO private.ckn_noun (noun_key, noun_base_key, language, noun_singular, noun_plural, noun_gender, curated) VALUES (26, 13, 'es', 'salida', 'salidas', 'f', true);
INSERT INTO private.ckn_noun (noun_key, noun_base_key, language, noun_singular, noun_plural, noun_gender, curated) VALUES (27, 14, 'en', 'closet', 'closets', 'n', true);
INSERT INTO private.ckn_noun (noun_key, noun_base_key, language, noun_singular, noun_plural, noun_gender, curated) VALUES (28, 14, 'es', 'armario', 'armarios', 'm', true);
INSERT INTO private.ckn_noun (noun_key, noun_base_key, language, noun_singular, noun_plural, noun_gender, curated) VALUES (29, 15, 'en', 'complaint', 'complaints', 'n', true);
INSERT INTO private.ckn_noun (noun_key, noun_base_key, language, noun_singular, noun_plural, noun_gender, curated) VALUES (30, 15, 'es', 'queja', 'quejas', 'f', true);
INSERT INTO private.ckn_noun (noun_key, noun_base_key, language, noun_singular, noun_plural, noun_gender, curated) VALUES (31, 16, 'en', 'concierge', 'concierges', 'n', true);
INSERT INTO private.ckn_noun (noun_key, noun_base_key, language, noun_singular, noun_plural, noun_gender, curated) VALUES (32, 16, 'es', 'conserje', 'conserjes', 'm', true);
INSERT INTO private.ckn_noun (noun_key, noun_base_key, language, noun_singular, noun_plural, noun_gender, curated) VALUES (33, 17, 'en', 'confirmation', 'confirmations', 'n', true);
INSERT INTO private.ckn_noun (noun_key, noun_base_key, language, noun_singular, noun_plural, noun_gender, curated) VALUES (34, 17, 'es', 'confirmación', 'confirmaciones', 'f', true);
INSERT INTO private.ckn_noun (noun_key, noun_base_key, language, noun_singular, noun_plural, noun_gender, curated) VALUES (35, 18, 'en', 'credit card', 'credit cards', 'n', true);
INSERT INTO private.ckn_noun (noun_key, noun_base_key, language, noun_singular, noun_plural, noun_gender, curated) VALUES (36, 18, 'es', 'tarjeta de crédito', 'tarjetas de crédito', 'f', true);
INSERT INTO private.ckn_noun (noun_key, noun_base_key, language, noun_singular, noun_plural, noun_gender, curated) VALUES (37, 19, 'en', 'curtain', 'curtains', 'n', true);
INSERT INTO private.ckn_noun (noun_key, noun_base_key, language, noun_singular, noun_plural, noun_gender, curated) VALUES (38, 19, 'es', 'cortina', 'cortinas', 'f', true);
INSERT INTO private.ckn_noun (noun_key, noun_base_key, language, noun_singular, noun_plural, noun_gender, curated) VALUES (39, 20, 'en', 'desk', 'desks', 'n', true);
INSERT INTO private.ckn_noun (noun_key, noun_base_key, language, noun_singular, noun_plural, noun_gender, curated) VALUES (40, 20, 'es', 'escritorio', 'escritorios', 'm', true);
INSERT INTO private.ckn_noun (noun_key, noun_base_key, language, noun_singular, noun_plural, noun_gender, curated) VALUES (41, 21, 'en', 'do not disturb sign', 'do not disturb signs', 'n', true);
INSERT INTO private.ckn_noun (noun_key, noun_base_key, language, noun_singular, noun_plural, noun_gender, curated) VALUES (42, 21, 'es', 'letrero de no molestar', 'letreros de no molestar', 'm', true);
INSERT INTO private.ckn_noun (noun_key, noun_base_key, language, noun_singular, noun_plural, noun_gender, curated) VALUES (43, 22, 'en', 'door key', 'door keys', 'n', true);
INSERT INTO private.ckn_noun (noun_key, noun_base_key, language, noun_singular, noun_plural, noun_gender, curated) VALUES (44, 22, 'es', 'llave de la puerta', 'llaves de la puerta', 'f', true);
INSERT INTO private.ckn_noun (noun_key, noun_base_key, language, noun_singular, noun_plural, noun_gender, curated) VALUES (45, 23, 'en', 'drawer', 'drawers', 'n', true);
INSERT INTO private.ckn_noun (noun_key, noun_base_key, language, noun_singular, noun_plural, noun_gender, curated) VALUES (46, 23, 'es', 'cajón', 'cajones', 'm', true);
INSERT INTO private.ckn_noun (noun_key, noun_base_key, language, noun_singular, noun_plural, noun_gender, curated) VALUES (47, 24, 'en', 'elevator', 'elevators', 'n', true);
INSERT INTO private.ckn_noun (noun_key, noun_base_key, language, noun_singular, noun_plural, noun_gender, curated) VALUES (48, 24, 'es', 'ascensor', 'ascensores', 'm', true);
INSERT INTO private.ckn_noun (noun_key, noun_base_key, language, noun_singular, noun_plural, noun_gender, curated) VALUES (49, 25, 'en', 'elevator button', 'elevator buttons', 'n', true);
INSERT INTO private.ckn_noun (noun_key, noun_base_key, language, noun_singular, noun_plural, noun_gender, curated) VALUES (50, 25, 'es', 'botón del ascensor', 'botones del ascensor', 'm', true);
INSERT INTO private.ckn_noun (noun_key, noun_base_key, language, noun_singular, noun_plural, noun_gender, curated) VALUES (51, 26, 'en', 'floor', 'floors', 'n', true);
INSERT INTO private.ckn_noun (noun_key, noun_base_key, language, noun_singular, noun_plural, noun_gender, curated) VALUES (52, 26, 'es', 'piso', 'pisos', 'm', true);
INSERT INTO private.ckn_noun (noun_key, noun_base_key, language, noun_singular, noun_plural, noun_gender, curated) VALUES (53, 27, 'en', 'front desk', 'front desks', 'n', true);
INSERT INTO private.ckn_noun (noun_key, noun_base_key, language, noun_singular, noun_plural, noun_gender, curated) VALUES (54, 27, 'es', 'recepción', 'recepciones', 'f', true);
INSERT INTO private.ckn_noun (noun_key, noun_base_key, language, noun_singular, noun_plural, noun_gender, curated) VALUES (55, 28, 'en', 'guest', 'guests', 'n', true);
INSERT INTO private.ckn_noun (noun_key, noun_base_key, language, noun_singular, noun_plural, noun_gender, curated) VALUES (56, 28, 'es', 'huésped', 'huéspedes', 'm', true);
INSERT INTO private.ckn_noun (noun_key, noun_base_key, language, noun_singular, noun_plural, noun_gender, curated) VALUES (57, 29, 'en', 'hanger', 'hangers', 'n', true);
INSERT INTO private.ckn_noun (noun_key, noun_base_key, language, noun_singular, noun_plural, noun_gender, curated) VALUES (58, 29, 'es', 'gancho', 'ganchos', 'm', true);
INSERT INTO private.ckn_noun (noun_key, noun_base_key, language, noun_singular, noun_plural, noun_gender, curated) VALUES (59, 30, 'en', 'heater', 'heaters', 'n', true);
INSERT INTO private.ckn_noun (noun_key, noun_base_key, language, noun_singular, noun_plural, noun_gender, curated) VALUES (60, 30, 'es', 'calefactor', 'calefactores', 'm', true);
INSERT INTO private.ckn_noun (noun_key, noun_base_key, language, noun_singular, noun_plural, noun_gender, curated) VALUES (61, 31, 'en', 'heater', 'heaters', 'n', true);
INSERT INTO private.ckn_noun (noun_key, noun_base_key, language, noun_singular, noun_plural, noun_gender, curated) VALUES (62, 31, 'es', 'calefacción', 'calefacciones', 'f', true);
INSERT INTO private.ckn_noun (noun_key, noun_base_key, language, noun_singular, noun_plural, noun_gender, curated) VALUES (63, 32, 'en', 'housekeeper', 'housekeepers', 'n', true);
INSERT INTO private.ckn_noun (noun_key, noun_base_key, language, noun_singular, noun_plural, noun_gender, curated) VALUES (64, 32, 'es', 'camarera', 'camareras', 'f', true);
INSERT INTO private.ckn_noun (noun_key, noun_base_key, language, noun_singular, noun_plural, noun_gender, curated) VALUES (65, 33, 'en', 'housekeeping', 'housekeepings', 'n', true);
INSERT INTO private.ckn_noun (noun_key, noun_base_key, language, noun_singular, noun_plural, noun_gender, curated) VALUES (66, 33, 'es', 'servicio de limpieza', 'servicios de limpieza', 'm', true);
INSERT INTO private.ckn_noun (noun_key, noun_base_key, language, noun_singular, noun_plural, noun_gender, curated) VALUES (67, 34, 'en', 'invoice', 'invoices', 'n', true);
INSERT INTO private.ckn_noun (noun_key, noun_base_key, language, noun_singular, noun_plural, noun_gender, curated) VALUES (68, 34, 'es', 'factura', 'facturas', 'f', true);
INSERT INTO private.ckn_noun (noun_key, noun_base_key, language, noun_singular, noun_plural, noun_gender, curated) VALUES (69, 35, 'en', 'iron', 'irons', 'n', true);
INSERT INTO private.ckn_noun (noun_key, noun_base_key, language, noun_singular, noun_plural, noun_gender, curated) VALUES (70, 35, 'es', 'plancha', 'planchas', 'f', true);
INSERT INTO private.ckn_noun (noun_key, noun_base_key, language, noun_singular, noun_plural, noun_gender, curated) VALUES (71, 36, 'en', 'key', 'keys', 'n', true);
INSERT INTO private.ckn_noun (noun_key, noun_base_key, language, noun_singular, noun_plural, noun_gender, curated) VALUES (72, 36, 'es', 'clave', 'claves', 'f', true);
INSERT INTO private.ckn_noun (noun_key, noun_base_key, language, noun_singular, noun_plural, noun_gender, curated) VALUES (73, 37, 'en', 'keycard', 'keycards', 'n', true);
INSERT INTO private.ckn_noun (noun_key, noun_base_key, language, noun_singular, noun_plural, noun_gender, curated) VALUES (74, 37, 'es', 'tarjeta llave', 'tarjetas llave', 'f', true);
INSERT INTO private.ckn_noun (noun_key, noun_base_key, language, noun_singular, noun_plural, noun_gender, curated) VALUES (75, 38, 'en', 'lamp', 'lamps', 'n', true);
INSERT INTO private.ckn_noun (noun_key, noun_base_key, language, noun_singular, noun_plural, noun_gender, curated) VALUES (76, 38, 'es', 'lámpara', 'lámparas', 'f', true);
INSERT INTO private.ckn_noun (noun_key, noun_base_key, language, noun_singular, noun_plural, noun_gender, curated) VALUES (77, 39, 'en', 'laundry', 'laundries', 'n', true);
INSERT INTO private.ckn_noun (noun_key, noun_base_key, language, noun_singular, noun_plural, noun_gender, curated) VALUES (78, 39, 'es', 'lavandería', 'lavanderías', 'f', true);
INSERT INTO private.ckn_noun (noun_key, noun_base_key, language, noun_singular, noun_plural, noun_gender, curated) VALUES (79, 40, 'en', 'light', 'lights', 'n', true);
INSERT INTO private.ckn_noun (noun_key, noun_base_key, language, noun_singular, noun_plural, noun_gender, curated) VALUES (80, 40, 'es', 'luz', 'luces', 'f', true);
INSERT INTO private.ckn_noun (noun_key, noun_base_key, language, noun_singular, noun_plural, noun_gender, curated) VALUES (81, 41, 'en', 'lobby', 'lobbies', 'n', true);
INSERT INTO private.ckn_noun (noun_key, noun_base_key, language, noun_singular, noun_plural, noun_gender, curated) VALUES (82, 41, 'es', 'vestíbulo', 'vestíbulos', 'm', true);
INSERT INTO private.ckn_noun (noun_key, noun_base_key, language, noun_singular, noun_plural, noun_gender, curated) VALUES (83, 42, 'en', 'manager', 'managers', 'n', true);
INSERT INTO private.ckn_noun (noun_key, noun_base_key, language, noun_singular, noun_plural, noun_gender, curated) VALUES (84, 42, 'es', 'gerente', 'gerentes', 'm', true);
INSERT INTO private.ckn_noun (noun_key, noun_base_key, language, noun_singular, noun_plural, noun_gender, curated) VALUES (85, 43, 'en', 'menu', 'menus', 'n', true);
INSERT INTO private.ckn_noun (noun_key, noun_base_key, language, noun_singular, noun_plural, noun_gender, curated) VALUES (86, 43, 'es', 'menú', 'menús', 'm', true);
INSERT INTO private.ckn_noun (noun_key, noun_base_key, language, noun_singular, noun_plural, noun_gender, curated) VALUES (87, 44, 'en', 'minibar', 'minibars', 'n', true);
INSERT INTO private.ckn_noun (noun_key, noun_base_key, language, noun_singular, noun_plural, noun_gender, curated) VALUES (88, 44, 'es', 'minibar', 'minibares', 'm', true);
INSERT INTO private.ckn_noun (noun_key, noun_base_key, language, noun_singular, noun_plural, noun_gender, curated) VALUES (89, 45, 'en', 'mirror', 'mirrors', 'n', true);
INSERT INTO private.ckn_noun (noun_key, noun_base_key, language, noun_singular, noun_plural, noun_gender, curated) VALUES (90, 45, 'es', 'espejo', 'espejos', 'm', true);
INSERT INTO private.ckn_noun (noun_key, noun_base_key, language, noun_singular, noun_plural, noun_gender, curated) VALUES (91, 46, 'en', 'noise', 'noises', 'n', true);
INSERT INTO private.ckn_noun (noun_key, noun_base_key, language, noun_singular, noun_plural, noun_gender, curated) VALUES (92, 46, 'es', 'ruido', 'ruidos', 'm', true);
INSERT INTO private.ckn_noun (noun_key, noun_base_key, language, noun_singular, noun_plural, noun_gender, curated) VALUES (93, 47, 'en', 'passport', 'passports', 'n', true);
INSERT INTO private.ckn_noun (noun_key, noun_base_key, language, noun_singular, noun_plural, noun_gender, curated) VALUES (94, 47, 'es', 'pasaporte', 'pasaportes', 'm', true);
INSERT INTO private.ckn_noun (noun_key, noun_base_key, language, noun_singular, noun_plural, noun_gender, curated) VALUES (95, 48, 'en', 'password', 'passwords', 'n', true);
INSERT INTO private.ckn_noun (noun_key, noun_base_key, language, noun_singular, noun_plural, noun_gender, curated) VALUES (96, 48, 'es', 'contraseña', 'contraseñas', 'f', true);
INSERT INTO private.ckn_noun (noun_key, noun_base_key, language, noun_singular, noun_plural, noun_gender, curated) VALUES (97, 49, 'en', 'payment', 'payments', 'n', true);
INSERT INTO private.ckn_noun (noun_key, noun_base_key, language, noun_singular, noun_plural, noun_gender, curated) VALUES (98, 49, 'es', 'pago', 'pagos', 'm', true);
INSERT INTO private.ckn_noun (noun_key, noun_base_key, language, noun_singular, noun_plural, noun_gender, curated) VALUES (99, 50, 'en', 'pillow', 'pillows', 'n', true);
INSERT INTO private.ckn_noun (noun_key, noun_base_key, language, noun_singular, noun_plural, noun_gender, curated) VALUES (100, 50, 'es', 'almohada', 'almohadas', 'f', true);
INSERT INTO private.ckn_noun (noun_key, noun_base_key, language, noun_singular, noun_plural, noun_gender, curated) VALUES (101, 51, 'en', 'reception', 'receptions', 'n', true);
INSERT INTO private.ckn_noun (noun_key, noun_base_key, language, noun_singular, noun_plural, noun_gender, curated) VALUES (102, 51, 'es', 'recepción', 'recepciones', 'f', true);
INSERT INTO private.ckn_noun (noun_key, noun_base_key, language, noun_singular, noun_plural, noun_gender, curated) VALUES (103, 52, 'en', 'remote', 'remotes', 'n', true);
INSERT INTO private.ckn_noun (noun_key, noun_base_key, language, noun_singular, noun_plural, noun_gender, curated) VALUES (104, 52, 'es', 'control remoto', 'controles remotos', 'm', true);
INSERT INTO private.ckn_noun (noun_key, noun_base_key, language, noun_singular, noun_plural, noun_gender, curated) VALUES (105, 53, 'en', 'reservation', 'reservations', 'n', true);
INSERT INTO private.ckn_noun (noun_key, noun_base_key, language, noun_singular, noun_plural, noun_gender, curated) VALUES (106, 53, 'es', 'reserva', 'reservas', 'f', true);
INSERT INTO private.ckn_noun (noun_key, noun_base_key, language, noun_singular, noun_plural, noun_gender, curated) VALUES (107, 54, 'en', 'restaurant', 'restaurants', 'n', true);
INSERT INTO private.ckn_noun (noun_key, noun_base_key, language, noun_singular, noun_plural, noun_gender, curated) VALUES (108, 54, 'es', 'restaurante', 'restaurantes', 'm', true);
INSERT INTO private.ckn_noun (noun_key, noun_base_key, language, noun_singular, noun_plural, noun_gender, curated) VALUES (109, 55, 'en', 'review', 'reviews', 'n', true);
INSERT INTO private.ckn_noun (noun_key, noun_base_key, language, noun_singular, noun_plural, noun_gender, curated) VALUES (110, 55, 'es', 'reseña', 'reseñas', 'f', true);
INSERT INTO private.ckn_noun (noun_key, noun_base_key, language, noun_singular, noun_plural, noun_gender, curated) VALUES (111, 56, 'en', 'room number', 'room numbers', 'n', true);
INSERT INTO private.ckn_noun (noun_key, noun_base_key, language, noun_singular, noun_plural, noun_gender, curated) VALUES (112, 56, 'es', 'número de habitación', 'números de habitación', 'm', true);
INSERT INTO private.ckn_noun (noun_key, noun_base_key, language, noun_singular, noun_plural, noun_gender, curated) VALUES (113, 57, 'en', 'room service', 'room services', 'n', true);
INSERT INTO private.ckn_noun (noun_key, noun_base_key, language, noun_singular, noun_plural, noun_gender, curated) VALUES (114, 57, 'es', 'servicio a la habitación', 'servicios a la habitación', 'm', true);
INSERT INTO private.ckn_noun (noun_key, noun_base_key, language, noun_singular, noun_plural, noun_gender, curated) VALUES (115, 58, 'en', 'room', 'rooms', 'n', true);
INSERT INTO private.ckn_noun (noun_key, noun_base_key, language, noun_singular, noun_plural, noun_gender, curated) VALUES (116, 58, 'es', 'habitación', 'habitaciones', 'f', true);
INSERT INTO private.ckn_noun (noun_key, noun_base_key, language, noun_singular, noun_plural, noun_gender, curated) VALUES (117, 59, 'en', 'safe', 'safes', 'n', true);
INSERT INTO private.ckn_noun (noun_key, noun_base_key, language, noun_singular, noun_plural, noun_gender, curated) VALUES (118, 59, 'es', 'caja fuerte', 'cajas fuertes', 'f', true);
INSERT INTO private.ckn_noun (noun_key, noun_base_key, language, noun_singular, noun_plural, noun_gender, curated) VALUES (119, 60, 'en', 'service', 'services', 'n', true);
INSERT INTO private.ckn_noun (noun_key, noun_base_key, language, noun_singular, noun_plural, noun_gender, curated) VALUES (120, 60, 'es', 'servicio', 'servicios', 'm', true);
INSERT INTO private.ckn_noun (noun_key, noun_base_key, language, noun_singular, noun_plural, noun_gender, curated) VALUES (121, 61, 'en', 'shampoo', 'shampoos', 'n', true);
INSERT INTO private.ckn_noun (noun_key, noun_base_key, language, noun_singular, noun_plural, noun_gender, curated) VALUES (122, 61, 'es', 'champú', 'champús', 'm', true);
INSERT INTO private.ckn_noun (noun_key, noun_base_key, language, noun_singular, noun_plural, noun_gender, curated) VALUES (123, 62, 'en', 'shower', 'showers', 'n', true);
INSERT INTO private.ckn_noun (noun_key, noun_base_key, language, noun_singular, noun_plural, noun_gender, curated) VALUES (124, 62, 'es', 'ducha', 'duchas', 'f', true);
INSERT INTO private.ckn_noun (noun_key, noun_base_key, language, noun_singular, noun_plural, noun_gender, curated) VALUES (125, 63, 'en', 'sink', 'sinks', 'n', true);
INSERT INTO private.ckn_noun (noun_key, noun_base_key, language, noun_singular, noun_plural, noun_gender, curated) VALUES (126, 63, 'es', 'lavabo', 'lavabos', 'm', true);
INSERT INTO private.ckn_noun (noun_key, noun_base_key, language, noun_singular, noun_plural, noun_gender, curated) VALUES (127, 64, 'en', 'soap', 'soaps', 'n', true);
INSERT INTO private.ckn_noun (noun_key, noun_base_key, language, noun_singular, noun_plural, noun_gender, curated) VALUES (128, 64, 'es', 'jabón', 'jabones', 'm', true);
INSERT INTO private.ckn_noun (noun_key, noun_base_key, language, noun_singular, noun_plural, noun_gender, curated) VALUES (129, 65, 'en', 'stairs', 'stairs', 'n', true);
INSERT INTO private.ckn_noun (noun_key, noun_base_key, language, noun_singular, noun_plural, noun_gender, curated) VALUES (130, 65, 'es', 'escalera', 'escaleras', 'f', true);
INSERT INTO private.ckn_noun (noun_key, noun_base_key, language, noun_singular, noun_plural, noun_gender, curated) VALUES (131, 66, 'en', 'suitcase', 'suitcases', 'n', true);
INSERT INTO private.ckn_noun (noun_key, noun_base_key, language, noun_singular, noun_plural, noun_gender, curated) VALUES (132, 66, 'es', 'maleta', 'maletas', 'f', true);
INSERT INTO private.ckn_noun (noun_key, noun_base_key, language, noun_singular, noun_plural, noun_gender, curated) VALUES (133, 67, 'en', 'tip', 'tips', 'n', true);
INSERT INTO private.ckn_noun (noun_key, noun_base_key, language, noun_singular, noun_plural, noun_gender, curated) VALUES (134, 67, 'es', 'propina', 'propinas', 'f', true);
INSERT INTO private.ckn_noun (noun_key, noun_base_key, language, noun_singular, noun_plural, noun_gender, curated) VALUES (135, 68, 'en', 'toothbrush', 'toothbrushes', 'n', true);
INSERT INTO private.ckn_noun (noun_key, noun_base_key, language, noun_singular, noun_plural, noun_gender, curated) VALUES (136, 68, 'es', 'cepillo de dientes', 'cepillos de dientes', 'm', true);
INSERT INTO private.ckn_noun (noun_key, noun_base_key, language, noun_singular, noun_plural, noun_gender, curated) VALUES (137, 69, 'en', 'toothpaste', 'toothpastes', 'n', true);
INSERT INTO private.ckn_noun (noun_key, noun_base_key, language, noun_singular, noun_plural, noun_gender, curated) VALUES (138, 69, 'es', 'pasta de dientes', 'pastas de dientes', 'f', true);
INSERT INTO private.ckn_noun (noun_key, noun_base_key, language, noun_singular, noun_plural, noun_gender, curated) VALUES (139, 70, 'en', 'towel', 'towels', 'n', true);
INSERT INTO private.ckn_noun (noun_key, noun_base_key, language, noun_singular, noun_plural, noun_gender, curated) VALUES (140, 70, 'es', 'toalla', 'toallas', 'f', true);
INSERT INTO private.ckn_noun (noun_key, noun_base_key, language, noun_singular, noun_plural, noun_gender, curated) VALUES (141, 71, 'en', 'TV', 'TVs', 'n', true);
INSERT INTO private.ckn_noun (noun_key, noun_base_key, language, noun_singular, noun_plural, noun_gender, curated) VALUES (142, 71, 'es', 'televisor', 'televisores', 'm', true);
INSERT INTO private.ckn_noun (noun_key, noun_base_key, language, noun_singular, noun_plural, noun_gender, curated) VALUES (143, 72, 'en', 'wake-up call', 'wake-up calls', 'n', true);
INSERT INTO private.ckn_noun (noun_key, noun_base_key, language, noun_singular, noun_plural, noun_gender, curated) VALUES (144, 72, 'es', 'llamada de despertador', 'llamadas de despertador', 'f', true);
INSERT INTO private.ckn_noun (noun_key, noun_base_key, language, noun_singular, noun_plural, noun_gender, curated) VALUES (145, 73, 'en', 'Wi-Fi', 'Wi-Fis', 'n', true);
INSERT INTO private.ckn_noun (noun_key, noun_base_key, language, noun_singular, noun_plural, noun_gender, curated) VALUES (146, 73, 'es', 'wifi', 'wifis', 'm', true);
INSERT INTO private.ckn_noun (noun_key, noun_base_key, language, noun_singular, noun_plural, noun_gender, curated) VALUES (147, 74, 'en', 'window', 'windows', 'n', true);
INSERT INTO private.ckn_noun (noun_key, noun_base_key, language, noun_singular, noun_plural, noun_gender, curated) VALUES (148, 74, 'es', 'ventana', 'ventanas', 'f', true);
INSERT INTO private.ckn_noun (noun_key, noun_base_key, language, noun_singular, noun_plural, noun_gender, curated) VALUES (149, 75, 'en', 'appetizer', 'appetizers', 'n', true);
INSERT INTO private.ckn_noun (noun_key, noun_base_key, language, noun_singular, noun_plural, noun_gender, curated) VALUES (150, 75, 'es', 'aperitivo', 'aperitivos', 'm', true);
INSERT INTO private.ckn_noun (noun_key, noun_base_key, language, noun_singular, noun_plural, noun_gender, curated) VALUES (151, 76, 'en', 'bar', 'bars', 'n', true);
INSERT INTO private.ckn_noun (noun_key, noun_base_key, language, noun_singular, noun_plural, noun_gender, curated) VALUES (152, 76, 'es', 'bar', 'bares', 'm', true);
INSERT INTO private.ckn_noun (noun_key, noun_base_key, language, noun_singular, noun_plural, noun_gender, curated) VALUES (153, 77, 'en', 'beer', 'beers', 'n', true);
INSERT INTO private.ckn_noun (noun_key, noun_base_key, language, noun_singular, noun_plural, noun_gender, curated) VALUES (154, 77, 'es', 'cerveza', 'cervezas', 'f', true);
INSERT INTO private.ckn_noun (noun_key, noun_base_key, language, noun_singular, noun_plural, noun_gender, curated) VALUES (155, 78, 'en', 'booth', 'booths', 'n', true);
INSERT INTO private.ckn_noun (noun_key, noun_base_key, language, noun_singular, noun_plural, noun_gender, curated) VALUES (156, 78, 'es', 'cabina', 'cabinas', 'f', true);
INSERT INTO private.ckn_noun (noun_key, noun_base_key, language, noun_singular, noun_plural, noun_gender, curated) VALUES (157, 79, 'en', 'busser', 'bussers', 'n', true);
INSERT INTO private.ckn_noun (noun_key, noun_base_key, language, noun_singular, noun_plural, noun_gender, curated) VALUES (158, 79, 'es', 'ayudante de camarero', 'ayudantes de camarero', 'm', true);
INSERT INTO private.ckn_noun (noun_key, noun_base_key, language, noun_singular, noun_plural, noun_gender, curated) VALUES (159, 80, 'en', 'cash', 'cashes', 'n', true);
INSERT INTO private.ckn_noun (noun_key, noun_base_key, language, noun_singular, noun_plural, noun_gender, curated) VALUES (160, 80, 'es', 'efectivo', 'efectivos', 'm', true);
INSERT INTO private.ckn_noun (noun_key, noun_base_key, language, noun_singular, noun_plural, noun_gender, curated) VALUES (161, 81, 'en', 'chef', 'chefs', 'n', true);
INSERT INTO private.ckn_noun (noun_key, noun_base_key, language, noun_singular, noun_plural, noun_gender, curated) VALUES (162, 81, 'es', 'chef', 'chefs', 'm', true);
INSERT INTO private.ckn_noun (noun_key, noun_base_key, language, noun_singular, noun_plural, noun_gender, curated) VALUES (163, 82, 'en', 'counter', 'counters', 'n', true);
INSERT INTO private.ckn_noun (noun_key, noun_base_key, language, noun_singular, noun_plural, noun_gender, curated) VALUES (164, 82, 'es', 'mostrador', 'mostradores', 'm', true);
INSERT INTO private.ckn_noun (noun_key, noun_base_key, language, noun_singular, noun_plural, noun_gender, curated) VALUES (165, 83, 'en', 'cup', 'cups', 'n', true);
INSERT INTO private.ckn_noun (noun_key, noun_base_key, language, noun_singular, noun_plural, noun_gender, curated) VALUES (166, 83, 'es', 'taza', 'tazas', 'f', true);
INSERT INTO private.ckn_noun (noun_key, noun_base_key, language, noun_singular, noun_plural, noun_gender, curated) VALUES (167, 84, 'en', 'customer', 'customers', 'n', true);
INSERT INTO private.ckn_noun (noun_key, noun_base_key, language, noun_singular, noun_plural, noun_gender, curated) VALUES (168, 84, 'es', 'cliente', 'clientes', 'm', true);
INSERT INTO private.ckn_noun (noun_key, noun_base_key, language, noun_singular, noun_plural, noun_gender, curated) VALUES (169, 85, 'en', 'dessert', 'desserts', 'n', true);
INSERT INTO private.ckn_noun (noun_key, noun_base_key, language, noun_singular, noun_plural, noun_gender, curated) VALUES (170, 85, 'es', 'postre', 'postres', 'm', true);
INSERT INTO private.ckn_noun (noun_key, noun_base_key, language, noun_singular, noun_plural, noun_gender, curated) VALUES (171, 86, 'en', 'dish', 'dishes', 'n', true);
INSERT INTO private.ckn_noun (noun_key, noun_base_key, language, noun_singular, noun_plural, noun_gender, curated) VALUES (172, 86, 'es', 'plato', 'platos', 'm', true);
INSERT INTO private.ckn_noun (noun_key, noun_base_key, language, noun_singular, noun_plural, noun_gender, curated) VALUES (173, 87, 'en', 'dishwasher', 'dishwashers', 'n', true);
INSERT INTO private.ckn_noun (noun_key, noun_base_key, language, noun_singular, noun_plural, noun_gender, curated) VALUES (174, 87, 'es', 'lavaplatos', 'lavaplatos', 'm', true);
INSERT INTO private.ckn_noun (noun_key, noun_base_key, language, noun_singular, noun_plural, noun_gender, curated) VALUES (175, 88, 'en', 'drink', 'drinks', 'n', true);
INSERT INTO private.ckn_noun (noun_key, noun_base_key, language, noun_singular, noun_plural, noun_gender, curated) VALUES (176, 88, 'es', 'bebida', 'bebidas', 'f', true);
INSERT INTO private.ckn_noun (noun_key, noun_base_key, language, noun_singular, noun_plural, noun_gender, curated) VALUES (177, 89, 'en', 'entrée', 'entrées', 'n', true);
INSERT INTO private.ckn_noun (noun_key, noun_base_key, language, noun_singular, noun_plural, noun_gender, curated) VALUES (178, 89, 'es', 'plato principal', 'platos principales', 'm', true);
INSERT INTO private.ckn_noun (noun_key, noun_base_key, language, noun_singular, noun_plural, noun_gender, curated) VALUES (179, 90, 'en', 'fork', 'forks', 'n', true);
INSERT INTO private.ckn_noun (noun_key, noun_base_key, language, noun_singular, noun_plural, noun_gender, curated) VALUES (180, 90, 'es', 'tenedor', 'tenedores', 'm', true);
INSERT INTO private.ckn_noun (noun_key, noun_base_key, language, noun_singular, noun_plural, noun_gender, curated) VALUES (181, 91, 'en', 'glass', 'glasses', 'n', true);
INSERT INTO private.ckn_noun (noun_key, noun_base_key, language, noun_singular, noun_plural, noun_gender, curated) VALUES (182, 91, 'es', 'vaso', 'vasos', 'm', true);
INSERT INTO private.ckn_noun (noun_key, noun_base_key, language, noun_singular, noun_plural, noun_gender, curated) VALUES (183, 92, 'en', 'host', 'hosts', 'n', true);
INSERT INTO private.ckn_noun (noun_key, noun_base_key, language, noun_singular, noun_plural, noun_gender, curated) VALUES (184, 92, 'es', 'anfitrión', 'anfitriones', 'm', true);
INSERT INTO private.ckn_noun (noun_key, noun_base_key, language, noun_singular, noun_plural, noun_gender, curated) VALUES (185, 93, 'en', 'hostess', 'hostesses', 'n', true);
INSERT INTO private.ckn_noun (noun_key, noun_base_key, language, noun_singular, noun_plural, noun_gender, curated) VALUES (186, 93, 'es', 'anfitriona', 'anfitrionas', 'f', true);
INSERT INTO private.ckn_noun (noun_key, noun_base_key, language, noun_singular, noun_plural, noun_gender, curated) VALUES (187, 94, 'en', 'host stand', 'host stands', 'n', true);
INSERT INTO private.ckn_noun (noun_key, noun_base_key, language, noun_singular, noun_plural, noun_gender, curated) VALUES (188, 94, 'es', 'podio del anfitrión', 'podios del anfitrión', 'm', true);
INSERT INTO private.ckn_noun (noun_key, noun_base_key, language, noun_singular, noun_plural, noun_gender, curated) VALUES (189, 95, 'en', 'juice', 'juices', 'n', true);
INSERT INTO private.ckn_noun (noun_key, noun_base_key, language, noun_singular, noun_plural, noun_gender, curated) VALUES (190, 95, 'es', 'jugo', 'jugos', 'm', true);
INSERT INTO private.ckn_noun (noun_key, noun_base_key, language, noun_singular, noun_plural, noun_gender, curated) VALUES (191, 96, 'en', 'kitchen', 'kitchens', 'n', true);
INSERT INTO private.ckn_noun (noun_key, noun_base_key, language, noun_singular, noun_plural, noun_gender, curated) VALUES (192, 96, 'es', 'cocina', 'cocinas', 'f', true);
INSERT INTO private.ckn_noun (noun_key, noun_base_key, language, noun_singular, noun_plural, noun_gender, curated) VALUES (193, 97, 'en', 'kitchen staff', 'kitchen staffs', 'n', true);
INSERT INTO private.ckn_noun (noun_key, noun_base_key, language, noun_singular, noun_plural, noun_gender, curated) VALUES (194, 97, 'es', 'personal de cocina', 'personales de cocina', 'm', true);
INSERT INTO private.ckn_noun (noun_key, noun_base_key, language, noun_singular, noun_plural, noun_gender, curated) VALUES (195, 98, 'en', 'knife', 'knives', 'n', true);
INSERT INTO private.ckn_noun (noun_key, noun_base_key, language, noun_singular, noun_plural, noun_gender, curated) VALUES (196, 98, 'es', 'cuchillo', 'cuchillos', 'm', true);
INSERT INTO private.ckn_noun (noun_key, noun_base_key, language, noun_singular, noun_plural, noun_gender, curated) VALUES (197, 99, 'en', 'menu item', 'menu items', 'n', true);
INSERT INTO private.ckn_noun (noun_key, noun_base_key, language, noun_singular, noun_plural, noun_gender, curated) VALUES (198, 99, 'es', 'plato del menú', 'platos del menú', 'm', true);
INSERT INTO private.ckn_noun (noun_key, noun_base_key, language, noun_singular, noun_plural, noun_gender, curated) VALUES (199, 100, 'en', 'napkin', 'napkins', 'n', true);
INSERT INTO private.ckn_noun (noun_key, noun_base_key, language, noun_singular, noun_plural, noun_gender, curated) VALUES (200, 100, 'es', 'servilleta', 'servilletas', 'f', true);
INSERT INTO private.ckn_noun (noun_key, noun_base_key, language, noun_singular, noun_plural, noun_gender, curated) VALUES (201, 101, 'en', 'order', 'orders', 'n', true);
INSERT INTO private.ckn_noun (noun_key, noun_base_key, language, noun_singular, noun_plural, noun_gender, curated) VALUES (202, 101, 'es', 'pedido', 'pedidos', 'm', true);
INSERT INTO private.ckn_noun (noun_key, noun_base_key, language, noun_singular, noun_plural, noun_gender, curated) VALUES (203, 102, 'en', 'plate', 'plates', 'n', true);
INSERT INTO private.ckn_noun (noun_key, noun_base_key, language, noun_singular, noun_plural, noun_gender, curated) VALUES (204, 102, 'es', 'plato', 'platos', 'm', true);
INSERT INTO private.ckn_noun (noun_key, noun_base_key, language, noun_singular, noun_plural, noun_gender, curated) VALUES (205, 103, 'en', 'receipt', 'receipts', 'n', true);
INSERT INTO private.ckn_noun (noun_key, noun_base_key, language, noun_singular, noun_plural, noun_gender, curated) VALUES (206, 103, 'es', 'recibo', 'recibos', 'm', true);
INSERT INTO private.ckn_noun (noun_key, noun_base_key, language, noun_singular, noun_plural, noun_gender, curated) VALUES (207, 104, 'en', 'reservation book', 'reservation books', 'n', true);
INSERT INTO private.ckn_noun (noun_key, noun_base_key, language, noun_singular, noun_plural, noun_gender, curated) VALUES (208, 104, 'es', 'libro de reservas', 'libros de reservas', 'm', true);
INSERT INTO private.ckn_noun (noun_key, noun_base_key, language, noun_singular, noun_plural, noun_gender, curated) VALUES (209, 105, 'en', 'salad', 'salads', 'n', true);
INSERT INTO private.ckn_noun (noun_key, noun_base_key, language, noun_singular, noun_plural, noun_gender, curated) VALUES (210, 105, 'es', 'ensalada', 'ensaladas', 'f', true);
INSERT INTO private.ckn_noun (noun_key, noun_base_key, language, noun_singular, noun_plural, noun_gender, curated) VALUES (211, 106, 'en', 'server', 'servers', 'n', true);
INSERT INTO private.ckn_noun (noun_key, noun_base_key, language, noun_singular, noun_plural, noun_gender, curated) VALUES (212, 106, 'es', 'mesero', 'meseros', 'm', true);
INSERT INTO private.ckn_noun (noun_key, noun_base_key, language, noun_singular, noun_plural, noun_gender, curated) VALUES (213, 107, 'en', 'soda', 'sodas', 'n', true);
INSERT INTO private.ckn_noun (noun_key, noun_base_key, language, noun_singular, noun_plural, noun_gender, curated) VALUES (214, 107, 'es', 'refresco', 'refrescos', 'm', true);
INSERT INTO private.ckn_noun (noun_key, noun_base_key, language, noun_singular, noun_plural, noun_gender, curated) VALUES (215, 108, 'en', 'special', 'specials', 'n', true);
INSERT INTO private.ckn_noun (noun_key, noun_base_key, language, noun_singular, noun_plural, noun_gender, curated) VALUES (216, 108, 'es', 'especial', 'especiales', 'm', true);
INSERT INTO private.ckn_noun (noun_key, noun_base_key, language, noun_singular, noun_plural, noun_gender, curated) VALUES (217, 109, 'en', 'spoon', 'spoons', 'n', true);
INSERT INTO private.ckn_noun (noun_key, noun_base_key, language, noun_singular, noun_plural, noun_gender, curated) VALUES (218, 109, 'es', 'cuchara', 'cucharas', 'f', true);
INSERT INTO private.ckn_noun (noun_key, noun_base_key, language, noun_singular, noun_plural, noun_gender, curated) VALUES (219, 110, 'en', 'stool', 'stools', 'n', true);
INSERT INTO private.ckn_noun (noun_key, noun_base_key, language, noun_singular, noun_plural, noun_gender, curated) VALUES (220, 110, 'es', 'banqueta', 'banquetas', 'f', true);
INSERT INTO private.ckn_noun (noun_key, noun_base_key, language, noun_singular, noun_plural, noun_gender, curated) VALUES (221, 111, 'en', 'table', 'tables', 'n', true);
INSERT INTO private.ckn_noun (noun_key, noun_base_key, language, noun_singular, noun_plural, noun_gender, curated) VALUES (222, 111, 'es', 'mesa', 'mesas', 'f', true);
INSERT INTO private.ckn_noun (noun_key, noun_base_key, language, noun_singular, noun_plural, noun_gender, curated) VALUES (223, 112, 'en', 'waiter', 'waiters', 'n', true);
INSERT INTO private.ckn_noun (noun_key, noun_base_key, language, noun_singular, noun_plural, noun_gender, curated) VALUES (224, 112, 'es', 'camarero', 'camareros', 'm', true);
INSERT INTO private.ckn_noun (noun_key, noun_base_key, language, noun_singular, noun_plural, noun_gender, curated) VALUES (225, 113, 'en', 'waitress', 'waitresses', 'n', true);
INSERT INTO private.ckn_noun (noun_key, noun_base_key, language, noun_singular, noun_plural, noun_gender, curated) VALUES (226, 113, 'es', 'camarera', 'camareras', 'f', true);
INSERT INTO private.ckn_noun (noun_key, noun_base_key, language, noun_singular, noun_plural, noun_gender, curated) VALUES (227, 114, 'en', 'waitstaff', 'waitstaffs', 'n', true);
INSERT INTO private.ckn_noun (noun_key, noun_base_key, language, noun_singular, noun_plural, noun_gender, curated) VALUES (228, 114, 'es', 'personal de servicio', 'personales de servicio', 'm', true);
INSERT INTO private.ckn_noun (noun_key, noun_base_key, language, noun_singular, noun_plural, noun_gender, curated) VALUES (229, 115, 'en', 'water', 'waters', 'n', true);
INSERT INTO private.ckn_noun (noun_key, noun_base_key, language, noun_singular, noun_plural, noun_gender, curated) VALUES (230, 115, 'es', 'agua', 'aguas', 'f', true);
INSERT INTO private.ckn_noun (noun_key, noun_base_key, language, noun_singular, noun_plural, noun_gender, curated) VALUES (231, 116, 'en', 'wine', 'wines', 'n', true);
INSERT INTO private.ckn_noun (noun_key, noun_base_key, language, noun_singular, noun_plural, noun_gender, curated) VALUES (232, 116, 'es', 'vino', 'vinos', 'm', true);
INSERT INTO private.ckn_noun (noun_key, noun_base_key, language, noun_singular, noun_plural, noun_gender, curated) VALUES (233, 117, 'en', 'agent', 'agents', 'n', true);
INSERT INTO private.ckn_noun (noun_key, noun_base_key, language, noun_singular, noun_plural, noun_gender, curated) VALUES (234, 117, 'es', 'agente', 'agentes', 'm', true);
INSERT INTO private.ckn_noun (noun_key, noun_base_key, language, noun_singular, noun_plural, noun_gender, curated) VALUES (235, 118, 'en', 'airline', 'airlines', 'n', true);
INSERT INTO private.ckn_noun (noun_key, noun_base_key, language, noun_singular, noun_plural, noun_gender, curated) VALUES (236, 118, 'es', 'aerolínea', 'aerolíneas', 'f', true);
INSERT INTO private.ckn_noun (noun_key, noun_base_key, language, noun_singular, noun_plural, noun_gender, curated) VALUES (237, 119, 'en', 'air traffic controller', 'air traffic controllers', 'n', true);
INSERT INTO private.ckn_noun (noun_key, noun_base_key, language, noun_singular, noun_plural, noun_gender, curated) VALUES (238, 119, 'es', 'controlador aéreo', 'controladores aéreos', 'm', true);
INSERT INTO private.ckn_noun (noun_key, noun_base_key, language, noun_singular, noun_plural, noun_gender, curated) VALUES (239, 120, 'en', 'aisle', 'aisles', 'n', true);
INSERT INTO private.ckn_noun (noun_key, noun_base_key, language, noun_singular, noun_plural, noun_gender, curated) VALUES (240, 120, 'es', 'pasillo', 'pasillos', 'm', true);
INSERT INTO private.ckn_noun (noun_key, noun_base_key, language, noun_singular, noun_plural, noun_gender, curated) VALUES (241, 121, 'en', 'announcement', 'announcements', 'n', true);
INSERT INTO private.ckn_noun (noun_key, noun_base_key, language, noun_singular, noun_plural, noun_gender, curated) VALUES (242, 121, 'es', 'anuncio', 'anuncios', 'm', true);
INSERT INTO private.ckn_noun (noun_key, noun_base_key, language, noun_singular, noun_plural, noun_gender, curated) VALUES (243, 122, 'en', 'arrival', 'arrivals', 'n', true);
INSERT INTO private.ckn_noun (noun_key, noun_base_key, language, noun_singular, noun_plural, noun_gender, curated) VALUES (244, 122, 'es', 'llegada', 'llegadas', 'f', true);
INSERT INTO private.ckn_noun (noun_key, noun_base_key, language, noun_singular, noun_plural, noun_gender, curated) VALUES (245, 123, 'en', 'arrival board', 'arrival boards', 'n', true);
INSERT INTO private.ckn_noun (noun_key, noun_base_key, language, noun_singular, noun_plural, noun_gender, curated) VALUES (246, 123, 'es', 'pantalla de llegadas', 'pantallas de llegadas', 'f', true);
INSERT INTO private.ckn_noun (noun_key, noun_base_key, language, noun_singular, noun_plural, noun_gender, curated) VALUES (247, 124, 'en', 'attendant', 'attendants', 'n', true);
INSERT INTO private.ckn_noun (noun_key, noun_base_key, language, noun_singular, noun_plural, noun_gender, curated) VALUES (248, 124, 'es', 'asistente', 'asistentes', 'm', true);
INSERT INTO private.ckn_noun (noun_key, noun_base_key, language, noun_singular, noun_plural, noun_gender, curated) VALUES (249, 125, 'en', 'baggage', 'baggage pieces', 'n', true);
INSERT INTO private.ckn_noun (noun_key, noun_base_key, language, noun_singular, noun_plural, noun_gender, curated) VALUES (250, 125, 'es', 'equipaje', 'equipajes', 'm', true);
INSERT INTO private.ckn_noun (noun_key, noun_base_key, language, noun_singular, noun_plural, noun_gender, curated) VALUES (251, 126, 'en', 'boarding group', 'boarding groups', 'n', true);
INSERT INTO private.ckn_noun (noun_key, noun_base_key, language, noun_singular, noun_plural, noun_gender, curated) VALUES (252, 126, 'es', 'grupo de embarque', 'grupos de embarque', 'm', true);
INSERT INTO private.ckn_noun (noun_key, noun_base_key, language, noun_singular, noun_plural, noun_gender, curated) VALUES (253, 127, 'en', 'boarding pass', 'boarding passes', 'n', true);
INSERT INTO private.ckn_noun (noun_key, noun_base_key, language, noun_singular, noun_plural, noun_gender, curated) VALUES (254, 127, 'es', 'pase de abordar', 'pases de abordar', 'm', true);
INSERT INTO private.ckn_noun (noun_key, noun_base_key, language, noun_singular, noun_plural, noun_gender, curated) VALUES (255, 128, 'en', 'boarding zone', 'boarding zones', 'n', true);
INSERT INTO private.ckn_noun (noun_key, noun_base_key, language, noun_singular, noun_plural, noun_gender, curated) VALUES (256, 128, 'es', 'zona de embarque', 'zonas de embarque', 'f', true);
INSERT INTO private.ckn_noun (noun_key, noun_base_key, language, noun_singular, noun_plural, noun_gender, curated) VALUES (257, 129, 'en', 'cabin', 'cabins', 'n', true);
INSERT INTO private.ckn_noun (noun_key, noun_base_key, language, noun_singular, noun_plural, noun_gender, curated) VALUES (258, 129, 'es', 'cabina', 'cabinas', 'f', true);
INSERT INTO private.ckn_noun (noun_key, noun_base_key, language, noun_singular, noun_plural, noun_gender, curated) VALUES (259, 130, 'en', 'carousel', 'carousels', 'n', true);
INSERT INTO private.ckn_noun (noun_key, noun_base_key, language, noun_singular, noun_plural, noun_gender, curated) VALUES (260, 130, 'es', 'carrusel', 'carruseles', 'm', true);
INSERT INTO private.ckn_noun (noun_key, noun_base_key, language, noun_singular, noun_plural, noun_gender, curated) VALUES (261, 131, 'en', 'check-in', 'check-ins', 'n', true);
INSERT INTO private.ckn_noun (noun_key, noun_base_key, language, noun_singular, noun_plural, noun_gender, curated) VALUES (262, 131, 'es', 'registro', 'registros', 'm', true);
INSERT INTO private.ckn_noun (noun_key, noun_base_key, language, noun_singular, noun_plural, noun_gender, curated) VALUES (263, 132, 'en', 'conveyor', 'conveyors', 'n', true);
INSERT INTO private.ckn_noun (noun_key, noun_base_key, language, noun_singular, noun_plural, noun_gender, curated) VALUES (264, 132, 'es', 'cinta transportadora', 'cintas transportadoras', 'f', true);
INSERT INTO private.ckn_noun (noun_key, noun_base_key, language, noun_singular, noun_plural, noun_gender, curated) VALUES (265, 133, 'en', 'copilot', 'co-pilots', 'n', true);
INSERT INTO private.ckn_noun (noun_key, noun_base_key, language, noun_singular, noun_plural, noun_gender, curated) VALUES (266, 133, 'es', 'copiloto', 'copilotos', 'm', true);
INSERT INTO private.ckn_noun (noun_key, noun_base_key, language, noun_singular, noun_plural, noun_gender, curated) VALUES (267, 134, 'en', 'crew', 'crews', 'n', true);
INSERT INTO private.ckn_noun (noun_key, noun_base_key, language, noun_singular, noun_plural, noun_gender, curated) VALUES (268, 134, 'es', 'tripulación', 'tripulaciones', 'f', true);
INSERT INTO private.ckn_noun (noun_key, noun_base_key, language, noun_singular, noun_plural, noun_gender, curated) VALUES (269, 135, 'en', 'customs', 'customs stations', 'n', true);
INSERT INTO private.ckn_noun (noun_key, noun_base_key, language, noun_singular, noun_plural, noun_gender, curated) VALUES (270, 135, 'es', 'aduana', 'aduanas', 'f', true);
INSERT INTO private.ckn_noun (noun_key, noun_base_key, language, noun_singular, noun_plural, noun_gender, curated) VALUES (271, 136, 'en', 'delay', 'delays', 'n', true);
INSERT INTO private.ckn_noun (noun_key, noun_base_key, language, noun_singular, noun_plural, noun_gender, curated) VALUES (272, 136, 'es', 'retraso', 'retrasos', 'm', true);
INSERT INTO private.ckn_noun (noun_key, noun_base_key, language, noun_singular, noun_plural, noun_gender, curated) VALUES (273, 137, 'en', 'departure', 'departures', 'n', true);
INSERT INTO private.ckn_noun (noun_key, noun_base_key, language, noun_singular, noun_plural, noun_gender, curated) VALUES (274, 137, 'es', 'salida', 'salidas', 'f', true);
INSERT INTO private.ckn_noun (noun_key, noun_base_key, language, noun_singular, noun_plural, noun_gender, curated) VALUES (275, 138, 'en', 'departure board', 'departure boards', 'n', true);
INSERT INTO private.ckn_noun (noun_key, noun_base_key, language, noun_singular, noun_plural, noun_gender, curated) VALUES (276, 138, 'es', 'pantalla de salidas', 'pantallas de salidas', 'f', true);
INSERT INTO private.ckn_noun (noun_key, noun_base_key, language, noun_singular, noun_plural, noun_gender, curated) VALUES (277, 139, 'en', 'e-ticket', 'e-tickets', 'n', true);
INSERT INTO private.ckn_noun (noun_key, noun_base_key, language, noun_singular, noun_plural, noun_gender, curated) VALUES (278, 139, 'es', 'boleto electrónico', 'boletos electrónicos', 'm', true);
INSERT INTO private.ckn_noun (noun_key, noun_base_key, language, noun_singular, noun_plural, noun_gender, curated) VALUES (279, 140, 'en', 'flight number', 'flight numbers', 'n', true);
INSERT INTO private.ckn_noun (noun_key, noun_base_key, language, noun_singular, noun_plural, noun_gender, curated) VALUES (280, 140, 'es', 'número de vuelo', 'números de vuelo', 'm', true);
INSERT INTO private.ckn_noun (noun_key, noun_base_key, language, noun_singular, noun_plural, noun_gender, curated) VALUES (281, 141, 'en', 'flight path', 'flight paths', 'n', true);
INSERT INTO private.ckn_noun (noun_key, noun_base_key, language, noun_singular, noun_plural, noun_gender, curated) VALUES (282, 141, 'es', 'ruta de vuelo', 'rutas de vuelo', 'f', true);
INSERT INTO private.ckn_noun (noun_key, noun_base_key, language, noun_singular, noun_plural, noun_gender, curated) VALUES (283, 142, 'en', 'gate', 'gates', 'n', true);
INSERT INTO private.ckn_noun (noun_key, noun_base_key, language, noun_singular, noun_plural, noun_gender, curated) VALUES (284, 142, 'es', 'puerta', 'puertas', 'f', true);
INSERT INTO private.ckn_noun (noun_key, noun_base_key, language, noun_singular, noun_plural, noun_gender, curated) VALUES (285, 143, 'es', 'hangar', 'hangares', 'm', true);
INSERT INTO private.ckn_noun (noun_key, noun_base_key, language, noun_singular, noun_plural, noun_gender, curated) VALUES (286, 144, 'en', 'immigration', 'immigrations', 'n', true);
INSERT INTO private.ckn_noun (noun_key, noun_base_key, language, noun_singular, noun_plural, noun_gender, curated) VALUES (287, 144, 'es', 'inmigración', 'inmigraciones', 'f', true);
INSERT INTO private.ckn_noun (noun_key, noun_base_key, language, noun_singular, noun_plural, noun_gender, curated) VALUES (288, 145, 'en', 'landing', 'landings', 'n', true);
INSERT INTO private.ckn_noun (noun_key, noun_base_key, language, noun_singular, noun_plural, noun_gender, curated) VALUES (289, 145, 'es', 'aterrizaje', 'aterrizajes', 'm', true);
INSERT INTO private.ckn_noun (noun_key, noun_base_key, language, noun_singular, noun_plural, noun_gender, curated) VALUES (290, 146, 'en', 'layover', 'layovers', 'n', true);
INSERT INTO private.ckn_noun (noun_key, noun_base_key, language, noun_singular, noun_plural, noun_gender, curated) VALUES (291, 146, 'es', 'escala', 'escalas', 'f', true);
INSERT INTO private.ckn_noun (noun_key, noun_base_key, language, noun_singular, noun_plural, noun_gender, curated) VALUES (292, 147, 'en', 'lift-off', 'lift-offs', 'n', true);
INSERT INTO private.ckn_noun (noun_key, noun_base_key, language, noun_singular, noun_plural, noun_gender, curated) VALUES (293, 147, 'es', 'despegue', 'despegues', 'm', true);
INSERT INTO private.ckn_noun (noun_key, noun_base_key, language, noun_singular, noun_plural, noun_gender, curated) VALUES (294, 148, 'en', 'luggage', 'luggage pieces', 'n', true);
INSERT INTO private.ckn_noun (noun_key, noun_base_key, language, noun_singular, noun_plural, noun_gender, curated) VALUES (295, 148, 'es', 'equipaje', 'equipajes', 'm', true);
INSERT INTO private.ckn_noun (noun_key, noun_base_key, language, noun_singular, noun_plural, noun_gender, curated) VALUES (296, 149, 'en', 'overhead bin', 'overhead bins', 'n', true);
INSERT INTO private.ckn_noun (noun_key, noun_base_key, language, noun_singular, noun_plural, noun_gender, curated) VALUES (297, 149, 'es', 'compartimiento superior', 'compartimientos superiores', 'm', true);
INSERT INTO private.ckn_noun (noun_key, noun_base_key, language, noun_singular, noun_plural, noun_gender, curated) VALUES (298, 150, 'en', 'oxygen mask', 'oxygen masks', 'n', true);
INSERT INTO private.ckn_noun (noun_key, noun_base_key, language, noun_singular, noun_plural, noun_gender, curated) VALUES (299, 150, 'es', 'máscara de oxígeno', 'máscaras de oxígeno', 'f', true);
INSERT INTO private.ckn_noun (noun_key, noun_base_key, language, noun_singular, noun_plural, noun_gender, curated) VALUES (300, 151, 'en', 'passport control', 'passport controls', 'n', true);
INSERT INTO private.ckn_noun (noun_key, noun_base_key, language, noun_singular, noun_plural, noun_gender, curated) VALUES (301, 151, 'es', 'control de pasaportes', 'controles de pasaportes', 'm', true);
INSERT INTO private.ckn_noun (noun_key, noun_base_key, language, noun_singular, noun_plural, noun_gender, curated) VALUES (302, 152, 'en', 'pilot', 'pilots', 'n', true);
INSERT INTO private.ckn_noun (noun_key, noun_base_key, language, noun_singular, noun_plural, noun_gender, curated) VALUES (303, 152, 'es', 'piloto', 'pilotos', 'm', true);
INSERT INTO private.ckn_noun (noun_key, noun_base_key, language, noun_singular, noun_plural, noun_gender, curated) VALUES (304, 153, 'en', 'plane', 'planes', 'n', true);
INSERT INTO private.ckn_noun (noun_key, noun_base_key, language, noun_singular, noun_plural, noun_gender, curated) VALUES (305, 153, 'es', 'avión', 'aviones', 'm', true);
INSERT INTO private.ckn_noun (noun_key, noun_base_key, language, noun_singular, noun_plural, noun_gender, curated) VALUES (306, 154, 'en', 'runway', 'runways', 'n', true);
INSERT INTO private.ckn_noun (noun_key, noun_base_key, language, noun_singular, noun_plural, noun_gender, curated) VALUES (307, 154, 'es', 'pista', 'pistas', 'f', true);
INSERT INTO private.ckn_noun (noun_key, noun_base_key, language, noun_singular, noun_plural, noun_gender, curated) VALUES (308, 155, 'en', 'scanner', 'scanners', 'n', true);
INSERT INTO private.ckn_noun (noun_key, noun_base_key, language, noun_singular, noun_plural, noun_gender, curated) VALUES (309, 155, 'es', 'escáner', 'escáneres', 'm', true);
INSERT INTO private.ckn_noun (noun_key, noun_base_key, language, noun_singular, noun_plural, noun_gender, curated) VALUES (310, 156, 'en', 'seat', 'seats', 'n', true);
INSERT INTO private.ckn_noun (noun_key, noun_base_key, language, noun_singular, noun_plural, noun_gender, curated) VALUES (311, 156, 'es', 'asiento', 'asientos', 'm', true);
INSERT INTO private.ckn_noun (noun_key, noun_base_key, language, noun_singular, noun_plural, noun_gender, curated) VALUES (312, 157, 'en', 'security', 'security checkpoints', 'n', true);
INSERT INTO private.ckn_noun (noun_key, noun_base_key, language, noun_singular, noun_plural, noun_gender, curated) VALUES (313, 157, 'es', 'seguridad', 'controles de seguridad', 'f', true);
INSERT INTO private.ckn_noun (noun_key, noun_base_key, language, noun_singular, noun_plural, noun_gender, curated) VALUES (314, 158, 'en', 'taxiway', 'taxiwys', 'n', true);
INSERT INTO private.ckn_noun (noun_key, noun_base_key, language, noun_singular, noun_plural, noun_gender, curated) VALUES (315, 158, 'es', 'calle de rodaje', 'calles de rodaje', 'f', true);
INSERT INTO private.ckn_noun (noun_key, noun_base_key, language, noun_singular, noun_plural, noun_gender, curated) VALUES (316, 159, 'en', 'terminal', 'terminals', 'n', true);
INSERT INTO private.ckn_noun (noun_key, noun_base_key, language, noun_singular, noun_plural, noun_gender, curated) VALUES (317, 159, 'es', 'terminal', 'terminales', 'f', true);
INSERT INTO private.ckn_noun (noun_key, noun_base_key, language, noun_singular, noun_plural, noun_gender, curated) VALUES (318, 160, 'en', 'ticket', 'tickets', 'n', true);
INSERT INTO private.ckn_noun (noun_key, noun_base_key, language, noun_singular, noun_plural, noun_gender, curated) VALUES (319, 160, 'es', 'boleto', 'boletos', 'm', true);
INSERT INTO private.ckn_noun (noun_key, noun_base_key, language, noun_singular, noun_plural, noun_gender, curated) VALUES (320, 161, 'en', 'ticket counter', 'ticket counters', 'n', true);
INSERT INTO private.ckn_noun (noun_key, noun_base_key, language, noun_singular, noun_plural, noun_gender, curated) VALUES (321, 161, 'es', 'taquilla', 'taquillas', 'f', true);
INSERT INTO private.ckn_noun (noun_key, noun_base_key, language, noun_singular, noun_plural, noun_gender, curated) VALUES (322, 162, 'en', 'time zone', 'time zones', 'n', true);
INSERT INTO private.ckn_noun (noun_key, noun_base_key, language, noun_singular, noun_plural, noun_gender, curated) VALUES (323, 162, 'es', 'zona horaria', 'zonas horarias', 'f', true);
INSERT INTO private.ckn_noun (noun_key, noun_base_key, language, noun_singular, noun_plural, noun_gender, curated) VALUES (324, 163, 'en', 'tower', 'towers', 'n', true);
INSERT INTO private.ckn_noun (noun_key, noun_base_key, language, noun_singular, noun_plural, noun_gender, curated) VALUES (325, 163, 'es', 'torre', 'torres', 'f', true);
INSERT INTO private.ckn_noun (noun_key, noun_base_key, language, noun_singular, noun_plural, noun_gender, curated) VALUES (326, 164, 'en', 'TSA', 'TSA agents', 'n', true);
INSERT INTO private.ckn_noun (noun_key, noun_base_key, language, noun_singular, noun_plural, noun_gender, curated) VALUES (327, 164, 'es', 'agente de seguridad', 'agentes de seguridad', 'm', true);
INSERT INTO private.ckn_noun (noun_key, noun_base_key, language, noun_singular, noun_plural, noun_gender, curated) VALUES (328, 165, 'en', 'turbulence', 'turbulences', 'n', true);
INSERT INTO private.ckn_noun (noun_key, noun_base_key, language, noun_singular, noun_plural, noun_gender, curated) VALUES (329, 165, 'es', 'turbulencia', 'turbulencias', 'f', true);
INSERT INTO private.ckn_noun (noun_key, noun_base_key, language, noun_singular, noun_plural, noun_gender, curated) VALUES (330, 166, 'en', 'visa', 'visas', 'n', true);
INSERT INTO private.ckn_noun (noun_key, noun_base_key, language, noun_singular, noun_plural, noun_gender, curated) VALUES (331, 166, 'es', 'visa', 'visas', 'f', true);
INSERT INTO private.ckn_noun (noun_key, noun_base_key, language, noun_singular, noun_plural, noun_gender, curated) VALUES (332, 167, 'en', 'window seat', 'window seats', 'n', true);
INSERT INTO private.ckn_noun (noun_key, noun_base_key, language, noun_singular, noun_plural, noun_gender, curated) VALUES (333, 167, 'es', 'asiento de ventana', 'asientos de ventana', 'm', true);
INSERT INTO private.ckn_noun (noun_key, noun_base_key, language, noun_singular, noun_plural, noun_gender, curated) VALUES (334, 168, 'en', 'address', 'addresses', 'n', true);
INSERT INTO private.ckn_noun (noun_key, noun_base_key, language, noun_singular, noun_plural, noun_gender, curated) VALUES (335, 168, 'es', 'dirección', 'direcciones', 'f', true);
INSERT INTO private.ckn_noun (noun_key, noun_base_key, language, noun_singular, noun_plural, noun_gender, curated) VALUES (336, 169, 'en', 'apartment', 'apartments', 'n', true);
INSERT INTO private.ckn_noun (noun_key, noun_base_key, language, noun_singular, noun_plural, noun_gender, curated) VALUES (337, 169, 'es', 'apartamento', 'apartamentos', 'm', true);
INSERT INTO private.ckn_noun (noun_key, noun_base_key, language, noun_singular, noun_plural, noun_gender, curated) VALUES (338, 170, 'en', 'avenue', 'avenues', 'n', true);
INSERT INTO private.ckn_noun (noun_key, noun_base_key, language, noun_singular, noun_plural, noun_gender, curated) VALUES (339, 170, 'es', 'avenida', 'avenidas', 'f', true);
INSERT INTO private.ckn_noun (noun_key, noun_base_key, language, noun_singular, noun_plural, noun_gender, curated) VALUES (340, 171, 'en', 'back seat', 'back seats', 'n', true);
INSERT INTO private.ckn_noun (noun_key, noun_base_key, language, noun_singular, noun_plural, noun_gender, curated) VALUES (341, 171, 'es', 'asiento trasero', 'asientos traseros', 'm', true);
INSERT INTO private.ckn_noun (noun_key, noun_base_key, language, noun_singular, noun_plural, noun_gender, curated) VALUES (342, 172, 'en', 'brake', 'brakes', 'n', true);
INSERT INTO private.ckn_noun (noun_key, noun_base_key, language, noun_singular, noun_plural, noun_gender, curated) VALUES (343, 172, 'es', 'freno', 'frenos', 'm', true);
INSERT INTO private.ckn_noun (noun_key, noun_base_key, language, noun_singular, noun_plural, noun_gender, curated) VALUES (344, 173, 'en', 'building', 'buildings', 'n', true);
INSERT INTO private.ckn_noun (noun_key, noun_base_key, language, noun_singular, noun_plural, noun_gender, curated) VALUES (345, 173, 'es', 'edificio', 'edificios', 'm', true);
INSERT INTO private.ckn_noun (noun_key, noun_base_key, language, noun_singular, noun_plural, noun_gender, curated) VALUES (346, 174, 'en', 'cancellation', 'cancellations', 'n', true);
INSERT INTO private.ckn_noun (noun_key, noun_base_key, language, noun_singular, noun_plural, noun_gender, curated) VALUES (347, 174, 'es', 'cancelación', 'cancelaciones', 'f', true);
INSERT INTO private.ckn_noun (noun_key, noun_base_key, language, noun_singular, noun_plural, noun_gender, curated) VALUES (348, 175, 'en', 'car', 'cars', 'n', true);
INSERT INTO private.ckn_noun (noun_key, noun_base_key, language, noun_singular, noun_plural, noun_gender, curated) VALUES (349, 175, 'es', 'coche', 'coches', 'm', true);
INSERT INTO private.ckn_noun (noun_key, noun_base_key, language, noun_singular, noun_plural, noun_gender, curated) VALUES (350, 176, 'en', 'curb', 'curbs', 'n', true);
INSERT INTO private.ckn_noun (noun_key, noun_base_key, language, noun_singular, noun_plural, noun_gender, curated) VALUES (351, 176, 'es', 'acera', 'aceras', 'f', true);
INSERT INTO private.ckn_noun (noun_key, noun_base_key, language, noun_singular, noun_plural, noun_gender, curated) VALUES (352, 177, 'en', 'destination', 'destinations', 'n', true);
INSERT INTO private.ckn_noun (noun_key, noun_base_key, language, noun_singular, noun_plural, noun_gender, curated) VALUES (353, 177, 'es', 'destino', 'destinos', 'm', true);
INSERT INTO private.ckn_noun (noun_key, noun_base_key, language, noun_singular, noun_plural, noun_gender, curated) VALUES (354, 178, 'en', 'direction', 'directions', 'n', true);
INSERT INTO private.ckn_noun (noun_key, noun_base_key, language, noun_singular, noun_plural, noun_gender, curated) VALUES (355, 178, 'es', 'dirección', 'direcciones', 'f', true);
INSERT INTO private.ckn_noun (noun_key, noun_base_key, language, noun_singular, noun_plural, noun_gender, curated) VALUES (356, 179, 'en', 'dispatcher', 'dispatchers', 'n', true);
INSERT INTO private.ckn_noun (noun_key, noun_base_key, language, noun_singular, noun_plural, noun_gender, curated) VALUES (357, 179, 'es', 'despachador', 'despachadores', 'm', true);
INSERT INTO private.ckn_noun (noun_key, noun_base_key, language, noun_singular, noun_plural, noun_gender, curated) VALUES (358, 180, 'en', 'door', 'doors', 'n', true);
INSERT INTO private.ckn_noun (noun_key, noun_base_key, language, noun_singular, noun_plural, noun_gender, curated) VALUES (359, 180, 'es', 'puerta', 'puertas', 'f', true);
INSERT INTO private.ckn_noun (noun_key, noun_base_key, language, noun_singular, noun_plural, noun_gender, curated) VALUES (360, 181, 'en', 'driver', 'drivers', 'n', true);
INSERT INTO private.ckn_noun (noun_key, noun_base_key, language, noun_singular, noun_plural, noun_gender, curated) VALUES (361, 181, 'es', 'conductor', 'conductores', 'm', true);
INSERT INTO private.ckn_noun (noun_key, noun_base_key, language, noun_singular, noun_plural, noun_gender, curated) VALUES (362, 182, 'en', 'driver seat', 'driver seats', 'n', true);
INSERT INTO private.ckn_noun (noun_key, noun_base_key, language, noun_singular, noun_plural, noun_gender, curated) VALUES (363, 182, 'es', 'asiento del conductor', 'asientos del conductor', 'm', true);
INSERT INTO private.ckn_noun (noun_key, noun_base_key, language, noun_singular, noun_plural, noun_gender, curated) VALUES (364, 183, 'en', 'drop-off', 'drop-offs', 'n', true);
INSERT INTO private.ckn_noun (noun_key, noun_base_key, language, noun_singular, noun_plural, noun_gender, curated) VALUES (365, 183, 'es', 'lugar de bajada', 'lugares de bajada', 'm', true);
INSERT INTO private.ckn_noun (noun_key, noun_base_key, language, noun_singular, noun_plural, noun_gender, curated) VALUES (366, 184, 'en', 'engine', 'engines', 'n', true);
INSERT INTO private.ckn_noun (noun_key, noun_base_key, language, noun_singular, noun_plural, noun_gender, curated) VALUES (367, 184, 'es', 'motor', 'motores', 'm', true);
INSERT INTO private.ckn_noun (noun_key, noun_base_key, language, noun_singular, noun_plural, noun_gender, curated) VALUES (368, 185, 'en', 'fare', 'fares', 'n', true);
INSERT INTO private.ckn_noun (noun_key, noun_base_key, language, noun_singular, noun_plural, noun_gender, curated) VALUES (369, 185, 'es', 'tarifa', 'tarifas', 'f', true);
INSERT INTO private.ckn_noun (noun_key, noun_base_key, language, noun_singular, noun_plural, noun_gender, curated) VALUES (370, 186, 'en', 'GPS', 'GPS systems', 'n', true);
INSERT INTO private.ckn_noun (noun_key, noun_base_key, language, noun_singular, noun_plural, noun_gender, curated) VALUES (371, 186, 'es', 'GPS', 'GPS', 'm', true);
INSERT INTO private.ckn_noun (noun_key, noun_base_key, language, noun_singular, noun_plural, noun_gender, curated) VALUES (372, 187, 'en', 'highway', 'highways', 'n', true);
INSERT INTO private.ckn_noun (noun_key, noun_base_key, language, noun_singular, noun_plural, noun_gender, curated) VALUES (373, 187, 'es', 'autopista', 'autopistas', 'f', true);
INSERT INTO private.ckn_noun (noun_key, noun_base_key, language, noun_singular, noun_plural, noun_gender, curated) VALUES (374, 188, 'en', 'horn', 'horns', 'n', true);
INSERT INTO private.ckn_noun (noun_key, noun_base_key, language, noun_singular, noun_plural, noun_gender, curated) VALUES (375, 188, 'es', 'bocina', 'bocinas', 'f', true);
INSERT INTO private.ckn_noun (noun_key, noun_base_key, language, noun_singular, noun_plural, noun_gender, curated) VALUES (376, 189, 'en', 'intersection', 'intersections', 'n', true);
INSERT INTO private.ckn_noun (noun_key, noun_base_key, language, noun_singular, noun_plural, noun_gender, curated) VALUES (377, 189, 'es', 'intersección', 'intersecciones', 'f', true);
INSERT INTO private.ckn_noun (noun_key, noun_base_key, language, noun_singular, noun_plural, noun_gender, curated) VALUES (378, 190, 'en', 'lane', 'lanes', 'n', true);
INSERT INTO private.ckn_noun (noun_key, noun_base_key, language, noun_singular, noun_plural, noun_gender, curated) VALUES (379, 190, 'es', 'carril', 'carriles', 'm', true);
INSERT INTO private.ckn_noun (noun_key, noun_base_key, language, noun_singular, noun_plural, noun_gender, curated) VALUES (380, 191, 'en', 'license', 'licenses', 'n', true);
INSERT INTO private.ckn_noun (noun_key, noun_base_key, language, noun_singular, noun_plural, noun_gender, curated) VALUES (381, 191, 'es', 'licencia', 'licencias', 'f', true);
INSERT INTO private.ckn_noun (noun_key, noun_base_key, language, noun_singular, noun_plural, noun_gender, curated) VALUES (382, 192, 'en', 'meter', 'meters', 'n', true);
INSERT INTO private.ckn_noun (noun_key, noun_base_key, language, noun_singular, noun_plural, noun_gender, curated) VALUES (383, 192, 'es', 'taxímetro', 'taxímetros', 'm', true);
INSERT INTO private.ckn_noun (noun_key, noun_base_key, language, noun_singular, noun_plural, noun_gender, curated) VALUES (384, 193, 'en', 'notification', 'notifications', 'n', true);
INSERT INTO private.ckn_noun (noun_key, noun_base_key, language, noun_singular, noun_plural, noun_gender, curated) VALUES (385, 193, 'es', 'notificación', 'notificaciones', 'f', true);
INSERT INTO private.ckn_noun (noun_key, noun_base_key, language, noun_singular, noun_plural, noun_gender, curated) VALUES (386, 194, 'en', 'passenger', 'passengers', 'n', true);
INSERT INTO private.ckn_noun (noun_key, noun_base_key, language, noun_singular, noun_plural, noun_gender, curated) VALUES (387, 194, 'es', 'pasajero', 'pasajeros', 'm', true);
INSERT INTO private.ckn_noun (noun_key, noun_base_key, language, noun_singular, noun_plural, noun_gender, curated) VALUES (388, 195, 'en', 'pickup', 'pickups', 'n', true);
INSERT INTO private.ckn_noun (noun_key, noun_base_key, language, noun_singular, noun_plural, noun_gender, curated) VALUES (389, 195, 'es', 'recogida', 'recogidas', 'f', true);
INSERT INTO private.ckn_noun (noun_key, noun_base_key, language, noun_singular, noun_plural, noun_gender, curated) VALUES (390, 196, 'en', 'rating', 'ratings', 'n', true);
INSERT INTO private.ckn_noun (noun_key, noun_base_key, language, noun_singular, noun_plural, noun_gender, curated) VALUES (391, 196, 'es', 'calificación', 'calificaciones', 'f', true);
INSERT INTO private.ckn_noun (noun_key, noun_base_key, language, noun_singular, noun_plural, noun_gender, curated) VALUES (392, 197, 'en', 'request', 'requests', 'n', true);
INSERT INTO private.ckn_noun (noun_key, noun_base_key, language, noun_singular, noun_plural, noun_gender, curated) VALUES (393, 197, 'es', 'solicitud', 'solicitudes', 'f', true);
INSERT INTO private.ckn_noun (noun_key, noun_base_key, language, noun_singular, noun_plural, noun_gender, curated) VALUES (394, 198, 'en', 'ride', 'rides', 'n', true);
INSERT INTO private.ckn_noun (noun_key, noun_base_key, language, noun_singular, noun_plural, noun_gender, curated) VALUES (395, 198, 'es', 'viaje', 'viajes', 'm', true);
INSERT INTO private.ckn_noun (noun_key, noun_base_key, language, noun_singular, noun_plural, noun_gender, curated) VALUES (396, 199, 'en', 'ride app', 'ride apps', 'n', true);
INSERT INTO private.ckn_noun (noun_key, noun_base_key, language, noun_singular, noun_plural, noun_gender, curated) VALUES (397, 199, 'es', 'aplicación de transporte', 'aplicaciones de transporte', 'f', true);
INSERT INTO private.ckn_noun (noun_key, noun_base_key, language, noun_singular, noun_plural, noun_gender, curated) VALUES (398, 200, 'en', 'ride pool', 'ride pools', 'n', true);
INSERT INTO private.ckn_noun (noun_key, noun_base_key, language, noun_singular, noun_plural, noun_gender, curated) VALUES (399, 200, 'es', 'viaje compartido', 'viajes compartidos', 'm', true);
INSERT INTO private.ckn_noun (noun_key, noun_base_key, language, noun_singular, noun_plural, noun_gender, curated) VALUES (400, 201, 'en', 'route', 'routes', 'n', true);
INSERT INTO private.ckn_noun (noun_key, noun_base_key, language, noun_singular, noun_plural, noun_gender, curated) VALUES (401, 201, 'es', 'ruta', 'rutas', 'f', true);
INSERT INTO private.ckn_noun (noun_key, noun_base_key, language, noun_singular, noun_plural, noun_gender, curated) VALUES (402, 202, 'en', 'signal', 'signals', 'n', true);
INSERT INTO private.ckn_noun (noun_key, noun_base_key, language, noun_singular, noun_plural, noun_gender, curated) VALUES (403, 202, 'es', 'señal', 'señales', 'f', true);
INSERT INTO private.ckn_noun (noun_key, noun_base_key, language, noun_singular, noun_plural, noun_gender, curated) VALUES (404, 203, 'en', 'street', 'streets', 'n', true);
INSERT INTO private.ckn_noun (noun_key, noun_base_key, language, noun_singular, noun_plural, noun_gender, curated) VALUES (405, 203, 'es', 'calle', 'calles', 'f', true);
INSERT INTO private.ckn_noun (noun_key, noun_base_key, language, noun_singular, noun_plural, noun_gender, curated) VALUES (406, 204, 'en', 'surge', 'surges', 'n', true);
INSERT INTO private.ckn_noun (noun_key, noun_base_key, language, noun_singular, noun_plural, noun_gender, curated) VALUES (407, 204, 'es', 'aumento', 'aumentos', 'm', true);
INSERT INTO private.ckn_noun (noun_key, noun_base_key, language, noun_singular, noun_plural, noun_gender, curated) VALUES (408, 205, 'en', 'SUV', 'SUVs', 'n', true);
INSERT INTO private.ckn_noun (noun_key, noun_base_key, language, noun_singular, noun_plural, noun_gender, curated) VALUES (409, 205, 'es', 'SUV', 'SUVs', 'f', true);
INSERT INTO private.ckn_noun (noun_key, noun_base_key, language, noun_singular, noun_plural, noun_gender, curated) VALUES (410, 206, 'en', 'traffic', 'traffic jams', 'n', true);
INSERT INTO private.ckn_noun (noun_key, noun_base_key, language, noun_singular, noun_plural, noun_gender, curated) VALUES (411, 206, 'es', 'tráfico', 'atascos', 'm', true);
INSERT INTO private.ckn_noun (noun_key, noun_base_key, language, noun_singular, noun_plural, noun_gender, curated) VALUES (412, 207, 'en', 'trunk', 'trunks', 'n', true);
INSERT INTO private.ckn_noun (noun_key, noun_base_key, language, noun_singular, noun_plural, noun_gender, curated) VALUES (413, 207, 'es', 'maletero', 'maleteros', 'm', true);
INSERT INTO private.ckn_noun (noun_key, noun_base_key, language, noun_singular, noun_plural, noun_gender, curated) VALUES (414, 208, 'en', 'van', 'vans', 'n', true);
INSERT INTO private.ckn_noun (noun_key, noun_base_key, language, noun_singular, noun_plural, noun_gender, curated) VALUES (415, 208, 'es', 'furgoneta', 'furgonetas', 'f', true);
INSERT INTO private.ckn_noun (noun_key, noun_base_key, language, noun_singular, noun_plural, noun_gender, curated) VALUES (416, 209, 'en', 'vehicle', 'vehicles', 'n', true);
INSERT INTO private.ckn_noun (noun_key, noun_base_key, language, noun_singular, noun_plural, noun_gender, curated) VALUES (417, 209, 'es', 'vehículo', 'vehículos', 'm', true);
INSERT INTO private.ckn_noun (noun_key, noun_base_key, language, noun_singular, noun_plural, noun_gender, curated) VALUES (418, 210, 'en', 'wait time', 'wait times', 'n', true);
INSERT INTO private.ckn_noun (noun_key, noun_base_key, language, noun_singular, noun_plural, noun_gender, curated) VALUES (419, 210, 'es', 'tiempo de espera', 'tiempos de espera', 'm', true);
INSERT INTO private.ckn_noun (noun_key, noun_base_key, language, noun_singular, noun_plural, noun_gender, curated) VALUES (420, 53, 'es', 'reservación', 'reservaciones', 'f', false);
INSERT INTO private.ckn_noun (noun_key, noun_base_key, language, noun_singular, noun_plural, noun_gender, curated) VALUES (421, 211, 'es', 'nombre', 'nombres', 'm', false);
INSERT INTO private.ckn_noun (noun_key, noun_base_key, language, noun_singular, noun_plural, noun_gender, curated) VALUES (422, 212, 'es', 'especialidad', 'especialidades', 'f', false);
INSERT INTO private.ckn_noun (noun_key, noun_base_key, language, noun_singular, noun_plural, noun_gender, curated) VALUES (423, 213, 'es', 'casa', 'casas', 'f', false);
INSERT INTO private.ckn_noun (noun_key, noun_base_key, language, noun_singular, noun_plural, noun_gender, curated) VALUES (424, 214, 'es', 'paella', 'paellas', 'f', false);
INSERT INTO private.ckn_noun (noun_key, noun_base_key, language, noun_singular, noun_plural, noun_gender, curated) VALUES (425, 215, 'es', 'mixto', 'mixtos', 'm', false);
INSERT INTO private.ckn_noun (noun_key, noun_base_key, language, noun_singular, noun_plural, noun_gender, curated) VALUES (426, 216, 'es', 'comensal', 'comensales', 'm', false);
INSERT INTO private.ckn_noun (noun_key, noun_base_key, language, noun_singular, noun_plural, noun_gender, curated) VALUES (427, 217, 'es', 'hombre', 'hombres', 'm', false);
INSERT INTO private.ckn_noun (noun_key, noun_base_key, language, noun_singular, noun_plural, noun_gender, curated) VALUES (428, 218, 'es', 'ordenar', 'ordenar', 'f', false);
INSERT INTO private.ckn_noun (noun_key, noun_base_key, language, noun_singular, noun_plural, noun_gender, curated) VALUES (429, 219, 'es', 'noche', 'noches', 'f', false);
INSERT INTO private.ckn_noun (noun_key, noun_base_key, language, noun_singular, noun_plural, noun_gender, curated) VALUES (430, 220, 'es', 'señorita', 'señoritas', 'f', false);
INSERT INTO private.ckn_noun (noun_key, noun_base_key, language, noun_singular, noun_plural, noun_gender, curated) VALUES (431, 221, 'es', 'pastel', 'pasteles', 'm', false);
INSERT INTO private.ckn_noun (noun_key, noun_base_key, language, noun_singular, noun_plural, noun_gender, curated) VALUES (432, 222, 'es', 'chocolate', 'chocolates', 'm', false);
INSERT INTO private.ckn_noun (noun_key, noun_base_key, language, noun_singular, noun_plural, noun_gender, curated) VALUES (433, 223, 'es', 'helado', 'helados', 'm', false);
INSERT INTO private.ckn_noun (noun_key, noun_base_key, language, noun_singular, noun_plural, noun_gender, curated) VALUES (434, 224, 'es', 'vainilla', 'vainillas', 'f', false);
INSERT INTO private.ckn_noun (noun_key, noun_base_key, language, noun_singular, noun_plural, noun_gender, curated) VALUES (435, 225, 'es', 'gracias', 'gracias', 'f', false);
INSERT INTO private.ckn_noun (noun_key, noun_base_key, language, noun_singular, noun_plural, noun_gender, curated) VALUES (436, 54, 'es', 'restaurante', 'restaurantes', 'm', false);


--
-- Data for Name: ckn_scenarios; Type: TABLE DATA; Schema: private; Owner: postgres
--

INSERT INTO private.ckn_scenarios (scenario_key, scenario) VALUES (1, 'hotel');
INSERT INTO private.ckn_scenarios (scenario_key, scenario) VALUES (2, 'restaurant');
INSERT INTO private.ckn_scenarios (scenario_key, scenario) VALUES (3, 'airport');
INSERT INTO private.ckn_scenarios (scenario_key, scenario) VALUES (4, 'taxi');


--
-- Data for Name: ckn_noun_scenarios; Type: TABLE DATA; Schema: private; Owner: postgres
--

INSERT INTO private.ckn_noun_scenarios (noun_key, scenario_key) VALUES (1, 1);
INSERT INTO private.ckn_noun_scenarios (noun_key, scenario_key) VALUES (2, 1);
INSERT INTO private.ckn_noun_scenarios (noun_key, scenario_key) VALUES (3, 1);
INSERT INTO private.ckn_noun_scenarios (noun_key, scenario_key) VALUES (4, 1);
INSERT INTO private.ckn_noun_scenarios (noun_key, scenario_key) VALUES (5, 1);
INSERT INTO private.ckn_noun_scenarios (noun_key, scenario_key) VALUES (6, 1);
INSERT INTO private.ckn_noun_scenarios (noun_key, scenario_key) VALUES (7, 1);
INSERT INTO private.ckn_noun_scenarios (noun_key, scenario_key) VALUES (8, 1);
INSERT INTO private.ckn_noun_scenarios (noun_key, scenario_key) VALUES (9, 1);
INSERT INTO private.ckn_noun_scenarios (noun_key, scenario_key) VALUES (10, 1);
INSERT INTO private.ckn_noun_scenarios (noun_key, scenario_key) VALUES (11, 1);
INSERT INTO private.ckn_noun_scenarios (noun_key, scenario_key) VALUES (12, 1);
INSERT INTO private.ckn_noun_scenarios (noun_key, scenario_key) VALUES (13, 1);
INSERT INTO private.ckn_noun_scenarios (noun_key, scenario_key) VALUES (14, 1);
INSERT INTO private.ckn_noun_scenarios (noun_key, scenario_key) VALUES (15, 1);
INSERT INTO private.ckn_noun_scenarios (noun_key, scenario_key) VALUES (16, 1);
INSERT INTO private.ckn_noun_scenarios (noun_key, scenario_key) VALUES (17, 1);
INSERT INTO private.ckn_noun_scenarios (noun_key, scenario_key) VALUES (18, 1);
INSERT INTO private.ckn_noun_scenarios (noun_key, scenario_key) VALUES (19, 1);
INSERT INTO private.ckn_noun_scenarios (noun_key, scenario_key) VALUES (20, 1);
INSERT INTO private.ckn_noun_scenarios (noun_key, scenario_key) VALUES (21, 1);
INSERT INTO private.ckn_noun_scenarios (noun_key, scenario_key) VALUES (22, 1);
INSERT INTO private.ckn_noun_scenarios (noun_key, scenario_key) VALUES (23, 1);
INSERT INTO private.ckn_noun_scenarios (noun_key, scenario_key) VALUES (24, 1);
INSERT INTO private.ckn_noun_scenarios (noun_key, scenario_key) VALUES (25, 1);
INSERT INTO private.ckn_noun_scenarios (noun_key, scenario_key) VALUES (26, 1);
INSERT INTO private.ckn_noun_scenarios (noun_key, scenario_key) VALUES (27, 1);
INSERT INTO private.ckn_noun_scenarios (noun_key, scenario_key) VALUES (28, 1);
INSERT INTO private.ckn_noun_scenarios (noun_key, scenario_key) VALUES (29, 1);
INSERT INTO private.ckn_noun_scenarios (noun_key, scenario_key) VALUES (30, 1);
INSERT INTO private.ckn_noun_scenarios (noun_key, scenario_key) VALUES (31, 1);
INSERT INTO private.ckn_noun_scenarios (noun_key, scenario_key) VALUES (32, 1);
INSERT INTO private.ckn_noun_scenarios (noun_key, scenario_key) VALUES (33, 1);
INSERT INTO private.ckn_noun_scenarios (noun_key, scenario_key) VALUES (34, 1);
INSERT INTO private.ckn_noun_scenarios (noun_key, scenario_key) VALUES (35, 1);
INSERT INTO private.ckn_noun_scenarios (noun_key, scenario_key) VALUES (36, 1);
INSERT INTO private.ckn_noun_scenarios (noun_key, scenario_key) VALUES (37, 1);
INSERT INTO private.ckn_noun_scenarios (noun_key, scenario_key) VALUES (38, 1);
INSERT INTO private.ckn_noun_scenarios (noun_key, scenario_key) VALUES (39, 1);
INSERT INTO private.ckn_noun_scenarios (noun_key, scenario_key) VALUES (40, 1);
INSERT INTO private.ckn_noun_scenarios (noun_key, scenario_key) VALUES (41, 1);
INSERT INTO private.ckn_noun_scenarios (noun_key, scenario_key) VALUES (42, 1);
INSERT INTO private.ckn_noun_scenarios (noun_key, scenario_key) VALUES (43, 1);
INSERT INTO private.ckn_noun_scenarios (noun_key, scenario_key) VALUES (44, 1);
INSERT INTO private.ckn_noun_scenarios (noun_key, scenario_key) VALUES (45, 1);
INSERT INTO private.ckn_noun_scenarios (noun_key, scenario_key) VALUES (46, 1);
INSERT INTO private.ckn_noun_scenarios (noun_key, scenario_key) VALUES (47, 1);
INSERT INTO private.ckn_noun_scenarios (noun_key, scenario_key) VALUES (48, 1);
INSERT INTO private.ckn_noun_scenarios (noun_key, scenario_key) VALUES (49, 1);
INSERT INTO private.ckn_noun_scenarios (noun_key, scenario_key) VALUES (50, 1);
INSERT INTO private.ckn_noun_scenarios (noun_key, scenario_key) VALUES (51, 1);
INSERT INTO private.ckn_noun_scenarios (noun_key, scenario_key) VALUES (52, 1);
INSERT INTO private.ckn_noun_scenarios (noun_key, scenario_key) VALUES (53, 1);
INSERT INTO private.ckn_noun_scenarios (noun_key, scenario_key) VALUES (54, 1);
INSERT INTO private.ckn_noun_scenarios (noun_key, scenario_key) VALUES (55, 1);
INSERT INTO private.ckn_noun_scenarios (noun_key, scenario_key) VALUES (56, 1);
INSERT INTO private.ckn_noun_scenarios (noun_key, scenario_key) VALUES (57, 1);
INSERT INTO private.ckn_noun_scenarios (noun_key, scenario_key) VALUES (58, 1);
INSERT INTO private.ckn_noun_scenarios (noun_key, scenario_key) VALUES (59, 1);
INSERT INTO private.ckn_noun_scenarios (noun_key, scenario_key) VALUES (60, 1);
INSERT INTO private.ckn_noun_scenarios (noun_key, scenario_key) VALUES (61, 1);
INSERT INTO private.ckn_noun_scenarios (noun_key, scenario_key) VALUES (62, 1);
INSERT INTO private.ckn_noun_scenarios (noun_key, scenario_key) VALUES (63, 1);
INSERT INTO private.ckn_noun_scenarios (noun_key, scenario_key) VALUES (64, 1);
INSERT INTO private.ckn_noun_scenarios (noun_key, scenario_key) VALUES (65, 1);
INSERT INTO private.ckn_noun_scenarios (noun_key, scenario_key) VALUES (66, 1);
INSERT INTO private.ckn_noun_scenarios (noun_key, scenario_key) VALUES (67, 1);
INSERT INTO private.ckn_noun_scenarios (noun_key, scenario_key) VALUES (68, 1);
INSERT INTO private.ckn_noun_scenarios (noun_key, scenario_key) VALUES (69, 1);
INSERT INTO private.ckn_noun_scenarios (noun_key, scenario_key) VALUES (70, 1);
INSERT INTO private.ckn_noun_scenarios (noun_key, scenario_key) VALUES (71, 1);
INSERT INTO private.ckn_noun_scenarios (noun_key, scenario_key) VALUES (72, 1);
INSERT INTO private.ckn_noun_scenarios (noun_key, scenario_key) VALUES (73, 1);
INSERT INTO private.ckn_noun_scenarios (noun_key, scenario_key) VALUES (74, 1);
INSERT INTO private.ckn_noun_scenarios (noun_key, scenario_key) VALUES (75, 1);
INSERT INTO private.ckn_noun_scenarios (noun_key, scenario_key) VALUES (76, 1);
INSERT INTO private.ckn_noun_scenarios (noun_key, scenario_key) VALUES (77, 1);
INSERT INTO private.ckn_noun_scenarios (noun_key, scenario_key) VALUES (78, 1);
INSERT INTO private.ckn_noun_scenarios (noun_key, scenario_key) VALUES (79, 1);
INSERT INTO private.ckn_noun_scenarios (noun_key, scenario_key) VALUES (80, 1);
INSERT INTO private.ckn_noun_scenarios (noun_key, scenario_key) VALUES (81, 1);
INSERT INTO private.ckn_noun_scenarios (noun_key, scenario_key) VALUES (82, 1);
INSERT INTO private.ckn_noun_scenarios (noun_key, scenario_key) VALUES (83, 1);
INSERT INTO private.ckn_noun_scenarios (noun_key, scenario_key) VALUES (84, 1);
INSERT INTO private.ckn_noun_scenarios (noun_key, scenario_key) VALUES (85, 1);
INSERT INTO private.ckn_noun_scenarios (noun_key, scenario_key) VALUES (86, 1);
INSERT INTO private.ckn_noun_scenarios (noun_key, scenario_key) VALUES (87, 1);
INSERT INTO private.ckn_noun_scenarios (noun_key, scenario_key) VALUES (88, 1);
INSERT INTO private.ckn_noun_scenarios (noun_key, scenario_key) VALUES (89, 1);
INSERT INTO private.ckn_noun_scenarios (noun_key, scenario_key) VALUES (90, 1);
INSERT INTO private.ckn_noun_scenarios (noun_key, scenario_key) VALUES (91, 1);
INSERT INTO private.ckn_noun_scenarios (noun_key, scenario_key) VALUES (92, 1);
INSERT INTO private.ckn_noun_scenarios (noun_key, scenario_key) VALUES (93, 1);
INSERT INTO private.ckn_noun_scenarios (noun_key, scenario_key) VALUES (94, 1);
INSERT INTO private.ckn_noun_scenarios (noun_key, scenario_key) VALUES (95, 1);
INSERT INTO private.ckn_noun_scenarios (noun_key, scenario_key) VALUES (96, 1);
INSERT INTO private.ckn_noun_scenarios (noun_key, scenario_key) VALUES (97, 1);
INSERT INTO private.ckn_noun_scenarios (noun_key, scenario_key) VALUES (98, 1);
INSERT INTO private.ckn_noun_scenarios (noun_key, scenario_key) VALUES (99, 1);
INSERT INTO private.ckn_noun_scenarios (noun_key, scenario_key) VALUES (100, 1);
INSERT INTO private.ckn_noun_scenarios (noun_key, scenario_key) VALUES (101, 1);
INSERT INTO private.ckn_noun_scenarios (noun_key, scenario_key) VALUES (102, 1);
INSERT INTO private.ckn_noun_scenarios (noun_key, scenario_key) VALUES (103, 1);
INSERT INTO private.ckn_noun_scenarios (noun_key, scenario_key) VALUES (104, 1);
INSERT INTO private.ckn_noun_scenarios (noun_key, scenario_key) VALUES (105, 1);
INSERT INTO private.ckn_noun_scenarios (noun_key, scenario_key) VALUES (106, 1);
INSERT INTO private.ckn_noun_scenarios (noun_key, scenario_key) VALUES (107, 1);
INSERT INTO private.ckn_noun_scenarios (noun_key, scenario_key) VALUES (108, 1);
INSERT INTO private.ckn_noun_scenarios (noun_key, scenario_key) VALUES (109, 1);
INSERT INTO private.ckn_noun_scenarios (noun_key, scenario_key) VALUES (110, 1);
INSERT INTO private.ckn_noun_scenarios (noun_key, scenario_key) VALUES (111, 1);
INSERT INTO private.ckn_noun_scenarios (noun_key, scenario_key) VALUES (112, 1);
INSERT INTO private.ckn_noun_scenarios (noun_key, scenario_key) VALUES (113, 1);
INSERT INTO private.ckn_noun_scenarios (noun_key, scenario_key) VALUES (114, 1);
INSERT INTO private.ckn_noun_scenarios (noun_key, scenario_key) VALUES (115, 1);
INSERT INTO private.ckn_noun_scenarios (noun_key, scenario_key) VALUES (116, 1);
INSERT INTO private.ckn_noun_scenarios (noun_key, scenario_key) VALUES (117, 1);
INSERT INTO private.ckn_noun_scenarios (noun_key, scenario_key) VALUES (118, 1);
INSERT INTO private.ckn_noun_scenarios (noun_key, scenario_key) VALUES (119, 1);
INSERT INTO private.ckn_noun_scenarios (noun_key, scenario_key) VALUES (120, 1);
INSERT INTO private.ckn_noun_scenarios (noun_key, scenario_key) VALUES (121, 1);
INSERT INTO private.ckn_noun_scenarios (noun_key, scenario_key) VALUES (122, 1);
INSERT INTO private.ckn_noun_scenarios (noun_key, scenario_key) VALUES (123, 1);
INSERT INTO private.ckn_noun_scenarios (noun_key, scenario_key) VALUES (124, 1);
INSERT INTO private.ckn_noun_scenarios (noun_key, scenario_key) VALUES (125, 1);
INSERT INTO private.ckn_noun_scenarios (noun_key, scenario_key) VALUES (126, 1);
INSERT INTO private.ckn_noun_scenarios (noun_key, scenario_key) VALUES (127, 1);
INSERT INTO private.ckn_noun_scenarios (noun_key, scenario_key) VALUES (128, 1);
INSERT INTO private.ckn_noun_scenarios (noun_key, scenario_key) VALUES (129, 1);
INSERT INTO private.ckn_noun_scenarios (noun_key, scenario_key) VALUES (130, 1);
INSERT INTO private.ckn_noun_scenarios (noun_key, scenario_key) VALUES (131, 1);
INSERT INTO private.ckn_noun_scenarios (noun_key, scenario_key) VALUES (132, 1);
INSERT INTO private.ckn_noun_scenarios (noun_key, scenario_key) VALUES (133, 1);
INSERT INTO private.ckn_noun_scenarios (noun_key, scenario_key) VALUES (134, 1);
INSERT INTO private.ckn_noun_scenarios (noun_key, scenario_key) VALUES (135, 1);
INSERT INTO private.ckn_noun_scenarios (noun_key, scenario_key) VALUES (136, 1);
INSERT INTO private.ckn_noun_scenarios (noun_key, scenario_key) VALUES (137, 1);
INSERT INTO private.ckn_noun_scenarios (noun_key, scenario_key) VALUES (138, 1);
INSERT INTO private.ckn_noun_scenarios (noun_key, scenario_key) VALUES (139, 1);
INSERT INTO private.ckn_noun_scenarios (noun_key, scenario_key) VALUES (140, 1);
INSERT INTO private.ckn_noun_scenarios (noun_key, scenario_key) VALUES (141, 1);
INSERT INTO private.ckn_noun_scenarios (noun_key, scenario_key) VALUES (142, 1);
INSERT INTO private.ckn_noun_scenarios (noun_key, scenario_key) VALUES (143, 1);
INSERT INTO private.ckn_noun_scenarios (noun_key, scenario_key) VALUES (144, 1);
INSERT INTO private.ckn_noun_scenarios (noun_key, scenario_key) VALUES (145, 1);
INSERT INTO private.ckn_noun_scenarios (noun_key, scenario_key) VALUES (146, 1);
INSERT INTO private.ckn_noun_scenarios (noun_key, scenario_key) VALUES (147, 1);
INSERT INTO private.ckn_noun_scenarios (noun_key, scenario_key) VALUES (148, 1);
INSERT INTO private.ckn_noun_scenarios (noun_key, scenario_key) VALUES (149, 2);
INSERT INTO private.ckn_noun_scenarios (noun_key, scenario_key) VALUES (150, 2);
INSERT INTO private.ckn_noun_scenarios (noun_key, scenario_key) VALUES (151, 2);
INSERT INTO private.ckn_noun_scenarios (noun_key, scenario_key) VALUES (152, 2);
INSERT INTO private.ckn_noun_scenarios (noun_key, scenario_key) VALUES (153, 2);
INSERT INTO private.ckn_noun_scenarios (noun_key, scenario_key) VALUES (154, 2);
INSERT INTO private.ckn_noun_scenarios (noun_key, scenario_key) VALUES (13, 2);
INSERT INTO private.ckn_noun_scenarios (noun_key, scenario_key) VALUES (14, 2);
INSERT INTO private.ckn_noun_scenarios (noun_key, scenario_key) VALUES (155, 2);
INSERT INTO private.ckn_noun_scenarios (noun_key, scenario_key) VALUES (156, 2);
INSERT INTO private.ckn_noun_scenarios (noun_key, scenario_key) VALUES (157, 2);
INSERT INTO private.ckn_noun_scenarios (noun_key, scenario_key) VALUES (158, 2);
INSERT INTO private.ckn_noun_scenarios (noun_key, scenario_key) VALUES (159, 2);
INSERT INTO private.ckn_noun_scenarios (noun_key, scenario_key) VALUES (160, 2);
INSERT INTO private.ckn_noun_scenarios (noun_key, scenario_key) VALUES (161, 2);
INSERT INTO private.ckn_noun_scenarios (noun_key, scenario_key) VALUES (162, 2);
INSERT INTO private.ckn_noun_scenarios (noun_key, scenario_key) VALUES (163, 2);
INSERT INTO private.ckn_noun_scenarios (noun_key, scenario_key) VALUES (164, 2);
INSERT INTO private.ckn_noun_scenarios (noun_key, scenario_key) VALUES (35, 2);
INSERT INTO private.ckn_noun_scenarios (noun_key, scenario_key) VALUES (36, 2);
INSERT INTO private.ckn_noun_scenarios (noun_key, scenario_key) VALUES (165, 2);
INSERT INTO private.ckn_noun_scenarios (noun_key, scenario_key) VALUES (166, 2);
INSERT INTO private.ckn_noun_scenarios (noun_key, scenario_key) VALUES (167, 2);
INSERT INTO private.ckn_noun_scenarios (noun_key, scenario_key) VALUES (168, 2);
INSERT INTO private.ckn_noun_scenarios (noun_key, scenario_key) VALUES (169, 2);
INSERT INTO private.ckn_noun_scenarios (noun_key, scenario_key) VALUES (170, 2);
INSERT INTO private.ckn_noun_scenarios (noun_key, scenario_key) VALUES (171, 2);
INSERT INTO private.ckn_noun_scenarios (noun_key, scenario_key) VALUES (172, 2);
INSERT INTO private.ckn_noun_scenarios (noun_key, scenario_key) VALUES (173, 2);
INSERT INTO private.ckn_noun_scenarios (noun_key, scenario_key) VALUES (174, 2);
INSERT INTO private.ckn_noun_scenarios (noun_key, scenario_key) VALUES (175, 2);
INSERT INTO private.ckn_noun_scenarios (noun_key, scenario_key) VALUES (176, 2);
INSERT INTO private.ckn_noun_scenarios (noun_key, scenario_key) VALUES (177, 2);
INSERT INTO private.ckn_noun_scenarios (noun_key, scenario_key) VALUES (178, 2);
INSERT INTO private.ckn_noun_scenarios (noun_key, scenario_key) VALUES (179, 2);
INSERT INTO private.ckn_noun_scenarios (noun_key, scenario_key) VALUES (180, 2);
INSERT INTO private.ckn_noun_scenarios (noun_key, scenario_key) VALUES (181, 2);
INSERT INTO private.ckn_noun_scenarios (noun_key, scenario_key) VALUES (182, 2);
INSERT INTO private.ckn_noun_scenarios (noun_key, scenario_key) VALUES (183, 2);
INSERT INTO private.ckn_noun_scenarios (noun_key, scenario_key) VALUES (184, 2);
INSERT INTO private.ckn_noun_scenarios (noun_key, scenario_key) VALUES (185, 2);
INSERT INTO private.ckn_noun_scenarios (noun_key, scenario_key) VALUES (186, 2);
INSERT INTO private.ckn_noun_scenarios (noun_key, scenario_key) VALUES (187, 2);
INSERT INTO private.ckn_noun_scenarios (noun_key, scenario_key) VALUES (188, 2);
INSERT INTO private.ckn_noun_scenarios (noun_key, scenario_key) VALUES (189, 2);
INSERT INTO private.ckn_noun_scenarios (noun_key, scenario_key) VALUES (190, 2);
INSERT INTO private.ckn_noun_scenarios (noun_key, scenario_key) VALUES (191, 2);
INSERT INTO private.ckn_noun_scenarios (noun_key, scenario_key) VALUES (192, 2);
INSERT INTO private.ckn_noun_scenarios (noun_key, scenario_key) VALUES (193, 2);
INSERT INTO private.ckn_noun_scenarios (noun_key, scenario_key) VALUES (194, 2);
INSERT INTO private.ckn_noun_scenarios (noun_key, scenario_key) VALUES (195, 2);
INSERT INTO private.ckn_noun_scenarios (noun_key, scenario_key) VALUES (196, 2);
INSERT INTO private.ckn_noun_scenarios (noun_key, scenario_key) VALUES (85, 2);
INSERT INTO private.ckn_noun_scenarios (noun_key, scenario_key) VALUES (86, 2);
INSERT INTO private.ckn_noun_scenarios (noun_key, scenario_key) VALUES (197, 2);
INSERT INTO private.ckn_noun_scenarios (noun_key, scenario_key) VALUES (198, 2);
INSERT INTO private.ckn_noun_scenarios (noun_key, scenario_key) VALUES (199, 2);
INSERT INTO private.ckn_noun_scenarios (noun_key, scenario_key) VALUES (200, 2);
INSERT INTO private.ckn_noun_scenarios (noun_key, scenario_key) VALUES (201, 2);
INSERT INTO private.ckn_noun_scenarios (noun_key, scenario_key) VALUES (202, 2);
INSERT INTO private.ckn_noun_scenarios (noun_key, scenario_key) VALUES (203, 2);
INSERT INTO private.ckn_noun_scenarios (noun_key, scenario_key) VALUES (204, 2);
INSERT INTO private.ckn_noun_scenarios (noun_key, scenario_key) VALUES (205, 2);
INSERT INTO private.ckn_noun_scenarios (noun_key, scenario_key) VALUES (206, 2);
INSERT INTO private.ckn_noun_scenarios (noun_key, scenario_key) VALUES (105, 2);
INSERT INTO private.ckn_noun_scenarios (noun_key, scenario_key) VALUES (106, 2);
INSERT INTO private.ckn_noun_scenarios (noun_key, scenario_key) VALUES (207, 2);
INSERT INTO private.ckn_noun_scenarios (noun_key, scenario_key) VALUES (208, 2);
INSERT INTO private.ckn_noun_scenarios (noun_key, scenario_key) VALUES (209, 2);
INSERT INTO private.ckn_noun_scenarios (noun_key, scenario_key) VALUES (210, 2);
INSERT INTO private.ckn_noun_scenarios (noun_key, scenario_key) VALUES (211, 2);
INSERT INTO private.ckn_noun_scenarios (noun_key, scenario_key) VALUES (212, 2);
INSERT INTO private.ckn_noun_scenarios (noun_key, scenario_key) VALUES (213, 2);
INSERT INTO private.ckn_noun_scenarios (noun_key, scenario_key) VALUES (214, 2);
INSERT INTO private.ckn_noun_scenarios (noun_key, scenario_key) VALUES (215, 2);
INSERT INTO private.ckn_noun_scenarios (noun_key, scenario_key) VALUES (216, 2);
INSERT INTO private.ckn_noun_scenarios (noun_key, scenario_key) VALUES (217, 2);
INSERT INTO private.ckn_noun_scenarios (noun_key, scenario_key) VALUES (218, 2);
INSERT INTO private.ckn_noun_scenarios (noun_key, scenario_key) VALUES (219, 2);
INSERT INTO private.ckn_noun_scenarios (noun_key, scenario_key) VALUES (220, 2);
INSERT INTO private.ckn_noun_scenarios (noun_key, scenario_key) VALUES (221, 2);
INSERT INTO private.ckn_noun_scenarios (noun_key, scenario_key) VALUES (222, 2);
INSERT INTO private.ckn_noun_scenarios (noun_key, scenario_key) VALUES (133, 2);
INSERT INTO private.ckn_noun_scenarios (noun_key, scenario_key) VALUES (134, 2);
INSERT INTO private.ckn_noun_scenarios (noun_key, scenario_key) VALUES (223, 2);
INSERT INTO private.ckn_noun_scenarios (noun_key, scenario_key) VALUES (224, 2);
INSERT INTO private.ckn_noun_scenarios (noun_key, scenario_key) VALUES (225, 2);
INSERT INTO private.ckn_noun_scenarios (noun_key, scenario_key) VALUES (226, 2);
INSERT INTO private.ckn_noun_scenarios (noun_key, scenario_key) VALUES (227, 2);
INSERT INTO private.ckn_noun_scenarios (noun_key, scenario_key) VALUES (228, 2);
INSERT INTO private.ckn_noun_scenarios (noun_key, scenario_key) VALUES (229, 2);
INSERT INTO private.ckn_noun_scenarios (noun_key, scenario_key) VALUES (230, 2);
INSERT INTO private.ckn_noun_scenarios (noun_key, scenario_key) VALUES (231, 2);
INSERT INTO private.ckn_noun_scenarios (noun_key, scenario_key) VALUES (232, 2);
INSERT INTO private.ckn_noun_scenarios (noun_key, scenario_key) VALUES (233, 3);
INSERT INTO private.ckn_noun_scenarios (noun_key, scenario_key) VALUES (234, 3);
INSERT INTO private.ckn_noun_scenarios (noun_key, scenario_key) VALUES (235, 3);
INSERT INTO private.ckn_noun_scenarios (noun_key, scenario_key) VALUES (236, 3);
INSERT INTO private.ckn_noun_scenarios (noun_key, scenario_key) VALUES (237, 3);
INSERT INTO private.ckn_noun_scenarios (noun_key, scenario_key) VALUES (238, 3);
INSERT INTO private.ckn_noun_scenarios (noun_key, scenario_key) VALUES (239, 3);
INSERT INTO private.ckn_noun_scenarios (noun_key, scenario_key) VALUES (240, 3);
INSERT INTO private.ckn_noun_scenarios (noun_key, scenario_key) VALUES (241, 3);
INSERT INTO private.ckn_noun_scenarios (noun_key, scenario_key) VALUES (242, 3);
INSERT INTO private.ckn_noun_scenarios (noun_key, scenario_key) VALUES (243, 3);
INSERT INTO private.ckn_noun_scenarios (noun_key, scenario_key) VALUES (244, 3);
INSERT INTO private.ckn_noun_scenarios (noun_key, scenario_key) VALUES (245, 3);
INSERT INTO private.ckn_noun_scenarios (noun_key, scenario_key) VALUES (246, 3);
INSERT INTO private.ckn_noun_scenarios (noun_key, scenario_key) VALUES (247, 3);
INSERT INTO private.ckn_noun_scenarios (noun_key, scenario_key) VALUES (248, 3);
INSERT INTO private.ckn_noun_scenarios (noun_key, scenario_key) VALUES (249, 3);
INSERT INTO private.ckn_noun_scenarios (noun_key, scenario_key) VALUES (250, 3);
INSERT INTO private.ckn_noun_scenarios (noun_key, scenario_key) VALUES (251, 3);
INSERT INTO private.ckn_noun_scenarios (noun_key, scenario_key) VALUES (252, 3);
INSERT INTO private.ckn_noun_scenarios (noun_key, scenario_key) VALUES (253, 3);
INSERT INTO private.ckn_noun_scenarios (noun_key, scenario_key) VALUES (254, 3);
INSERT INTO private.ckn_noun_scenarios (noun_key, scenario_key) VALUES (255, 3);
INSERT INTO private.ckn_noun_scenarios (noun_key, scenario_key) VALUES (256, 3);
INSERT INTO private.ckn_noun_scenarios (noun_key, scenario_key) VALUES (257, 3);
INSERT INTO private.ckn_noun_scenarios (noun_key, scenario_key) VALUES (258, 3);
INSERT INTO private.ckn_noun_scenarios (noun_key, scenario_key) VALUES (259, 3);
INSERT INTO private.ckn_noun_scenarios (noun_key, scenario_key) VALUES (260, 3);
INSERT INTO private.ckn_noun_scenarios (noun_key, scenario_key) VALUES (261, 3);
INSERT INTO private.ckn_noun_scenarios (noun_key, scenario_key) VALUES (262, 3);
INSERT INTO private.ckn_noun_scenarios (noun_key, scenario_key) VALUES (263, 3);
INSERT INTO private.ckn_noun_scenarios (noun_key, scenario_key) VALUES (264, 3);
INSERT INTO private.ckn_noun_scenarios (noun_key, scenario_key) VALUES (265, 3);
INSERT INTO private.ckn_noun_scenarios (noun_key, scenario_key) VALUES (266, 3);
INSERT INTO private.ckn_noun_scenarios (noun_key, scenario_key) VALUES (267, 3);
INSERT INTO private.ckn_noun_scenarios (noun_key, scenario_key) VALUES (268, 3);
INSERT INTO private.ckn_noun_scenarios (noun_key, scenario_key) VALUES (269, 3);
INSERT INTO private.ckn_noun_scenarios (noun_key, scenario_key) VALUES (270, 3);
INSERT INTO private.ckn_noun_scenarios (noun_key, scenario_key) VALUES (271, 3);
INSERT INTO private.ckn_noun_scenarios (noun_key, scenario_key) VALUES (272, 3);
INSERT INTO private.ckn_noun_scenarios (noun_key, scenario_key) VALUES (273, 3);
INSERT INTO private.ckn_noun_scenarios (noun_key, scenario_key) VALUES (274, 3);
INSERT INTO private.ckn_noun_scenarios (noun_key, scenario_key) VALUES (275, 3);
INSERT INTO private.ckn_noun_scenarios (noun_key, scenario_key) VALUES (276, 3);
INSERT INTO private.ckn_noun_scenarios (noun_key, scenario_key) VALUES (277, 3);
INSERT INTO private.ckn_noun_scenarios (noun_key, scenario_key) VALUES (278, 3);
INSERT INTO private.ckn_noun_scenarios (noun_key, scenario_key) VALUES (279, 3);
INSERT INTO private.ckn_noun_scenarios (noun_key, scenario_key) VALUES (280, 3);
INSERT INTO private.ckn_noun_scenarios (noun_key, scenario_key) VALUES (281, 3);
INSERT INTO private.ckn_noun_scenarios (noun_key, scenario_key) VALUES (282, 3);
INSERT INTO private.ckn_noun_scenarios (noun_key, scenario_key) VALUES (283, 3);
INSERT INTO private.ckn_noun_scenarios (noun_key, scenario_key) VALUES (284, 3);
INSERT INTO private.ckn_noun_scenarios (noun_key, scenario_key) VALUES (285, 3);
INSERT INTO private.ckn_noun_scenarios (noun_key, scenario_key) VALUES (286, 3);
INSERT INTO private.ckn_noun_scenarios (noun_key, scenario_key) VALUES (287, 3);
INSERT INTO private.ckn_noun_scenarios (noun_key, scenario_key) VALUES (288, 3);
INSERT INTO private.ckn_noun_scenarios (noun_key, scenario_key) VALUES (289, 3);
INSERT INTO private.ckn_noun_scenarios (noun_key, scenario_key) VALUES (290, 3);
INSERT INTO private.ckn_noun_scenarios (noun_key, scenario_key) VALUES (291, 3);
INSERT INTO private.ckn_noun_scenarios (noun_key, scenario_key) VALUES (292, 3);
INSERT INTO private.ckn_noun_scenarios (noun_key, scenario_key) VALUES (293, 3);
INSERT INTO private.ckn_noun_scenarios (noun_key, scenario_key) VALUES (294, 3);
INSERT INTO private.ckn_noun_scenarios (noun_key, scenario_key) VALUES (295, 3);
INSERT INTO private.ckn_noun_scenarios (noun_key, scenario_key) VALUES (296, 3);
INSERT INTO private.ckn_noun_scenarios (noun_key, scenario_key) VALUES (297, 3);
INSERT INTO private.ckn_noun_scenarios (noun_key, scenario_key) VALUES (298, 3);
INSERT INTO private.ckn_noun_scenarios (noun_key, scenario_key) VALUES (299, 3);
INSERT INTO private.ckn_noun_scenarios (noun_key, scenario_key) VALUES (93, 3);
INSERT INTO private.ckn_noun_scenarios (noun_key, scenario_key) VALUES (94, 3);
INSERT INTO private.ckn_noun_scenarios (noun_key, scenario_key) VALUES (300, 3);
INSERT INTO private.ckn_noun_scenarios (noun_key, scenario_key) VALUES (301, 3);
INSERT INTO private.ckn_noun_scenarios (noun_key, scenario_key) VALUES (302, 3);
INSERT INTO private.ckn_noun_scenarios (noun_key, scenario_key) VALUES (303, 3);
INSERT INTO private.ckn_noun_scenarios (noun_key, scenario_key) VALUES (304, 3);
INSERT INTO private.ckn_noun_scenarios (noun_key, scenario_key) VALUES (305, 3);
INSERT INTO private.ckn_noun_scenarios (noun_key, scenario_key) VALUES (306, 3);
INSERT INTO private.ckn_noun_scenarios (noun_key, scenario_key) VALUES (307, 3);
INSERT INTO private.ckn_noun_scenarios (noun_key, scenario_key) VALUES (308, 3);
INSERT INTO private.ckn_noun_scenarios (noun_key, scenario_key) VALUES (309, 3);
INSERT INTO private.ckn_noun_scenarios (noun_key, scenario_key) VALUES (310, 3);
INSERT INTO private.ckn_noun_scenarios (noun_key, scenario_key) VALUES (311, 3);
INSERT INTO private.ckn_noun_scenarios (noun_key, scenario_key) VALUES (312, 3);
INSERT INTO private.ckn_noun_scenarios (noun_key, scenario_key) VALUES (313, 3);
INSERT INTO private.ckn_noun_scenarios (noun_key, scenario_key) VALUES (131, 3);
INSERT INTO private.ckn_noun_scenarios (noun_key, scenario_key) VALUES (132, 3);
INSERT INTO private.ckn_noun_scenarios (noun_key, scenario_key) VALUES (314, 3);
INSERT INTO private.ckn_noun_scenarios (noun_key, scenario_key) VALUES (315, 3);
INSERT INTO private.ckn_noun_scenarios (noun_key, scenario_key) VALUES (316, 3);
INSERT INTO private.ckn_noun_scenarios (noun_key, scenario_key) VALUES (317, 3);
INSERT INTO private.ckn_noun_scenarios (noun_key, scenario_key) VALUES (318, 3);
INSERT INTO private.ckn_noun_scenarios (noun_key, scenario_key) VALUES (319, 3);
INSERT INTO private.ckn_noun_scenarios (noun_key, scenario_key) VALUES (320, 3);
INSERT INTO private.ckn_noun_scenarios (noun_key, scenario_key) VALUES (321, 3);
INSERT INTO private.ckn_noun_scenarios (noun_key, scenario_key) VALUES (322, 3);
INSERT INTO private.ckn_noun_scenarios (noun_key, scenario_key) VALUES (323, 3);
INSERT INTO private.ckn_noun_scenarios (noun_key, scenario_key) VALUES (324, 3);
INSERT INTO private.ckn_noun_scenarios (noun_key, scenario_key) VALUES (325, 3);
INSERT INTO private.ckn_noun_scenarios (noun_key, scenario_key) VALUES (326, 3);
INSERT INTO private.ckn_noun_scenarios (noun_key, scenario_key) VALUES (327, 3);
INSERT INTO private.ckn_noun_scenarios (noun_key, scenario_key) VALUES (328, 3);
INSERT INTO private.ckn_noun_scenarios (noun_key, scenario_key) VALUES (329, 3);
INSERT INTO private.ckn_noun_scenarios (noun_key, scenario_key) VALUES (330, 3);
INSERT INTO private.ckn_noun_scenarios (noun_key, scenario_key) VALUES (331, 3);
INSERT INTO private.ckn_noun_scenarios (noun_key, scenario_key) VALUES (332, 3);
INSERT INTO private.ckn_noun_scenarios (noun_key, scenario_key) VALUES (333, 3);
INSERT INTO private.ckn_noun_scenarios (noun_key, scenario_key) VALUES (334, 4);
INSERT INTO private.ckn_noun_scenarios (noun_key, scenario_key) VALUES (335, 4);
INSERT INTO private.ckn_noun_scenarios (noun_key, scenario_key) VALUES (336, 4);
INSERT INTO private.ckn_noun_scenarios (noun_key, scenario_key) VALUES (337, 4);
INSERT INTO private.ckn_noun_scenarios (noun_key, scenario_key) VALUES (338, 4);
INSERT INTO private.ckn_noun_scenarios (noun_key, scenario_key) VALUES (339, 4);
INSERT INTO private.ckn_noun_scenarios (noun_key, scenario_key) VALUES (340, 4);
INSERT INTO private.ckn_noun_scenarios (noun_key, scenario_key) VALUES (341, 4);
INSERT INTO private.ckn_noun_scenarios (noun_key, scenario_key) VALUES (342, 4);
INSERT INTO private.ckn_noun_scenarios (noun_key, scenario_key) VALUES (343, 4);
INSERT INTO private.ckn_noun_scenarios (noun_key, scenario_key) VALUES (344, 4);
INSERT INTO private.ckn_noun_scenarios (noun_key, scenario_key) VALUES (345, 4);
INSERT INTO private.ckn_noun_scenarios (noun_key, scenario_key) VALUES (346, 4);
INSERT INTO private.ckn_noun_scenarios (noun_key, scenario_key) VALUES (347, 4);
INSERT INTO private.ckn_noun_scenarios (noun_key, scenario_key) VALUES (348, 4);
INSERT INTO private.ckn_noun_scenarios (noun_key, scenario_key) VALUES (349, 4);
INSERT INTO private.ckn_noun_scenarios (noun_key, scenario_key) VALUES (33, 4);
INSERT INTO private.ckn_noun_scenarios (noun_key, scenario_key) VALUES (34, 4);
INSERT INTO private.ckn_noun_scenarios (noun_key, scenario_key) VALUES (350, 4);
INSERT INTO private.ckn_noun_scenarios (noun_key, scenario_key) VALUES (351, 4);
INSERT INTO private.ckn_noun_scenarios (noun_key, scenario_key) VALUES (352, 4);
INSERT INTO private.ckn_noun_scenarios (noun_key, scenario_key) VALUES (353, 4);
INSERT INTO private.ckn_noun_scenarios (noun_key, scenario_key) VALUES (354, 4);
INSERT INTO private.ckn_noun_scenarios (noun_key, scenario_key) VALUES (355, 4);
INSERT INTO private.ckn_noun_scenarios (noun_key, scenario_key) VALUES (356, 4);
INSERT INTO private.ckn_noun_scenarios (noun_key, scenario_key) VALUES (357, 4);
INSERT INTO private.ckn_noun_scenarios (noun_key, scenario_key) VALUES (358, 4);
INSERT INTO private.ckn_noun_scenarios (noun_key, scenario_key) VALUES (359, 4);
INSERT INTO private.ckn_noun_scenarios (noun_key, scenario_key) VALUES (360, 4);
INSERT INTO private.ckn_noun_scenarios (noun_key, scenario_key) VALUES (361, 4);
INSERT INTO private.ckn_noun_scenarios (noun_key, scenario_key) VALUES (362, 4);
INSERT INTO private.ckn_noun_scenarios (noun_key, scenario_key) VALUES (363, 4);
INSERT INTO private.ckn_noun_scenarios (noun_key, scenario_key) VALUES (364, 4);
INSERT INTO private.ckn_noun_scenarios (noun_key, scenario_key) VALUES (365, 4);
INSERT INTO private.ckn_noun_scenarios (noun_key, scenario_key) VALUES (366, 4);
INSERT INTO private.ckn_noun_scenarios (noun_key, scenario_key) VALUES (367, 4);
INSERT INTO private.ckn_noun_scenarios (noun_key, scenario_key) VALUES (368, 4);
INSERT INTO private.ckn_noun_scenarios (noun_key, scenario_key) VALUES (369, 4);
INSERT INTO private.ckn_noun_scenarios (noun_key, scenario_key) VALUES (370, 4);
INSERT INTO private.ckn_noun_scenarios (noun_key, scenario_key) VALUES (371, 4);
INSERT INTO private.ckn_noun_scenarios (noun_key, scenario_key) VALUES (372, 4);
INSERT INTO private.ckn_noun_scenarios (noun_key, scenario_key) VALUES (373, 4);
INSERT INTO private.ckn_noun_scenarios (noun_key, scenario_key) VALUES (374, 4);
INSERT INTO private.ckn_noun_scenarios (noun_key, scenario_key) VALUES (375, 4);
INSERT INTO private.ckn_noun_scenarios (noun_key, scenario_key) VALUES (376, 4);
INSERT INTO private.ckn_noun_scenarios (noun_key, scenario_key) VALUES (377, 4);
INSERT INTO private.ckn_noun_scenarios (noun_key, scenario_key) VALUES (378, 4);
INSERT INTO private.ckn_noun_scenarios (noun_key, scenario_key) VALUES (379, 4);
INSERT INTO private.ckn_noun_scenarios (noun_key, scenario_key) VALUES (380, 4);
INSERT INTO private.ckn_noun_scenarios (noun_key, scenario_key) VALUES (381, 4);
INSERT INTO private.ckn_noun_scenarios (noun_key, scenario_key) VALUES (382, 4);
INSERT INTO private.ckn_noun_scenarios (noun_key, scenario_key) VALUES (383, 4);
INSERT INTO private.ckn_noun_scenarios (noun_key, scenario_key) VALUES (89, 4);
INSERT INTO private.ckn_noun_scenarios (noun_key, scenario_key) VALUES (90, 4);
INSERT INTO private.ckn_noun_scenarios (noun_key, scenario_key) VALUES (384, 4);
INSERT INTO private.ckn_noun_scenarios (noun_key, scenario_key) VALUES (385, 4);
INSERT INTO private.ckn_noun_scenarios (noun_key, scenario_key) VALUES (386, 4);
INSERT INTO private.ckn_noun_scenarios (noun_key, scenario_key) VALUES (387, 4);
INSERT INTO private.ckn_noun_scenarios (noun_key, scenario_key) VALUES (388, 4);
INSERT INTO private.ckn_noun_scenarios (noun_key, scenario_key) VALUES (389, 4);
INSERT INTO private.ckn_noun_scenarios (noun_key, scenario_key) VALUES (203, 4);
INSERT INTO private.ckn_noun_scenarios (noun_key, scenario_key) VALUES (204, 4);
INSERT INTO private.ckn_noun_scenarios (noun_key, scenario_key) VALUES (390, 4);
INSERT INTO private.ckn_noun_scenarios (noun_key, scenario_key) VALUES (391, 4);
INSERT INTO private.ckn_noun_scenarios (noun_key, scenario_key) VALUES (205, 4);
INSERT INTO private.ckn_noun_scenarios (noun_key, scenario_key) VALUES (206, 4);
INSERT INTO private.ckn_noun_scenarios (noun_key, scenario_key) VALUES (392, 4);
INSERT INTO private.ckn_noun_scenarios (noun_key, scenario_key) VALUES (393, 4);
INSERT INTO private.ckn_noun_scenarios (noun_key, scenario_key) VALUES (109, 4);
INSERT INTO private.ckn_noun_scenarios (noun_key, scenario_key) VALUES (110, 4);
INSERT INTO private.ckn_noun_scenarios (noun_key, scenario_key) VALUES (394, 4);
INSERT INTO private.ckn_noun_scenarios (noun_key, scenario_key) VALUES (395, 4);
INSERT INTO private.ckn_noun_scenarios (noun_key, scenario_key) VALUES (396, 4);
INSERT INTO private.ckn_noun_scenarios (noun_key, scenario_key) VALUES (397, 4);
INSERT INTO private.ckn_noun_scenarios (noun_key, scenario_key) VALUES (398, 4);
INSERT INTO private.ckn_noun_scenarios (noun_key, scenario_key) VALUES (399, 4);
INSERT INTO private.ckn_noun_scenarios (noun_key, scenario_key) VALUES (400, 4);
INSERT INTO private.ckn_noun_scenarios (noun_key, scenario_key) VALUES (401, 4);
INSERT INTO private.ckn_noun_scenarios (noun_key, scenario_key) VALUES (402, 4);
INSERT INTO private.ckn_noun_scenarios (noun_key, scenario_key) VALUES (403, 4);
INSERT INTO private.ckn_noun_scenarios (noun_key, scenario_key) VALUES (404, 4);
INSERT INTO private.ckn_noun_scenarios (noun_key, scenario_key) VALUES (405, 4);
INSERT INTO private.ckn_noun_scenarios (noun_key, scenario_key) VALUES (406, 4);
INSERT INTO private.ckn_noun_scenarios (noun_key, scenario_key) VALUES (407, 4);
INSERT INTO private.ckn_noun_scenarios (noun_key, scenario_key) VALUES (408, 4);
INSERT INTO private.ckn_noun_scenarios (noun_key, scenario_key) VALUES (409, 4);
INSERT INTO private.ckn_noun_scenarios (noun_key, scenario_key) VALUES (133, 4);
INSERT INTO private.ckn_noun_scenarios (noun_key, scenario_key) VALUES (134, 4);
INSERT INTO private.ckn_noun_scenarios (noun_key, scenario_key) VALUES (410, 4);
INSERT INTO private.ckn_noun_scenarios (noun_key, scenario_key) VALUES (411, 4);
INSERT INTO private.ckn_noun_scenarios (noun_key, scenario_key) VALUES (412, 4);
INSERT INTO private.ckn_noun_scenarios (noun_key, scenario_key) VALUES (413, 4);
INSERT INTO private.ckn_noun_scenarios (noun_key, scenario_key) VALUES (414, 4);
INSERT INTO private.ckn_noun_scenarios (noun_key, scenario_key) VALUES (415, 4);
INSERT INTO private.ckn_noun_scenarios (noun_key, scenario_key) VALUES (416, 4);
INSERT INTO private.ckn_noun_scenarios (noun_key, scenario_key) VALUES (417, 4);
INSERT INTO private.ckn_noun_scenarios (noun_key, scenario_key) VALUES (418, 4);
INSERT INTO private.ckn_noun_scenarios (noun_key, scenario_key) VALUES (419, 4);
INSERT INTO private.ckn_noun_scenarios (noun_key, scenario_key) VALUES (147, 4);
INSERT INTO private.ckn_noun_scenarios (noun_key, scenario_key) VALUES (148, 4);
INSERT INTO private.ckn_noun_scenarios (noun_key, scenario_key) VALUES (420, 2);
INSERT INTO private.ckn_noun_scenarios (noun_key, scenario_key) VALUES (421, 2);
INSERT INTO private.ckn_noun_scenarios (noun_key, scenario_key) VALUES (422, 2);
INSERT INTO private.ckn_noun_scenarios (noun_key, scenario_key) VALUES (423, 2);
INSERT INTO private.ckn_noun_scenarios (noun_key, scenario_key) VALUES (424, 2);
INSERT INTO private.ckn_noun_scenarios (noun_key, scenario_key) VALUES (425, 2);
INSERT INTO private.ckn_noun_scenarios (noun_key, scenario_key) VALUES (427, 2);
INSERT INTO private.ckn_noun_scenarios (noun_key, scenario_key) VALUES (426, 2);
INSERT INTO private.ckn_noun_scenarios (noun_key, scenario_key) VALUES (428, 2);
INSERT INTO private.ckn_noun_scenarios (noun_key, scenario_key) VALUES (429, 2);
INSERT INTO private.ckn_noun_scenarios (noun_key, scenario_key) VALUES (430, 2);
INSERT INTO private.ckn_noun_scenarios (noun_key, scenario_key) VALUES (431, 2);
INSERT INTO private.ckn_noun_scenarios (noun_key, scenario_key) VALUES (432, 2);
INSERT INTO private.ckn_noun_scenarios (noun_key, scenario_key) VALUES (433, 2);
INSERT INTO private.ckn_noun_scenarios (noun_key, scenario_key) VALUES (434, 2);
INSERT INTO private.ckn_noun_scenarios (noun_key, scenario_key) VALUES (435, 2);
INSERT INTO private.ckn_noun_scenarios (noun_key, scenario_key) VALUES (436, 2);


--
-- Data for Name: ckn_tts_cache; Type: TABLE DATA; Schema: private; Owner: postgres
--

INSERT INTO private.ckn_tts_cache (tts_cache_key, tts_cache_signature, tts_cache_text, tts_cache_voice, tts_cache_language, tts_cache_usage_count, tts_cache_last_used, tts_cache_created) VALUES (5, 'a03678c8ceeb351419a24b3bc1a747a3e42e7de8164e9a898ee4657c6f898a06', 'tienen una mesa disponible para esta noche?', 'es-US-Wavenet-B', 'es-US', 2, '2025-06-10 20:48:11.397325+00', '2025-06-10 20:48:11.397325+00');
INSERT INTO private.ckn_tts_cache (tts_cache_key, tts_cache_signature, tts_cache_text, tts_cache_voice, tts_cache_language, tts_cache_usage_count, tts_cache_last_used, tts_cache_created) VALUES (9, 'ba2353695bedfac7ca1427be8187ea9faff827d0ecf94076455d050c37966cc9', 'sí, tenemos mesas disponibles.', 'es-US-Wavenet-A', 'es-US', 2, '2025-06-10 20:48:12.359059+00', '2025-06-10 20:48:12.359059+00');
INSERT INTO private.ckn_tts_cache (tts_cache_key, tts_cache_signature, tts_cache_text, tts_cache_voice, tts_cache_language, tts_cache_usage_count, tts_cache_last_used, tts_cache_created) VALUES (13, '00f3dfdbbcca5eb06db65a7ff41bc8272f49a3e4a0e031b6f79b93ecf8f71701', 'qué plato me recomiendas?', 'es-US-Wavenet-A', 'es-US', 2, '2025-06-10 20:55:32.344828+00', '2025-06-10 20:55:32.344828+00');
INSERT INTO private.ckn_tts_cache (tts_cache_key, tts_cache_signature, tts_cache_text, tts_cache_voice, tts_cache_language, tts_cache_usage_count, tts_cache_last_used, tts_cache_created) VALUES (17, '0170cf2389dd0d6236278e65b57517b1c7272a352f9442a4a45abb02960bcb52', 'te recomiendo el ceviche peruano, es muy rico.', 'es-US-Wavenet-B', 'es-US', 2, '2025-06-10 20:55:33.550291+00', '2025-06-10 20:55:33.550291+00');
INSERT INTO private.ckn_tts_cache (tts_cache_key, tts_cache_signature, tts_cache_text, tts_cache_voice, tts_cache_language, tts_cache_usage_count, tts_cache_last_used, tts_cache_created) VALUES (21, '9104e1bb53f17d03fe9a801b153fc6c3263633c4ea70417d582d68a26cf03ecf', 'perfecto, entonces quiero eso por favor.', 'es-US-Wavenet-A', 'es-US', 2, '2025-06-10 20:55:34.570309+00', '2025-06-10 20:55:34.570309+00');
INSERT INTO private.ckn_tts_cache (tts_cache_key, tts_cache_signature, tts_cache_text, tts_cache_voice, tts_cache_language, tts_cache_usage_count, tts_cache_last_used, tts_cache_created) VALUES (25, '6017b4c6562855aa38421850e3587bfe63d14d8e2f853b2df9789fbc313f3232', 'cómo estás?', 'es-US-Wavenet-B', 'es-US', 2, '2025-06-10 21:00:33.916035+00', '2025-06-10 21:00:33.916035+00');
INSERT INTO private.ckn_tts_cache (tts_cache_key, tts_cache_signature, tts_cache_text, tts_cache_voice, tts_cache_language, tts_cache_usage_count, tts_cache_last_used, tts_cache_created) VALUES (29, '6b42e5f6ba9d147391aaf12fd6716b39ca5f89fe263711d733fb60caa069fcc3', 'bien, gracias.', 'es-US-Wavenet-A', 'es-US', 2, '2025-06-10 21:00:35.122779+00', '2025-06-10 21:00:35.122779+00');
INSERT INTO private.ckn_tts_cache (tts_cache_key, tts_cache_signature, tts_cache_text, tts_cache_voice, tts_cache_language, tts_cache_usage_count, tts_cache_last_used, tts_cache_created) VALUES (33, '67ca0e5857eeb2f8bc956f0f3fa674ca0014be9d847c0a272d354c5f6e97b4e4', 'en cuántas personas es la reservación?', 'es-US-Wavenet-A', 'es-US', 2, '2025-06-10 21:00:36.241446+00', '2025-06-10 21:00:36.241446+00');
INSERT INTO private.ckn_tts_cache (tts_cache_key, tts_cache_signature, tts_cache_text, tts_cache_voice, tts_cache_language, tts_cache_usage_count, tts_cache_last_used, tts_cache_created) VALUES (109, '7c8f38b289dd255ce1db3c593520e21476d0719205a89c7cf354599dab30cdb0', 'buenas noches, señorita.', 'es-US-Wavenet-B', 'es-US', 8, '2025-06-21 10:07:33.767012+00', '2025-06-21 10:01:01.618059+00');
INSERT INTO private.ckn_tts_cache (tts_cache_key, tts_cache_signature, tts_cache_text, tts_cache_voice, tts_cache_language, tts_cache_usage_count, tts_cache_last_used, tts_cache_created) VALUES (113, '61fe98b255ee591b9f07f99a4dd4329e833f601ac49a7f7698f4bfb3ccc66e84', 'han pedido la cuenta?', 'es-US-Wavenet-B', 'es-US', 8, '2025-06-21 10:07:34.203361+00', '2025-06-21 10:01:02.824245+00');
INSERT INTO private.ckn_tts_cache (tts_cache_key, tts_cache_signature, tts_cache_text, tts_cache_voice, tts_cache_language, tts_cache_usage_count, tts_cache_last_used, tts_cache_created) VALUES (117, '6b7a2e4010dd06133395accf669241d66fb985ab7c2095966af0a87806e76c5f', 'sí, ya hemos pedido la cuenta y el jugo está incluido.', 'es-US-Wavenet-A', 'es-US', 8, '2025-06-21 10:07:34.638102+00', '2025-06-21 10:01:03.924592+00');
INSERT INTO private.ckn_tts_cache (tts_cache_key, tts_cache_signature, tts_cache_text, tts_cache_voice, tts_cache_language, tts_cache_usage_count, tts_cache_last_used, tts_cache_created) VALUES (121, '9fdf2c9bbe5739127996d7583c55ae28544e2b02ed5650df39872f67f42348c4', 'necesitan algo más?', 'es-US-Wavenet-B', 'es-US', 8, '2025-06-21 10:07:35.120669+00', '2025-06-21 10:01:04.851732+00');
INSERT INTO private.ckn_tts_cache (tts_cache_key, tts_cache_signature, tts_cache_text, tts_cache_voice, tts_cache_language, tts_cache_usage_count, tts_cache_last_used, tts_cache_created) VALUES (81, 'bb9acd990de9223e223dd6bf718ff7a219aff091e185e0009c36e03921a51c26', 'tienen reservación?', 'es-US-Wavenet-B', 'es-US', 13, '2025-06-21 01:27:23.114933+00', '2025-06-20 22:26:00.393262+00');
INSERT INTO private.ckn_tts_cache (tts_cache_key, tts_cache_signature, tts_cache_text, tts_cache_voice, tts_cache_language, tts_cache_usage_count, tts_cache_last_used, tts_cache_created) VALUES (125, 'b2ade6f4fddf7e3017785d7e956ddccb551acd4cdcd400d09458cf07f27ac5a6', 'no, todo está bien.', 'es-US-Wavenet-A', 'es-US', 8, '2025-06-21 10:07:35.533396+00', '2025-06-21 10:01:05.71142+00');
INSERT INTO private.ckn_tts_cache (tts_cache_key, tts_cache_signature, tts_cache_text, tts_cache_voice, tts_cache_language, tts_cache_usage_count, tts_cache_last_used, tts_cache_created) VALUES (85, 'bceb2025b753386e2fc86b7ba27cd79c3ff80df919902ff31b11718efa36089d', 'sí, a nombre de garcía.', 'es-US-Wavenet-A', 'es-US', 13, '2025-06-21 01:27:23.523985+00', '2025-06-20 22:26:01.574324+00');
INSERT INTO private.ckn_tts_cache (tts_cache_key, tts_cache_signature, tts_cache_text, tts_cache_voice, tts_cache_language, tts_cache_usage_count, tts_cache_last_used, tts_cache_created) VALUES (49, '0e1589b2d025e8a22cae2c24dea6093b9971ed429d6e8a416cedfc77f88e6126', 'perfecto.', 'es-US-Wavenet-B', 'es-US', 16, '2025-06-21 01:27:23.868725+00', '2025-06-20 21:19:32.039385+00');
INSERT INTO private.ckn_tts_cache (tts_cache_key, tts_cache_signature, tts_cache_text, tts_cache_voice, tts_cache_language, tts_cache_usage_count, tts_cache_last_used, tts_cache_created) VALUES (129, '39dc326f922d0c14cc4cd1862bfb377697830cf54cd94dd75f76d19091d31b8d', 'vamos a pagar en efectivo.', 'es-US-Wavenet-A', 'es-US', 8, '2025-06-21 10:07:35.875567+00', '2025-06-21 10:01:06.65498+00');
INSERT INTO private.ckn_tts_cache (tts_cache_key, tts_cache_signature, tts_cache_text, tts_cache_voice, tts_cache_language, tts_cache_usage_count, tts_cache_last_used, tts_cache_created) VALUES (89, '949d843487185241883b71b4255c7a887c8ded2628064c545a5d9654f10de1d1', 'por favor, síganme a su mesa.', 'es-US-Wavenet-B', 'es-US', 13, '2025-06-21 01:27:24.230021+00', '2025-06-20 22:26:03.190121+00');
INSERT INTO private.ckn_tts_cache (tts_cache_key, tts_cache_signature, tts_cache_text, tts_cache_voice, tts_cache_language, tts_cache_usage_count, tts_cache_last_used, tts_cache_created) VALUES (1, 'a80897215bfeca30c04e7796c593f66024daf5a1d18107671fd6f759cfa8ddd8', 'hola!', 'es-US-Wavenet-B', 'es-US', 23, '2025-06-21 10:44:09.816762+00', '2025-06-10 20:48:09.98827+00');
INSERT INTO private.ckn_tts_cache (tts_cache_key, tts_cache_signature, tts_cache_text, tts_cache_voice, tts_cache_language, tts_cache_usage_count, tts_cache_last_used, tts_cache_created) VALUES (97, '7788083c2d005d3f20b7b22cb467c7939ce24b804b6a2ae2e2f42dd3e75f23a1', 'tienen reserva?', 'es-US-Wavenet-B', 'es-US', 2, '2025-06-21 01:57:40.118299+00', '2025-06-21 01:57:40.118299+00');
INSERT INTO private.ckn_tts_cache (tts_cache_key, tts_cache_signature, tts_cache_text, tts_cache_voice, tts_cache_language, tts_cache_usage_count, tts_cache_last_used, tts_cache_created) VALUES (133, 'a1e4dec989776f1e54cef1d20433717b2556a59a8ad7fa9316d5e6fe83ed9a82', 'desean ver el menú?', 'es-US-Wavenet-A', 'es-US', 2, '2025-06-21 10:44:11.086386+00', '2025-06-21 10:44:11.086386+00');
INSERT INTO private.ckn_tts_cache (tts_cache_key, tts_cache_signature, tts_cache_text, tts_cache_voice, tts_cache_language, tts_cache_usage_count, tts_cache_last_used, tts_cache_created) VALUES (101, 'eac04711e529bb67d8a29d14788f373c4be0e707f72a9cce00824b8b9735ed29', 'sí, bajo el nombre de pérez.', 'es-US-Wavenet-A', 'es-US', 2, '2025-06-21 01:57:41.285415+00', '2025-06-21 01:57:41.285415+00');
INSERT INTO private.ckn_tts_cache (tts_cache_key, tts_cache_signature, tts_cache_text, tts_cache_voice, tts_cache_language, tts_cache_usage_count, tts_cache_last_used, tts_cache_created) VALUES (41, '2fd1ae8c2f064fc9519bf809bd1641727eb4fd8366bbaf8d0646252ef3bb2bb5', 'sí, por favor.', 'es-US-Wavenet-A', 'es-US', 10, '2025-06-21 10:44:11.620099+00', '2025-06-20 21:19:29.976446+00');
INSERT INTO private.ckn_tts_cache (tts_cache_key, tts_cache_signature, tts_cache_text, tts_cache_voice, tts_cache_language, tts_cache_usage_count, tts_cache_last_used, tts_cache_created) VALUES (105, 'ba73bd78052b6829f9625652c5b71086e4e3e0db826b7e96363d4b67889238d2', 'perfecto, síganme a su mesa.', 'es-US-Wavenet-B', 'es-US', 2, '2025-06-21 01:57:42.179038+00', '2025-06-21 01:57:42.179038+00');
INSERT INTO private.ckn_tts_cache (tts_cache_key, tts_cache_signature, tts_cache_text, tts_cache_voice, tts_cache_language, tts_cache_usage_count, tts_cache_last_used, tts_cache_created) VALUES (137, 'ee5318fcfec6817a9a782599609f2bb7e40806cee097921e879f2731d091d9e7', 'cuál es el plato del día?', 'es-US-Wavenet-B', 'es-US', 2, '2025-06-21 10:44:12.633602+00', '2025-06-21 10:44:12.633602+00');
INSERT INTO private.ckn_tts_cache (tts_cache_key, tts_cache_signature, tts_cache_text, tts_cache_voice, tts_cache_language, tts_cache_usage_count, tts_cache_last_used, tts_cache_created) VALUES (141, '546ff3ccf60149c4e9bd7cf2877df278b183f076b90978fa542790dd58c50f30', 'hoy tenemos una deliciosa ensalada de la casa.', 'es-US-Wavenet-A', 'es-US', 2, '2025-06-21 10:44:13.792699+00', '2025-06-21 10:44:13.792699+00');
INSERT INTO private.ckn_tts_cache (tts_cache_key, tts_cache_signature, tts_cache_text, tts_cache_voice, tts_cache_language, tts_cache_usage_count, tts_cache_last_used, tts_cache_created) VALUES (145, '869bc6d4d69d56bf77895590fe5ac60c26242f68116c161c0487aeabf8e66a60', 'perfecto, vamos a querer eso.', 'es-US-Wavenet-B', 'es-US', 2, '2025-06-21 10:44:14.740219+00', '2025-06-21 10:44:14.740219+00');
INSERT INTO private.ckn_tts_cache (tts_cache_key, tts_cache_signature, tts_cache_text, tts_cache_voice, tts_cache_language, tts_cache_usage_count, tts_cache_last_used, tts_cache_created) VALUES (149, '55548b5e56f5810ab68076e669c282c71445966c175af840e53d2081f91fb5ed', 'desean algo de beber?', 'es-US-Wavenet-A', 'es-US', 2, '2025-06-21 10:44:15.809724+00', '2025-06-21 10:44:15.809724+00');
INSERT INTO private.ckn_tts_cache (tts_cache_key, tts_cache_signature, tts_cache_text, tts_cache_voice, tts_cache_language, tts_cache_usage_count, tts_cache_last_used, tts_cache_created) VALUES (153, 'e832b28314f7fcad2a82a0a4f4baa6d7d975456905d33c543dcff60da89c8307', 'una cerveza para mí, por favor.', 'es-US-Wavenet-B', 'es-US', 2, '2025-06-21 10:44:16.780329+00', '2025-06-21 10:44:16.780329+00');
INSERT INTO private.ckn_tts_cache (tts_cache_key, tts_cache_signature, tts_cache_text, tts_cache_voice, tts_cache_language, tts_cache_usage_count, tts_cache_last_used, tts_cache_created) VALUES (37, 'c4a303ff3f3340dcb517e6cea6e75677e603435a1fd0650191a8421977147ff2', 'les gustaría algo de beber?', 'es-US-Wavenet-B', 'es-US', 4, '2025-06-20 21:19:48.234639+00', '2025-06-20 21:19:28.652127+00');
INSERT INTO private.ckn_tts_cache (tts_cache_key, tts_cache_signature, tts_cache_text, tts_cache_voice, tts_cache_language, tts_cache_usage_count, tts_cache_last_used, tts_cache_created) VALUES (161, '9bf467b9efa95744b4ad7448eeb041e437719daa403d6837546af7ab493b6cc1', 'tiene una reserva?', 'es-US-Wavenet-A', 'es-US', 13, '2025-06-21 13:55:09.545823+00', '2025-06-21 10:46:29.628125+00');
INSERT INTO private.ckn_tts_cache (tts_cache_key, tts_cache_signature, tts_cache_text, tts_cache_voice, tts_cache_language, tts_cache_usage_count, tts_cache_last_used, tts_cache_created) VALUES (45, '4f0233bccf900adb271cb5fd7ab66b1322b14abec1d74c827ce473548076d665', 'quisiéramos dos jugos de naranja.', 'es-US-Wavenet-A', 'es-US', 4, '2025-06-20 21:19:49.049238+00', '2025-06-20 21:19:31.101552+00');
INSERT INTO private.ckn_tts_cache (tts_cache_key, tts_cache_signature, tts_cache_text, tts_cache_voice, tts_cache_language, tts_cache_usage_count, tts_cache_last_used, tts_cache_created) VALUES (165, 'a326dc60c4d4426fe7f7b2c84a1b89c6d44a82096cf36ec9e4feb78217950254', 'sí, mi nombre es juan.', 'es-US-Wavenet-B', 'es-US', 11, '2025-06-21 13:55:09.853535+00', '2025-06-21 10:46:30.675339+00');
INSERT INTO private.ckn_tts_cache (tts_cache_key, tts_cache_signature, tts_cache_text, tts_cache_voice, tts_cache_language, tts_cache_usage_count, tts_cache_last_used, tts_cache_created) VALUES (53, '6fdd627ca695cfd4800dd30095109ba859bacbf77bcab1921367ac12facc07e4', 'y para comer?', 'es-US-Wavenet-B', 'es-US', 4, '2025-06-20 21:19:49.874846+00', '2025-06-20 21:19:33.226949+00');
INSERT INTO private.ckn_tts_cache (tts_cache_key, tts_cache_signature, tts_cache_text, tts_cache_voice, tts_cache_language, tts_cache_usage_count, tts_cache_last_used, tts_cache_created) VALUES (169, 'f5594e82ea11624fc3ca9ac10d425f491b006524979e7feb68027332522ccf60', 'tengo una reserva a nombre de rodríguez.', 'es-US-Wavenet-B', 'es-US', 11, '2025-06-21 13:55:10.197595+00', '2025-06-21 10:46:31.745483+00');
INSERT INTO private.ckn_tts_cache (tts_cache_key, tts_cache_signature, tts_cache_text, tts_cache_voice, tts_cache_language, tts_cache_usage_count, tts_cache_last_used, tts_cache_created) VALUES (57, '5a3efbe817a62368a30db6922e00f602a92abf5f1378db8f62df043f9e6a66da', 'les traigo el menú?', 'es-US-Wavenet-B', 'es-US', 4, '2025-06-20 21:19:50.223785+00', '2025-06-20 21:19:34.168779+00');
INSERT INTO private.ckn_tts_cache (tts_cache_key, tts_cache_signature, tts_cache_text, tts_cache_voice, tts_cache_language, tts_cache_usage_count, tts_cache_last_used, tts_cache_created) VALUES (173, '8d98e7c59efec717849d2b169c1cbc021cf82a200e184a98ed420827be8d75ac', 'perfecto, por favor sígame.', 'es-US-Wavenet-A', 'es-US', 11, '2025-06-21 13:55:10.526151+00', '2025-06-21 10:46:32.807629+00');
INSERT INTO private.ckn_tts_cache (tts_cache_key, tts_cache_signature, tts_cache_text, tts_cache_voice, tts_cache_language, tts_cache_usage_count, tts_cache_last_used, tts_cache_created) VALUES (93, '530406055c0a6accef7996d690d11a5d738105c746f2edc7917fd546591d21a3', 'gracias.', 'es-US-Wavenet-A', 'es-US', 25, '2025-06-21 13:55:11.0186+00', '2025-06-20 22:26:04.177712+00');
INSERT INTO private.ckn_tts_cache (tts_cache_key, tts_cache_signature, tts_cache_text, tts_cache_voice, tts_cache_language, tts_cache_usage_count, tts_cache_last_used, tts_cache_created) VALUES (61, 'bb36d13963b075917571ea0eb30e36ec3b2f52f51a2b85b08bb0f9c6560ece68', 'cuál es la especialidad de la casa?', 'es-US-Wavenet-A', 'es-US', 4, '2025-06-20 21:19:51.010529+00', '2025-06-20 21:19:35.56413+00');
INSERT INTO private.ckn_tts_cache (tts_cache_key, tts_cache_signature, tts_cache_text, tts_cache_voice, tts_cache_language, tts_cache_usage_count, tts_cache_last_used, tts_cache_created) VALUES (65, '99e798176f2ae337819ce887e3721e899b40f80918ce063a4fff9051648ee3e9', 'nuestra especialidad es el plato principal de carne asada.', 'es-US-Wavenet-B', 'es-US', 4, '2025-06-20 21:19:51.399433+00', '2025-06-20 21:19:36.607531+00');
INSERT INTO private.ckn_tts_cache (tts_cache_key, tts_cache_signature, tts_cache_text, tts_cache_voice, tts_cache_language, tts_cache_usage_count, tts_cache_last_used, tts_cache_created) VALUES (157, 'e758885b27654afc1164a3c262d5ac99b8d4aeef233480f9b276baebc86b63c7', 'bienvenido al restaurante!', 'es-US-Wavenet-A', 'es-US', 17, '2025-06-21 13:56:10.410183+00', '2025-06-21 10:46:28.341393+00');
INSERT INTO private.ckn_tts_cache (tts_cache_key, tts_cache_signature, tts_cache_text, tts_cache_voice, tts_cache_language, tts_cache_usage_count, tts_cache_last_used, tts_cache_created) VALUES (69, '726229ae3a7b8d5f74469b67d2766e26e70a1457deefd6794fb2a1d347980fd2', 'les interesa?', 'es-US-Wavenet-B', 'es-US', 4, '2025-06-20 21:19:51.789864+00', '2025-06-20 21:19:37.57184+00');
INSERT INTO private.ckn_tts_cache (tts_cache_key, tts_cache_signature, tts_cache_text, tts_cache_voice, tts_cache_language, tts_cache_usage_count, tts_cache_last_used, tts_cache_created) VALUES (73, '6ee793a3e395acc9a9beeafebbb78bf37e6220c51caf83ffee9c57af51fb567f', 'suena delicioso!', 'es-US-Wavenet-A', 'es-US', 4, '2025-06-20 21:19:52.188277+00', '2025-06-20 21:19:38.517404+00');
INSERT INTO private.ckn_tts_cache (tts_cache_key, tts_cache_signature, tts_cache_text, tts_cache_voice, tts_cache_language, tts_cache_usage_count, tts_cache_last_used, tts_cache_created) VALUES (77, '8b1cf334316f4ca9da213d5ad66c4f4f5a063396bc07eabaddb55e08e554564f', 'vamos a probarlo, por favor.', 'es-US-Wavenet-A', 'es-US', 4, '2025-06-20 21:19:52.515966+00', '2025-06-20 21:19:39.471427+00');
INSERT INTO private.ckn_tts_cache (tts_cache_key, tts_cache_signature, tts_cache_text, tts_cache_voice, tts_cache_language, tts_cache_usage_count, tts_cache_last_used, tts_cache_created) VALUES (177, 'cb7402c47eeb436f07425bd2cd7b7d2b09077426655019b7e083ad2c4ccaa0ca', 'su mesa está lista en la cocina.', 'es-US-Wavenet-A', 'es-US', 11, '2025-06-21 13:55:11.016224+00', '2025-06-21 10:46:33.618636+00');


--
-- Data for Name: ckn_verb_base; Type: TABLE DATA; Schema: private; Owner: postgres
--

INSERT INTO private.ckn_verb_base (verb_base_key, verb_base) VALUES (1, 'announce');
INSERT INTO private.ckn_verb_base (verb_base_key, verb_base) VALUES (3, 'answer');
INSERT INTO private.ckn_verb_base (verb_base_key, verb_base) VALUES (5, 'arrange');
INSERT INTO private.ckn_verb_base (verb_base_key, verb_base) VALUES (7, 'arrive');
INSERT INTO private.ckn_verb_base (verb_base_key, verb_base) VALUES (9, 'ask');
INSERT INTO private.ckn_verb_base (verb_base_key, verb_base) VALUES (11, 'board');
INSERT INTO private.ckn_verb_base (verb_base_key, verb_base) VALUES (13, 'buy');
INSERT INTO private.ckn_verb_base (verb_base_key, verb_base) VALUES (15, 'call');
INSERT INTO private.ckn_verb_base (verb_base_key, verb_base) VALUES (17, 'cancel');
INSERT INTO private.ckn_verb_base (verb_base_key, verb_base) VALUES (19, 'carry');
INSERT INTO private.ckn_verb_base (verb_base_key, verb_base) VALUES (21, 'check');
INSERT INTO private.ckn_verb_base (verb_base_key, verb_base) VALUES (23, 'checkin');
INSERT INTO private.ckn_verb_base (verb_base_key, verb_base) VALUES (25, 'claim');
INSERT INTO private.ckn_verb_base (verb_base_key, verb_base) VALUES (27, 'close');
INSERT INTO private.ckn_verb_base (verb_base_key, verb_base) VALUES (29, 'delay');
INSERT INTO private.ckn_verb_base (verb_base_key, verb_base) VALUES (31, 'depart');
INSERT INTO private.ckn_verb_base (verb_base_key, verb_base) VALUES (33, 'direct');
INSERT INTO private.ckn_verb_base (verb_base_key, verb_base) VALUES (35, 'drop');
INSERT INTO private.ckn_verb_base (verb_base_key, verb_base) VALUES (37, 'explain');
INSERT INTO private.ckn_verb_base (verb_base_key, verb_base) VALUES (39, 'fasten');
INSERT INTO private.ckn_verb_base (verb_base_key, verb_base) VALUES (41, 'fly');
INSERT INTO private.ckn_verb_base (verb_base_key, verb_base) VALUES (43, 'follow');
INSERT INTO private.ckn_verb_base (verb_base_key, verb_base) VALUES (45, 'go');
INSERT INTO private.ckn_verb_base (verb_base_key, verb_base) VALUES (47, 'guide');
INSERT INTO private.ckn_verb_base (verb_base_key, verb_base) VALUES (49, 'help');
INSERT INTO private.ckn_verb_base (verb_base_key, verb_base) VALUES (51, 'inform');
INSERT INTO private.ckn_verb_base (verb_base_key, verb_base) VALUES (53, 'inspect');
INSERT INTO private.ckn_verb_base (verb_base_key, verb_base) VALUES (55, 'land');
INSERT INTO private.ckn_verb_base (verb_base_key, verb_base) VALUES (57, 'leave');
INSERT INTO private.ckn_verb_base (verb_base_key, verb_base) VALUES (59, 'listen');
INSERT INTO private.ckn_verb_base (verb_base_key, verb_base) VALUES (61, 'load');
INSERT INTO private.ckn_verb_base (verb_base_key, verb_base) VALUES (63, 'open');
INSERT INTO private.ckn_verb_base (verb_base_key, verb_base) VALUES (65, 'pack');
INSERT INTO private.ckn_verb_base (verb_base_key, verb_base) VALUES (67, 'pay');
INSERT INTO private.ckn_verb_base (verb_base_key, verb_base) VALUES (69, 'plan');
INSERT INTO private.ckn_verb_base (verb_base_key, verb_base) VALUES (71, 'present');
INSERT INTO private.ckn_verb_base (verb_base_key, verb_base) VALUES (73, 'print');
INSERT INTO private.ckn_verb_base (verb_base_key, verb_base) VALUES (75, 'read');
INSERT INTO private.ckn_verb_base (verb_base_key, verb_base) VALUES (77, 'reschedule');
INSERT INTO private.ckn_verb_base (verb_base_key, verb_base) VALUES (79, 'run');
INSERT INTO private.ckn_verb_base (verb_base_key, verb_base) VALUES (81, 'say');
INSERT INTO private.ckn_verb_base (verb_base_key, verb_base) VALUES (83, 'scan');
INSERT INTO private.ckn_verb_base (verb_base_key, verb_base) VALUES (85, 'search');
INSERT INTO private.ckn_verb_base (verb_base_key, verb_base) VALUES (87, 'show');
INSERT INTO private.ckn_verb_base (verb_base_key, verb_base) VALUES (89, 'showup');
INSERT INTO private.ckn_verb_base (verb_base_key, verb_base) VALUES (91, 'sit');
INSERT INTO private.ckn_verb_base (verb_base_key, verb_base) VALUES (93, 'speak');
INSERT INTO private.ckn_verb_base (verb_base_key, verb_base) VALUES (95, 'stand');
INSERT INTO private.ckn_verb_base (verb_base_key, verb_base) VALUES (97, 'tell');
INSERT INTO private.ckn_verb_base (verb_base_key, verb_base) VALUES (99, 'transport');
INSERT INTO private.ckn_verb_base (verb_base_key, verb_base) VALUES (101, 'travel');
INSERT INTO private.ckn_verb_base (verb_base_key, verb_base) VALUES (103, 'understand');
INSERT INTO private.ckn_verb_base (verb_base_key, verb_base) VALUES (105, 'unload');
INSERT INTO private.ckn_verb_base (verb_base_key, verb_base) VALUES (107, 'unpack');
INSERT INTO private.ckn_verb_base (verb_base_key, verb_base) VALUES (109, 'wait');
INSERT INTO private.ckn_verb_base (verb_base_key, verb_base) VALUES (111, 'walk');
INSERT INTO private.ckn_verb_base (verb_base_key, verb_base) VALUES (113, 'adjust');
INSERT INTO private.ckn_verb_base (verb_base_key, verb_base) VALUES (121, 'askfor');
INSERT INTO private.ckn_verb_base (verb_base_key, verb_base) VALUES (123, 'book');
INSERT INTO private.ckn_verb_base (verb_base_key, verb_base) VALUES (125, 'bring');
INSERT INTO private.ckn_verb_base (verb_base_key, verb_base) VALUES (129, 'callfor');
INSERT INTO private.ckn_verb_base (verb_base_key, verb_base) VALUES (135, 'change');
INSERT INTO private.ckn_verb_base (verb_base_key, verb_base) VALUES (137, 'charge');
INSERT INTO private.ckn_verb_base (verb_base_key, verb_base) VALUES (143, 'checkout');
INSERT INTO private.ckn_verb_base (verb_base_key, verb_base) VALUES (145, 'clean');
INSERT INTO private.ckn_verb_base (verb_base_key, verb_base) VALUES (149, 'come');
INSERT INTO private.ckn_verb_base (verb_base_key, verb_base) VALUES (151, 'complain');
INSERT INTO private.ckn_verb_base (verb_base_key, verb_base) VALUES (153, 'confirm');
INSERT INTO private.ckn_verb_base (verb_base_key, verb_base) VALUES (155, 'connect');
INSERT INTO private.ckn_verb_base (verb_base_key, verb_base) VALUES (157, 'disconnect');
INSERT INTO private.ckn_verb_base (verb_base_key, verb_base) VALUES (159, 'enjoy');
INSERT INTO private.ckn_verb_base (verb_base_key, verb_base) VALUES (161, 'find');
INSERT INTO private.ckn_verb_base (verb_base_key, verb_base) VALUES (163, 'fix');
INSERT INTO private.ckn_verb_base (verb_base_key, verb_base) VALUES (165, 'forget');
INSERT INTO private.ckn_verb_base (verb_base_key, verb_base) VALUES (169, 'have');
INSERT INTO private.ckn_verb_base (verb_base_key, verb_base) VALUES (175, 'lock');
INSERT INTO private.ckn_verb_base (verb_base_key, verb_base) VALUES (177, 'lose');
INSERT INTO private.ckn_verb_base (verb_base_key, verb_base) VALUES (179, 'move');
INSERT INTO private.ckn_verb_base (verb_base_key, verb_base) VALUES (181, 'need');
INSERT INTO private.ckn_verb_base (verb_base_key, verb_base) VALUES (189, 'remember');
INSERT INTO private.ckn_verb_base (verb_base_key, verb_base) VALUES (191, 'repair');
INSERT INTO private.ckn_verb_base (verb_base_key, verb_base) VALUES (193, 'replace');
INSERT INTO private.ckn_verb_base (verb_base_key, verb_base) VALUES (195, 'request');
INSERT INTO private.ckn_verb_base (verb_base_key, verb_base) VALUES (197, 'reserve');
INSERT INTO private.ckn_verb_base (verb_base_key, verb_base) VALUES (201, 'sleep');
INSERT INTO private.ckn_verb_base (verb_base_key, verb_base) VALUES (203, 'sleepin');
INSERT INTO private.ckn_verb_base (verb_base_key, verb_base) VALUES (205, 'stay');
INSERT INTO private.ckn_verb_base (verb_base_key, verb_base) VALUES (207, 'switch');
INSERT INTO private.ckn_verb_base (verb_base_key, verb_base) VALUES (209, 'tidy');
INSERT INTO private.ckn_verb_base (verb_base_key, verb_base) VALUES (211, 'turn');
INSERT INTO private.ckn_verb_base (verb_base_key, verb_base) VALUES (213, 'turnoff');
INSERT INTO private.ckn_verb_base (verb_base_key, verb_base) VALUES (215, 'turnon');
INSERT INTO private.ckn_verb_base (verb_base_key, verb_base) VALUES (217, 'unlock');
INSERT INTO private.ckn_verb_base (verb_base_key, verb_base) VALUES (219, 'use');
INSERT INTO private.ckn_verb_base (verb_base_key, verb_base) VALUES (223, 'wake');
INSERT INTO private.ckn_verb_base (verb_base_key, verb_base) VALUES (225, 'want');
INSERT INTO private.ckn_verb_base (verb_base_key, verb_base) VALUES (237, 'choose');
INSERT INTO private.ckn_verb_base (verb_base_key, verb_base) VALUES (243, 'cook');
INSERT INTO private.ckn_verb_base (verb_base_key, verb_base) VALUES (245, 'count');
INSERT INTO private.ckn_verb_base (verb_base_key, verb_base) VALUES (247, 'deliver');
INSERT INTO private.ckn_verb_base (verb_base_key, verb_base) VALUES (249, 'dislike');
INSERT INTO private.ckn_verb_base (verb_base_key, verb_base) VALUES (251, 'drink');
INSERT INTO private.ckn_verb_base (verb_base_key, verb_base) VALUES (253, 'eat');
INSERT INTO private.ckn_verb_base (verb_base_key, verb_base) VALUES (255, 'eatout');
INSERT INTO private.ckn_verb_base (verb_base_key, verb_base) VALUES (259, 'enter');
INSERT INTO private.ckn_verb_base (verb_base_key, verb_base) VALUES (261, 'finish');
INSERT INTO private.ckn_verb_base (verb_base_key, verb_base) VALUES (265, 'greet');
INSERT INTO private.ckn_verb_base (verb_base_key, verb_base) VALUES (267, 'invite');
INSERT INTO private.ckn_verb_base (verb_base_key, verb_base) VALUES (271, 'like');
INSERT INTO private.ckn_verb_base (verb_base_key, verb_base) VALUES (275, 'order');
INSERT INTO private.ckn_verb_base (verb_base_key, verb_base) VALUES (281, 'prefer');
INSERT INTO private.ckn_verb_base (verb_base_key, verb_base) VALUES (283, 'prepare');
INSERT INTO private.ckn_verb_base (verb_base_key, verb_base) VALUES (289, 'recommend');
INSERT INTO private.ckn_verb_base (verb_base_key, verb_base) VALUES (291, 'refill');
INSERT INTO private.ckn_verb_base (verb_base_key, verb_base) VALUES (295, 'seat');
INSERT INTO private.ckn_verb_base (verb_base_key, verb_base) VALUES (297, 'serve');
INSERT INTO private.ckn_verb_base (verb_base_key, verb_base) VALUES (299, 'share');
INSERT INTO private.ckn_verb_base (verb_base_key, verb_base) VALUES (301, 'sign');
INSERT INTO private.ckn_verb_base (verb_base_key, verb_base) VALUES (305, 'smile');
INSERT INTO private.ckn_verb_base (verb_base_key, verb_base) VALUES (307, 'spill');
INSERT INTO private.ckn_verb_base (verb_base_key, verb_base) VALUES (309, 'split');
INSERT INTO private.ckn_verb_base (verb_base_key, verb_base) VALUES (313, 'start');
INSERT INTO private.ckn_verb_base (verb_base_key, verb_base) VALUES (315, 'suggest');
INSERT INTO private.ckn_verb_base (verb_base_key, verb_base) VALUES (317, 'take');
INSERT INTO private.ckn_verb_base (verb_base_key, verb_base) VALUES (319, 'taste');
INSERT INTO private.ckn_verb_base (verb_base_key, verb_base) VALUES (321, 'thank');
INSERT INTO private.ckn_verb_base (verb_base_key, verb_base) VALUES (323, 'tip');
INSERT INTO private.ckn_verb_base (verb_base_key, verb_base) VALUES (325, 'try');
INSERT INTO private.ckn_verb_base (verb_base_key, verb_base) VALUES (331, 'wash');
INSERT INTO private.ckn_verb_base (verb_base_key, verb_base) VALUES (333, 'write');
INSERT INTO private.ckn_verb_base (verb_base_key, verb_base) VALUES (335, 'accept');
INSERT INTO private.ckn_verb_base (verb_base_key, verb_base) VALUES (357, 'communicate');
INSERT INTO private.ckn_verb_base (verb_base_key, verb_base) VALUES (361, 'drive');
INSERT INTO private.ckn_verb_base (verb_base_key, verb_base) VALUES (365, 'end');
INSERT INTO private.ckn_verb_base (verb_base_key, verb_base) VALUES (371, 'give');
INSERT INTO private.ckn_verb_base (verb_base_key, verb_base) VALUES (375, 'hail');
INSERT INTO private.ckn_verb_base (verb_base_key, verb_base) VALUES (377, 'identify');
INSERT INTO private.ckn_verb_base (verb_base_key, verb_base) VALUES (379, 'input');
INSERT INTO private.ckn_verb_base (verb_base_key, verb_base) VALUES (387, 'navigate');
INSERT INTO private.ckn_verb_base (verb_base_key, verb_base) VALUES (395, 'pick');
INSERT INTO private.ckn_verb_base (verb_base_key, verb_base) VALUES (399, 'rate');
INSERT INTO private.ckn_verb_base (verb_base_key, verb_base) VALUES (401, 'recognize');
INSERT INTO private.ckn_verb_base (verb_base_key, verb_base) VALUES (403, 'reject');
INSERT INTO private.ckn_verb_base (verb_base_key, verb_base) VALUES (405, 'review');
INSERT INTO private.ckn_verb_base (verb_base_key, verb_base) VALUES (407, 'ride');
INSERT INTO private.ckn_verb_base (verb_base_key, verb_base) VALUES (415, 'signal');
INSERT INTO private.ckn_verb_base (verb_base_key, verb_base) VALUES (421, 'stop');
INSERT INTO private.ckn_verb_base (verb_base_key, verb_base) VALUES (425, 'talk');
INSERT INTO private.ckn_verb_base (verb_base_key, verb_base) VALUES (878, 'yes');
INSERT INTO private.ckn_verb_base (verb_base_key, verb_base) VALUES (880, 'sound');
INSERT INTO private.ckn_verb_base (verb_base_key, verb_base) VALUES (882, 'desire');
INSERT INTO private.ckn_verb_base (verb_base_key, verb_base) VALUES (883, 'accompany');
INSERT INTO private.ckn_verb_base (verb_base_key, verb_base) VALUES (884, 'thank you');
INSERT INTO private.ckn_verb_base (verb_base_key, verb_base) VALUES (886, 'be');
INSERT INTO private.ckn_verb_base (verb_base_key, verb_base) VALUES (891, 'see');
INSERT INTO private.ckn_verb_base (verb_base_key, verb_base) VALUES (892, 'welcome');


--
-- Data for Name: ckn_verb; Type: TABLE DATA; Schema: private; Owner: postgres
--

INSERT INTO private.ckn_verb (verb_key, verb_base_key, language, verb_infinitive, verb_yo, verb_tu, verb_el_ella_usted, verb_nosotros, verb_vosotros, verb_ellos_ellas_ustedes, curated) VALUES (1, 1, 'en', 'announce', 'announce', 'announce', 'announce', 'announce', 'announce', 'announce', true);
INSERT INTO private.ckn_verb (verb_key, verb_base_key, language, verb_infinitive, verb_yo, verb_tu, verb_el_ella_usted, verb_nosotros, verb_vosotros, verb_ellos_ellas_ustedes, curated) VALUES (2, 1, 'es', 'anunciar', 'anuncio', 'anuncias', 'anuncia', 'anunciamos', 'anuncian', 'anuncian', true);
INSERT INTO private.ckn_verb (verb_key, verb_base_key, language, verb_infinitive, verb_yo, verb_tu, verb_el_ella_usted, verb_nosotros, verb_vosotros, verb_ellos_ellas_ustedes, curated) VALUES (3, 3, 'en', 'answer', 'answer', 'answer', 'answer', 'answer', 'answer', 'answer', true);
INSERT INTO private.ckn_verb (verb_key, verb_base_key, language, verb_infinitive, verb_yo, verb_tu, verb_el_ella_usted, verb_nosotros, verb_vosotros, verb_ellos_ellas_ustedes, curated) VALUES (4, 3, 'es', 'responder', 'respondo', 'respondes', 'responde', 'respondemos', 'responden', 'responden', true);
INSERT INTO private.ckn_verb (verb_key, verb_base_key, language, verb_infinitive, verb_yo, verb_tu, verb_el_ella_usted, verb_nosotros, verb_vosotros, verb_ellos_ellas_ustedes, curated) VALUES (5, 5, 'en', 'arrange', 'arrange', 'arrange', 'arrange', 'arrange', 'arrange', 'arrange', true);
INSERT INTO private.ckn_verb (verb_key, verb_base_key, language, verb_infinitive, verb_yo, verb_tu, verb_el_ella_usted, verb_nosotros, verb_vosotros, verb_ellos_ellas_ustedes, curated) VALUES (6, 5, 'es', 'organizar', 'organizo', 'organizas', 'organiza', 'organizamos', 'organizan', 'organizan', true);
INSERT INTO private.ckn_verb (verb_key, verb_base_key, language, verb_infinitive, verb_yo, verb_tu, verb_el_ella_usted, verb_nosotros, verb_vosotros, verb_ellos_ellas_ustedes, curated) VALUES (7, 7, 'en', 'arrive', 'arrive', 'arrive', 'arrive', 'arrive', 'arrive', 'arrive', true);
INSERT INTO private.ckn_verb (verb_key, verb_base_key, language, verb_infinitive, verb_yo, verb_tu, verb_el_ella_usted, verb_nosotros, verb_vosotros, verb_ellos_ellas_ustedes, curated) VALUES (8, 7, 'es', 'llegar', 'llego', 'llegas', 'llega', 'llegamos', 'llegan', 'llegan', true);
INSERT INTO private.ckn_verb (verb_key, verb_base_key, language, verb_infinitive, verb_yo, verb_tu, verb_el_ella_usted, verb_nosotros, verb_vosotros, verb_ellos_ellas_ustedes, curated) VALUES (9, 9, 'en', 'ask', 'ask', 'ask', 'ask', 'ask', 'ask', 'ask', true);
INSERT INTO private.ckn_verb (verb_key, verb_base_key, language, verb_infinitive, verb_yo, verb_tu, verb_el_ella_usted, verb_nosotros, verb_vosotros, verb_ellos_ellas_ustedes, curated) VALUES (10, 9, 'es', 'preguntar', 'pregunto', 'preguntas', 'pregunta', 'preguntamos', 'preguntan', 'preguntan', true);
INSERT INTO private.ckn_verb (verb_key, verb_base_key, language, verb_infinitive, verb_yo, verb_tu, verb_el_ella_usted, verb_nosotros, verb_vosotros, verb_ellos_ellas_ustedes, curated) VALUES (11, 11, 'en', 'board', 'board', 'board', 'board', 'board', 'board', 'board', true);
INSERT INTO private.ckn_verb (verb_key, verb_base_key, language, verb_infinitive, verb_yo, verb_tu, verb_el_ella_usted, verb_nosotros, verb_vosotros, verb_ellos_ellas_ustedes, curated) VALUES (12, 11, 'es', 'abordar', 'abordo', 'abordas', 'aborda', 'abordamos', 'abordan', 'abordan', true);
INSERT INTO private.ckn_verb (verb_key, verb_base_key, language, verb_infinitive, verb_yo, verb_tu, verb_el_ella_usted, verb_nosotros, verb_vosotros, verb_ellos_ellas_ustedes, curated) VALUES (13, 13, 'en', 'buy', 'buy', 'buy', 'buy', 'buy', 'buy', 'buy', true);
INSERT INTO private.ckn_verb (verb_key, verb_base_key, language, verb_infinitive, verb_yo, verb_tu, verb_el_ella_usted, verb_nosotros, verb_vosotros, verb_ellos_ellas_ustedes, curated) VALUES (14, 13, 'es', 'comprar', 'compro', 'compras', 'compra', 'compramos', 'compran', 'compran', true);
INSERT INTO private.ckn_verb (verb_key, verb_base_key, language, verb_infinitive, verb_yo, verb_tu, verb_el_ella_usted, verb_nosotros, verb_vosotros, verb_ellos_ellas_ustedes, curated) VALUES (15, 15, 'en', 'call', 'call', 'call', 'call', 'call', 'call', 'call', true);
INSERT INTO private.ckn_verb (verb_key, verb_base_key, language, verb_infinitive, verb_yo, verb_tu, verb_el_ella_usted, verb_nosotros, verb_vosotros, verb_ellos_ellas_ustedes, curated) VALUES (16, 15, 'es', 'llamar', 'llamo', 'llamas', 'llama', 'llamamos', 'llaman', 'llaman', true);
INSERT INTO private.ckn_verb (verb_key, verb_base_key, language, verb_infinitive, verb_yo, verb_tu, verb_el_ella_usted, verb_nosotros, verb_vosotros, verb_ellos_ellas_ustedes, curated) VALUES (17, 17, 'en', 'cancel', 'cancel', 'cancel', 'cancel', 'cancel', 'cancel', 'cancel', true);
INSERT INTO private.ckn_verb (verb_key, verb_base_key, language, verb_infinitive, verb_yo, verb_tu, verb_el_ella_usted, verb_nosotros, verb_vosotros, verb_ellos_ellas_ustedes, curated) VALUES (18, 17, 'es', 'cancelar', 'cancelo', 'cancelas', 'cancela', 'cancelamos', 'cancelan', 'cancelan', true);
INSERT INTO private.ckn_verb (verb_key, verb_base_key, language, verb_infinitive, verb_yo, verb_tu, verb_el_ella_usted, verb_nosotros, verb_vosotros, verb_ellos_ellas_ustedes, curated) VALUES (19, 19, 'en', 'carry', 'carry', 'carry', 'carry', 'carry', 'carry', 'carry', true);
INSERT INTO private.ckn_verb (verb_key, verb_base_key, language, verb_infinitive, verb_yo, verb_tu, verb_el_ella_usted, verb_nosotros, verb_vosotros, verb_ellos_ellas_ustedes, curated) VALUES (20, 19, 'es', 'llevar', 'llevo', 'llevas', 'lleva', 'llevamos', 'llevan', 'llevan', true);
INSERT INTO private.ckn_verb (verb_key, verb_base_key, language, verb_infinitive, verb_yo, verb_tu, verb_el_ella_usted, verb_nosotros, verb_vosotros, verb_ellos_ellas_ustedes, curated) VALUES (21, 21, 'en', 'check', 'check', 'check', 'check', 'check', 'check', 'check', true);
INSERT INTO private.ckn_verb (verb_key, verb_base_key, language, verb_infinitive, verb_yo, verb_tu, verb_el_ella_usted, verb_nosotros, verb_vosotros, verb_ellos_ellas_ustedes, curated) VALUES (22, 21, 'es', 'revisar', 'reviso', 'revisas', 'revisa', 'revisamos', 'revistan', 'revistan', true);
INSERT INTO private.ckn_verb (verb_key, verb_base_key, language, verb_infinitive, verb_yo, verb_tu, verb_el_ella_usted, verb_nosotros, verb_vosotros, verb_ellos_ellas_ustedes, curated) VALUES (23, 23, 'en', 'check in', 'check in', 'check in', 'check in', 'check in', 'check in', 'check in', true);
INSERT INTO private.ckn_verb (verb_key, verb_base_key, language, verb_infinitive, verb_yo, verb_tu, verb_el_ella_usted, verb_nosotros, verb_vosotros, verb_ellos_ellas_ustedes, curated) VALUES (24, 23, 'es', 'registrarse', 'me registro', 'te registras', 'se registra', 'nos registramos', 'se registran', 'se registran', true);
INSERT INTO private.ckn_verb (verb_key, verb_base_key, language, verb_infinitive, verb_yo, verb_tu, verb_el_ella_usted, verb_nosotros, verb_vosotros, verb_ellos_ellas_ustedes, curated) VALUES (25, 25, 'en', 'claim', 'claim', 'claim', 'claim', 'claim', 'claim', 'claim', true);
INSERT INTO private.ckn_verb (verb_key, verb_base_key, language, verb_infinitive, verb_yo, verb_tu, verb_el_ella_usted, verb_nosotros, verb_vosotros, verb_ellos_ellas_ustedes, curated) VALUES (26, 25, 'es', 'reclamar', 'reclamo', 'reclamas', 'reclama', 'reclamamos', 'reclaman', 'reclaman', true);
INSERT INTO private.ckn_verb (verb_key, verb_base_key, language, verb_infinitive, verb_yo, verb_tu, verb_el_ella_usted, verb_nosotros, verb_vosotros, verb_ellos_ellas_ustedes, curated) VALUES (27, 27, 'en', 'close', 'close', 'close', 'close', 'close', 'close', 'close', true);
INSERT INTO private.ckn_verb (verb_key, verb_base_key, language, verb_infinitive, verb_yo, verb_tu, verb_el_ella_usted, verb_nosotros, verb_vosotros, verb_ellos_ellas_ustedes, curated) VALUES (28, 27, 'es', 'cerrar', 'cierro', 'cierras', 'cierra', 'cerramos', 'cierran', 'cierran', true);
INSERT INTO private.ckn_verb (verb_key, verb_base_key, language, verb_infinitive, verb_yo, verb_tu, verb_el_ella_usted, verb_nosotros, verb_vosotros, verb_ellos_ellas_ustedes, curated) VALUES (29, 29, 'en', 'delay', 'delay', 'delay', 'delay', 'delay', 'delay', 'delay', true);
INSERT INTO private.ckn_verb (verb_key, verb_base_key, language, verb_infinitive, verb_yo, verb_tu, verb_el_ella_usted, verb_nosotros, verb_vosotros, verb_ellos_ellas_ustedes, curated) VALUES (30, 29, 'es', 'retrasar', 'retroso', 'retrosas', 'retrosa', 'retrosamos', 'retrosan', 'retrosan', true);
INSERT INTO private.ckn_verb (verb_key, verb_base_key, language, verb_infinitive, verb_yo, verb_tu, verb_el_ella_usted, verb_nosotros, verb_vosotros, verb_ellos_ellas_ustedes, curated) VALUES (31, 31, 'en', 'depart', 'depart', 'depart', 'depart', 'depart', 'depart', 'depart', true);
INSERT INTO private.ckn_verb (verb_key, verb_base_key, language, verb_infinitive, verb_yo, verb_tu, verb_el_ella_usted, verb_nosotros, verb_vosotros, verb_ellos_ellas_ustedes, curated) VALUES (32, 31, 'es', 'salir', 'salgo', 'sales', 'sale', 'salimos', 'salen', 'salen', true);
INSERT INTO private.ckn_verb (verb_key, verb_base_key, language, verb_infinitive, verb_yo, verb_tu, verb_el_ella_usted, verb_nosotros, verb_vosotros, verb_ellos_ellas_ustedes, curated) VALUES (33, 33, 'en', 'direct', 'direct', 'direct', 'direct', 'direct', 'direct', 'direct', true);
INSERT INTO private.ckn_verb (verb_key, verb_base_key, language, verb_infinitive, verb_yo, verb_tu, verb_el_ella_usted, verb_nosotros, verb_vosotros, verb_ellos_ellas_ustedes, curated) VALUES (34, 33, 'es', 'dirigir', 'dirijo', 'diriges', 'dirige', 'dirigimos', 'dirigen', 'dirigen', true);
INSERT INTO private.ckn_verb (verb_key, verb_base_key, language, verb_infinitive, verb_yo, verb_tu, verb_el_ella_usted, verb_nosotros, verb_vosotros, verb_ellos_ellas_ustedes, curated) VALUES (35, 35, 'en', 'drop', 'drop', 'drop', 'drop', 'drop', 'drop', 'drop', true);
INSERT INTO private.ckn_verb (verb_key, verb_base_key, language, verb_infinitive, verb_yo, verb_tu, verb_el_ella_usted, verb_nosotros, verb_vosotros, verb_ellos_ellas_ustedes, curated) VALUES (36, 35, 'es', 'dejar', 'dejo', 'dejas', 'deja', 'dejamos', 'dejan', 'dejan', true);
INSERT INTO private.ckn_verb (verb_key, verb_base_key, language, verb_infinitive, verb_yo, verb_tu, verb_el_ella_usted, verb_nosotros, verb_vosotros, verb_ellos_ellas_ustedes, curated) VALUES (37, 37, 'en', 'explain', 'explain', 'explain', 'explain', 'explain', 'explain', 'explain', true);
INSERT INTO private.ckn_verb (verb_key, verb_base_key, language, verb_infinitive, verb_yo, verb_tu, verb_el_ella_usted, verb_nosotros, verb_vosotros, verb_ellos_ellas_ustedes, curated) VALUES (38, 37, 'es', 'explicar', 'explico', 'explicas', 'explica', 'explicamos', 'explican', 'explican', true);
INSERT INTO private.ckn_verb (verb_key, verb_base_key, language, verb_infinitive, verb_yo, verb_tu, verb_el_ella_usted, verb_nosotros, verb_vosotros, verb_ellos_ellas_ustedes, curated) VALUES (39, 39, 'en', 'fasten', 'fasten', 'fasten', 'fasten', 'fasten', 'fasten', 'fasten', true);
INSERT INTO private.ckn_verb (verb_key, verb_base_key, language, verb_infinitive, verb_yo, verb_tu, verb_el_ella_usted, verb_nosotros, verb_vosotros, verb_ellos_ellas_ustedes, curated) VALUES (40, 39, 'es', 'abrochar', 'abrocho', 'abrochas', 'abrocha', 'abrochamos', 'abrochan', 'abrochan', true);
INSERT INTO private.ckn_verb (verb_key, verb_base_key, language, verb_infinitive, verb_yo, verb_tu, verb_el_ella_usted, verb_nosotros, verb_vosotros, verb_ellos_ellas_ustedes, curated) VALUES (41, 41, 'en', 'fly', 'fly', 'fly', 'fly', 'fly', 'fly', 'fly', true);
INSERT INTO private.ckn_verb (verb_key, verb_base_key, language, verb_infinitive, verb_yo, verb_tu, verb_el_ella_usted, verb_nosotros, verb_vosotros, verb_ellos_ellas_ustedes, curated) VALUES (42, 41, 'es', 'volar', 'vuelo', 'vuelas', 'vuela', 'volamos', 'vuelan', 'vuelan', true);
INSERT INTO private.ckn_verb (verb_key, verb_base_key, language, verb_infinitive, verb_yo, verb_tu, verb_el_ella_usted, verb_nosotros, verb_vosotros, verb_ellos_ellas_ustedes, curated) VALUES (43, 43, 'en', 'follow', 'follow', 'follow', 'follow', 'follow', 'follow', 'follow', true);
INSERT INTO private.ckn_verb (verb_key, verb_base_key, language, verb_infinitive, verb_yo, verb_tu, verb_el_ella_usted, verb_nosotros, verb_vosotros, verb_ellos_ellas_ustedes, curated) VALUES (44, 43, 'es', 'seguir', 'sigo', 'sigues', 'sigue', 'seguimos', 'siguen', 'siguen', true);
INSERT INTO private.ckn_verb (verb_key, verb_base_key, language, verb_infinitive, verb_yo, verb_tu, verb_el_ella_usted, verb_nosotros, verb_vosotros, verb_ellos_ellas_ustedes, curated) VALUES (45, 45, 'en', 'go', 'go', 'go', 'go', 'go', 'go', 'go', true);
INSERT INTO private.ckn_verb (verb_key, verb_base_key, language, verb_infinitive, verb_yo, verb_tu, verb_el_ella_usted, verb_nosotros, verb_vosotros, verb_ellos_ellas_ustedes, curated) VALUES (46, 45, 'es', 'ir', 'voy', 'vas', 'va', 'vamos', 'van', 'van', true);
INSERT INTO private.ckn_verb (verb_key, verb_base_key, language, verb_infinitive, verb_yo, verb_tu, verb_el_ella_usted, verb_nosotros, verb_vosotros, verb_ellos_ellas_ustedes, curated) VALUES (47, 47, 'en', 'guide', 'guide', 'guide', 'guide', 'guide', 'guide', 'guide', true);
INSERT INTO private.ckn_verb (verb_key, verb_base_key, language, verb_infinitive, verb_yo, verb_tu, verb_el_ella_usted, verb_nosotros, verb_vosotros, verb_ellos_ellas_ustedes, curated) VALUES (48, 47, 'es', 'guiar', 'guío', 'guías', 'guía', 'guiamos', 'guían', 'guían', true);
INSERT INTO private.ckn_verb (verb_key, verb_base_key, language, verb_infinitive, verb_yo, verb_tu, verb_el_ella_usted, verb_nosotros, verb_vosotros, verb_ellos_ellas_ustedes, curated) VALUES (49, 49, 'en', 'help', 'help', 'help', 'help', 'help', 'help', 'help', true);
INSERT INTO private.ckn_verb (verb_key, verb_base_key, language, verb_infinitive, verb_yo, verb_tu, verb_el_ella_usted, verb_nosotros, verb_vosotros, verb_ellos_ellas_ustedes, curated) VALUES (50, 49, 'es', 'ayudar', 'ayudo', 'ayudas', 'ayuda', 'ayudamos', 'ayudan', 'ayudan', true);
INSERT INTO private.ckn_verb (verb_key, verb_base_key, language, verb_infinitive, verb_yo, verb_tu, verb_el_ella_usted, verb_nosotros, verb_vosotros, verb_ellos_ellas_ustedes, curated) VALUES (51, 51, 'en', 'inform', 'inform', 'inform', 'inform', 'inform', 'inform', 'inform', true);
INSERT INTO private.ckn_verb (verb_key, verb_base_key, language, verb_infinitive, verb_yo, verb_tu, verb_el_ella_usted, verb_nosotros, verb_vosotros, verb_ellos_ellas_ustedes, curated) VALUES (52, 51, 'es', 'informar', 'informo', 'informas', 'informa', 'informamos', 'informan', 'informan', true);
INSERT INTO private.ckn_verb (verb_key, verb_base_key, language, verb_infinitive, verb_yo, verb_tu, verb_el_ella_usted, verb_nosotros, verb_vosotros, verb_ellos_ellas_ustedes, curated) VALUES (53, 53, 'en', 'inspect', 'inspect', 'inspect', 'inspect', 'inspect', 'inspect', 'inspect', true);
INSERT INTO private.ckn_verb (verb_key, verb_base_key, language, verb_infinitive, verb_yo, verb_tu, verb_el_ella_usted, verb_nosotros, verb_vosotros, verb_ellos_ellas_ustedes, curated) VALUES (54, 53, 'es', 'inspeccionar', 'inspecciono', 'inspeccionas', 'inspecciona', 'inspeccionamos', 'inspeccionan', 'inspeccionan', true);
INSERT INTO private.ckn_verb (verb_key, verb_base_key, language, verb_infinitive, verb_yo, verb_tu, verb_el_ella_usted, verb_nosotros, verb_vosotros, verb_ellos_ellas_ustedes, curated) VALUES (55, 55, 'en', 'land', 'land', 'land', 'land', 'land', 'land', 'land', true);
INSERT INTO private.ckn_verb (verb_key, verb_base_key, language, verb_infinitive, verb_yo, verb_tu, verb_el_ella_usted, verb_nosotros, verb_vosotros, verb_ellos_ellas_ustedes, curated) VALUES (56, 55, 'es', 'aterrizar', 'aterrizo', 'aterrizas', 'aterriza', 'aterrizamos', 'aterrizan', 'aterrizan', true);
INSERT INTO private.ckn_verb (verb_key, verb_base_key, language, verb_infinitive, verb_yo, verb_tu, verb_el_ella_usted, verb_nosotros, verb_vosotros, verb_ellos_ellas_ustedes, curated) VALUES (57, 57, 'en', 'leave', 'leave', 'leave', 'leave', 'leave', 'leave', 'leave', true);
INSERT INTO private.ckn_verb (verb_key, verb_base_key, language, verb_infinitive, verb_yo, verb_tu, verb_el_ella_usted, verb_nosotros, verb_vosotros, verb_ellos_ellas_ustedes, curated) VALUES (58, 57, 'es', 'salir', 'salgo', 'sales', 'sale', 'salimos', 'salen', 'salen', true);
INSERT INTO private.ckn_verb (verb_key, verb_base_key, language, verb_infinitive, verb_yo, verb_tu, verb_el_ella_usted, verb_nosotros, verb_vosotros, verb_ellos_ellas_ustedes, curated) VALUES (59, 59, 'en', 'listen', 'listen', 'listen', 'listen', 'listen', 'listen', 'listen', true);
INSERT INTO private.ckn_verb (verb_key, verb_base_key, language, verb_infinitive, verb_yo, verb_tu, verb_el_ella_usted, verb_nosotros, verb_vosotros, verb_ellos_ellas_ustedes, curated) VALUES (60, 59, 'es', 'escuchar', 'escucho', 'escuchas', 'escucha', 'escuchamos', 'escuchan', 'escuchan', true);
INSERT INTO private.ckn_verb (verb_key, verb_base_key, language, verb_infinitive, verb_yo, verb_tu, verb_el_ella_usted, verb_nosotros, verb_vosotros, verb_ellos_ellas_ustedes, curated) VALUES (61, 61, 'en', 'load', 'load', 'load', 'load', 'load', 'load', 'load', true);
INSERT INTO private.ckn_verb (verb_key, verb_base_key, language, verb_infinitive, verb_yo, verb_tu, verb_el_ella_usted, verb_nosotros, verb_vosotros, verb_ellos_ellas_ustedes, curated) VALUES (62, 61, 'es', 'cargar', 'cargo', 'cargas', 'carga', 'cargamos', 'cargan', 'cargan', true);
INSERT INTO private.ckn_verb (verb_key, verb_base_key, language, verb_infinitive, verb_yo, verb_tu, verb_el_ella_usted, verb_nosotros, verb_vosotros, verb_ellos_ellas_ustedes, curated) VALUES (63, 63, 'en', 'open', 'open', 'open', 'open', 'open', 'open', 'open', true);
INSERT INTO private.ckn_verb (verb_key, verb_base_key, language, verb_infinitive, verb_yo, verb_tu, verb_el_ella_usted, verb_nosotros, verb_vosotros, verb_ellos_ellas_ustedes, curated) VALUES (64, 63, 'es', 'abrir', 'abro', 'abres', 'abre', 'abrimos', 'abren', 'abren', true);
INSERT INTO private.ckn_verb (verb_key, verb_base_key, language, verb_infinitive, verb_yo, verb_tu, verb_el_ella_usted, verb_nosotros, verb_vosotros, verb_ellos_ellas_ustedes, curated) VALUES (65, 65, 'en', 'pack', 'pack', 'pack', 'pack', 'pack', 'pack', 'pack', true);
INSERT INTO private.ckn_verb (verb_key, verb_base_key, language, verb_infinitive, verb_yo, verb_tu, verb_el_ella_usted, verb_nosotros, verb_vosotros, verb_ellos_ellas_ustedes, curated) VALUES (66, 65, 'es', 'empacar', 'empaco', 'empacas', 'empaca', 'empacamos', 'empacan', 'empacan', true);
INSERT INTO private.ckn_verb (verb_key, verb_base_key, language, verb_infinitive, verb_yo, verb_tu, verb_el_ella_usted, verb_nosotros, verb_vosotros, verb_ellos_ellas_ustedes, curated) VALUES (67, 67, 'en', 'pay', 'pay', 'pay', 'pay', 'pay', 'pay', 'pay', true);
INSERT INTO private.ckn_verb (verb_key, verb_base_key, language, verb_infinitive, verb_yo, verb_tu, verb_el_ella_usted, verb_nosotros, verb_vosotros, verb_ellos_ellas_ustedes, curated) VALUES (68, 67, 'es', 'pagar', 'pago', 'pagas', 'paga', 'pagamos', 'pagan', 'pagan', true);
INSERT INTO private.ckn_verb (verb_key, verb_base_key, language, verb_infinitive, verb_yo, verb_tu, verb_el_ella_usted, verb_nosotros, verb_vosotros, verb_ellos_ellas_ustedes, curated) VALUES (69, 69, 'en', 'plan', 'plan', 'plan', 'plan', 'plan', 'plan', 'plan', true);
INSERT INTO private.ckn_verb (verb_key, verb_base_key, language, verb_infinitive, verb_yo, verb_tu, verb_el_ella_usted, verb_nosotros, verb_vosotros, verb_ellos_ellas_ustedes, curated) VALUES (70, 69, 'es', 'planear', 'planeo', 'planeas', 'planea', 'planeamos', 'planean', 'planean', true);
INSERT INTO private.ckn_verb (verb_key, verb_base_key, language, verb_infinitive, verb_yo, verb_tu, verb_el_ella_usted, verb_nosotros, verb_vosotros, verb_ellos_ellas_ustedes, curated) VALUES (71, 71, 'en', 'present', 'present', 'present', 'present', 'present', 'present', 'present', true);
INSERT INTO private.ckn_verb (verb_key, verb_base_key, language, verb_infinitive, verb_yo, verb_tu, verb_el_ella_usted, verb_nosotros, verb_vosotros, verb_ellos_ellas_ustedes, curated) VALUES (72, 71, 'es', 'presentar', 'presento', 'presentas', 'presenta', 'presentamos', 'presentan', 'presentan', true);
INSERT INTO private.ckn_verb (verb_key, verb_base_key, language, verb_infinitive, verb_yo, verb_tu, verb_el_ella_usted, verb_nosotros, verb_vosotros, verb_ellos_ellas_ustedes, curated) VALUES (73, 73, 'en', 'print', 'print', 'print', 'print', 'print', 'print', 'print', true);
INSERT INTO private.ckn_verb (verb_key, verb_base_key, language, verb_infinitive, verb_yo, verb_tu, verb_el_ella_usted, verb_nosotros, verb_vosotros, verb_ellos_ellas_ustedes, curated) VALUES (74, 73, 'es', 'imprimir', 'imprimo', 'imprimes', 'imprime', 'imprimimos', 'imprimen', 'imprimen', true);
INSERT INTO private.ckn_verb (verb_key, verb_base_key, language, verb_infinitive, verb_yo, verb_tu, verb_el_ella_usted, verb_nosotros, verb_vosotros, verb_ellos_ellas_ustedes, curated) VALUES (75, 75, 'en', 'read', 'read', 'read', 'read', 'read', 'read', 'read', true);
INSERT INTO private.ckn_verb (verb_key, verb_base_key, language, verb_infinitive, verb_yo, verb_tu, verb_el_ella_usted, verb_nosotros, verb_vosotros, verb_ellos_ellas_ustedes, curated) VALUES (76, 75, 'es', 'leer', 'leo', 'lees', 'lee', 'leemos', 'leen', 'leen', true);
INSERT INTO private.ckn_verb (verb_key, verb_base_key, language, verb_infinitive, verb_yo, verb_tu, verb_el_ella_usted, verb_nosotros, verb_vosotros, verb_ellos_ellas_ustedes, curated) VALUES (77, 77, 'en', 'reschedule', 'reschedule', 'reschedule', 'reschedule', 'reschedule', 'reschedule', 'reschedule', true);
INSERT INTO private.ckn_verb (verb_key, verb_base_key, language, verb_infinitive, verb_yo, verb_tu, verb_el_ella_usted, verb_nosotros, verb_vosotros, verb_ellos_ellas_ustedes, curated) VALUES (78, 77, 'es', 'reprogramar', 'reprogramo', 'reprogramas', 'reprograma', 'reprogramamos', 'reprograman', 'reprograman', true);
INSERT INTO private.ckn_verb (verb_key, verb_base_key, language, verb_infinitive, verb_yo, verb_tu, verb_el_ella_usted, verb_nosotros, verb_vosotros, verb_ellos_ellas_ustedes, curated) VALUES (79, 79, 'en', 'run', 'run', 'run', 'run', 'run', 'run', 'run', true);
INSERT INTO private.ckn_verb (verb_key, verb_base_key, language, verb_infinitive, verb_yo, verb_tu, verb_el_ella_usted, verb_nosotros, verb_vosotros, verb_ellos_ellas_ustedes, curated) VALUES (80, 79, 'es', 'correr', 'corro', 'corres', 'corre', 'corrimos', 'corren', 'corren', true);
INSERT INTO private.ckn_verb (verb_key, verb_base_key, language, verb_infinitive, verb_yo, verb_tu, verb_el_ella_usted, verb_nosotros, verb_vosotros, verb_ellos_ellas_ustedes, curated) VALUES (81, 81, 'en', 'say', 'say', 'say', 'say', 'say', 'say', 'say', true);
INSERT INTO private.ckn_verb (verb_key, verb_base_key, language, verb_infinitive, verb_yo, verb_tu, verb_el_ella_usted, verb_nosotros, verb_vosotros, verb_ellos_ellas_ustedes, curated) VALUES (82, 81, 'es', 'decir', 'digo', 'dices', 'dice', 'decimos', 'dicen', 'dicen', true);
INSERT INTO private.ckn_verb (verb_key, verb_base_key, language, verb_infinitive, verb_yo, verb_tu, verb_el_ella_usted, verb_nosotros, verb_vosotros, verb_ellos_ellas_ustedes, curated) VALUES (83, 83, 'en', 'scan', 'scan', 'scan', 'scan', 'scan', 'scan', 'scan', true);
INSERT INTO private.ckn_verb (verb_key, verb_base_key, language, verb_infinitive, verb_yo, verb_tu, verb_el_ella_usted, verb_nosotros, verb_vosotros, verb_ellos_ellas_ustedes, curated) VALUES (84, 83, 'es', 'escanear', 'escaneo', 'escaneas', 'escanea', 'escaneamos', 'escanean', 'escanean', true);
INSERT INTO private.ckn_verb (verb_key, verb_base_key, language, verb_infinitive, verb_yo, verb_tu, verb_el_ella_usted, verb_nosotros, verb_vosotros, verb_ellos_ellas_ustedes, curated) VALUES (85, 85, 'en', 'search', 'search', 'search', 'search', 'search', 'search', 'search', true);
INSERT INTO private.ckn_verb (verb_key, verb_base_key, language, verb_infinitive, verb_yo, verb_tu, verb_el_ella_usted, verb_nosotros, verb_vosotros, verb_ellos_ellas_ustedes, curated) VALUES (86, 85, 'es', 'buscar', 'busco', 'buscas', 'busca', 'buscamos', 'buscan', 'buscan', true);
INSERT INTO private.ckn_verb (verb_key, verb_base_key, language, verb_infinitive, verb_yo, verb_tu, verb_el_ella_usted, verb_nosotros, verb_vosotros, verb_ellos_ellas_ustedes, curated) VALUES (87, 87, 'en', 'show', 'show', 'show', 'show', 'show', 'show', 'show', true);
INSERT INTO private.ckn_verb (verb_key, verb_base_key, language, verb_infinitive, verb_yo, verb_tu, verb_el_ella_usted, verb_nosotros, verb_vosotros, verb_ellos_ellas_ustedes, curated) VALUES (88, 87, 'es', 'mostrar', 'muestro', 'muestras', 'muestra', 'mostramos', 'muestran', 'muestran', true);
INSERT INTO private.ckn_verb (verb_key, verb_base_key, language, verb_infinitive, verb_yo, verb_tu, verb_el_ella_usted, verb_nosotros, verb_vosotros, verb_ellos_ellas_ustedes, curated) VALUES (89, 89, 'en', 'show up', 'show up', 'show up', 'show up', 'show up', 'show up', 'show up', true);
INSERT INTO private.ckn_verb (verb_key, verb_base_key, language, verb_infinitive, verb_yo, verb_tu, verb_el_ella_usted, verb_nosotros, verb_vosotros, verb_ellos_ellas_ustedes, curated) VALUES (90, 89, 'es', 'aparecer', 'aparezco', 'apareces', 'aparece', 'aparecemos', 'aparecen', 'aparecen', true);
INSERT INTO private.ckn_verb (verb_key, verb_base_key, language, verb_infinitive, verb_yo, verb_tu, verb_el_ella_usted, verb_nosotros, verb_vosotros, verb_ellos_ellas_ustedes, curated) VALUES (91, 91, 'en', 'sit', 'sit', 'sit', 'sit', 'sit', 'sit', 'sit', true);
INSERT INTO private.ckn_verb (verb_key, verb_base_key, language, verb_infinitive, verb_yo, verb_tu, verb_el_ella_usted, verb_nosotros, verb_vosotros, verb_ellos_ellas_ustedes, curated) VALUES (92, 91, 'es', 'sentarse', 'me siento', 'te sientas', 'se sienta', 'nos sentamos', 'se sientan', 'se sientan', true);
INSERT INTO private.ckn_verb (verb_key, verb_base_key, language, verb_infinitive, verb_yo, verb_tu, verb_el_ella_usted, verb_nosotros, verb_vosotros, verb_ellos_ellas_ustedes, curated) VALUES (93, 93, 'en', 'speak', 'speak', 'speak', 'speak', 'speak', 'speak', 'speak', true);
INSERT INTO private.ckn_verb (verb_key, verb_base_key, language, verb_infinitive, verb_yo, verb_tu, verb_el_ella_usted, verb_nosotros, verb_vosotros, verb_ellos_ellas_ustedes, curated) VALUES (94, 93, 'es', 'hablar', 'hablo', 'hablas', 'habla', 'hablamos', 'hablan', 'hablan', true);
INSERT INTO private.ckn_verb (verb_key, verb_base_key, language, verb_infinitive, verb_yo, verb_tu, verb_el_ella_usted, verb_nosotros, verb_vosotros, verb_ellos_ellas_ustedes, curated) VALUES (95, 95, 'en', 'stand', 'stand', 'stand', 'stand', 'stand', 'stand', 'stand', true);
INSERT INTO private.ckn_verb (verb_key, verb_base_key, language, verb_infinitive, verb_yo, verb_tu, verb_el_ella_usted, verb_nosotros, verb_vosotros, verb_ellos_ellas_ustedes, curated) VALUES (96, 95, 'es', 'pararse', 'me paro', 'te paras', 'se para', 'nos paramos', 'se paran', 'se paran', true);
INSERT INTO private.ckn_verb (verb_key, verb_base_key, language, verb_infinitive, verb_yo, verb_tu, verb_el_ella_usted, verb_nosotros, verb_vosotros, verb_ellos_ellas_ustedes, curated) VALUES (97, 97, 'en', 'tell', 'tell', 'tell', 'tell', 'tell', 'tell', 'tell', true);
INSERT INTO private.ckn_verb (verb_key, verb_base_key, language, verb_infinitive, verb_yo, verb_tu, verb_el_ella_usted, verb_nosotros, verb_vosotros, verb_ellos_ellas_ustedes, curated) VALUES (98, 97, 'es', 'decir', 'digo', 'dices', 'dice', 'decimos', 'dicen', 'dicen', true);
INSERT INTO private.ckn_verb (verb_key, verb_base_key, language, verb_infinitive, verb_yo, verb_tu, verb_el_ella_usted, verb_nosotros, verb_vosotros, verb_ellos_ellas_ustedes, curated) VALUES (99, 99, 'en', 'transport', 'transport', 'transport', 'transport', 'transport', 'transport', 'transport', true);
INSERT INTO private.ckn_verb (verb_key, verb_base_key, language, verb_infinitive, verb_yo, verb_tu, verb_el_ella_usted, verb_nosotros, verb_vosotros, verb_ellos_ellas_ustedes, curated) VALUES (100, 99, 'es', 'transportar', 'transporto', 'transportas', 'transporta', 'transportamos', 'transportan', 'transportan', true);
INSERT INTO private.ckn_verb (verb_key, verb_base_key, language, verb_infinitive, verb_yo, verb_tu, verb_el_ella_usted, verb_nosotros, verb_vosotros, verb_ellos_ellas_ustedes, curated) VALUES (101, 101, 'en', 'travel', 'travel', 'travel', 'travel', 'travel', 'travel', 'travel', true);
INSERT INTO private.ckn_verb (verb_key, verb_base_key, language, verb_infinitive, verb_yo, verb_tu, verb_el_ella_usted, verb_nosotros, verb_vosotros, verb_ellos_ellas_ustedes, curated) VALUES (102, 101, 'es', 'viajar', 'viajo', 'viajas', 'viaja', 'viajamos', 'viajan', 'viajan', true);
INSERT INTO private.ckn_verb (verb_key, verb_base_key, language, verb_infinitive, verb_yo, verb_tu, verb_el_ella_usted, verb_nosotros, verb_vosotros, verb_ellos_ellas_ustedes, curated) VALUES (103, 103, 'en', 'understand', 'understand', 'understand', 'understand', 'understand', 'understand', 'understand', true);
INSERT INTO private.ckn_verb (verb_key, verb_base_key, language, verb_infinitive, verb_yo, verb_tu, verb_el_ella_usted, verb_nosotros, verb_vosotros, verb_ellos_ellas_ustedes, curated) VALUES (104, 103, 'es', 'entender', 'entiendo', 'entiendes', 'entiende', 'entendemos', 'entienden', 'entienden', true);
INSERT INTO private.ckn_verb (verb_key, verb_base_key, language, verb_infinitive, verb_yo, verb_tu, verb_el_ella_usted, verb_nosotros, verb_vosotros, verb_ellos_ellas_ustedes, curated) VALUES (105, 105, 'en', 'unload', 'unload', 'unload', 'unload', 'unload', 'unload', 'unload', true);
INSERT INTO private.ckn_verb (verb_key, verb_base_key, language, verb_infinitive, verb_yo, verb_tu, verb_el_ella_usted, verb_nosotros, verb_vosotros, verb_ellos_ellas_ustedes, curated) VALUES (106, 105, 'es', 'descargar', 'descargo', 'descargas', 'descarga', 'descargamos', 'descargan', 'descargan', true);
INSERT INTO private.ckn_verb (verb_key, verb_base_key, language, verb_infinitive, verb_yo, verb_tu, verb_el_ella_usted, verb_nosotros, verb_vosotros, verb_ellos_ellas_ustedes, curated) VALUES (107, 107, 'en', 'unpack', 'unpack', 'unpack', 'unpack', 'unpack', 'unpack', 'unpack', true);
INSERT INTO private.ckn_verb (verb_key, verb_base_key, language, verb_infinitive, verb_yo, verb_tu, verb_el_ella_usted, verb_nosotros, verb_vosotros, verb_ellos_ellas_ustedes, curated) VALUES (108, 107, 'es', 'desempacar', 'desempaco', 'desempacas', 'desempaca', 'desempacamos', 'desempacan', 'desempacan', true);
INSERT INTO private.ckn_verb (verb_key, verb_base_key, language, verb_infinitive, verb_yo, verb_tu, verb_el_ella_usted, verb_nosotros, verb_vosotros, verb_ellos_ellas_ustedes, curated) VALUES (109, 109, 'en', 'wait', 'wait', 'wait', 'wait', 'wait', 'wait', 'wait', true);
INSERT INTO private.ckn_verb (verb_key, verb_base_key, language, verb_infinitive, verb_yo, verb_tu, verb_el_ella_usted, verb_nosotros, verb_vosotros, verb_ellos_ellas_ustedes, curated) VALUES (110, 109, 'es', 'esperar', 'espero', 'esperas', 'espera', 'esperamos', 'esperan', 'esperan', true);
INSERT INTO private.ckn_verb (verb_key, verb_base_key, language, verb_infinitive, verb_yo, verb_tu, verb_el_ella_usted, verb_nosotros, verb_vosotros, verb_ellos_ellas_ustedes, curated) VALUES (111, 111, 'en', 'walk', 'walk', 'walk', 'walk', 'walk', 'walk', 'walk', true);
INSERT INTO private.ckn_verb (verb_key, verb_base_key, language, verb_infinitive, verb_yo, verb_tu, verb_el_ella_usted, verb_nosotros, verb_vosotros, verb_ellos_ellas_ustedes, curated) VALUES (112, 111, 'es', 'caminar', 'camino', 'caminas', 'camina', 'caminamos', 'caminan', 'caminan', true);
INSERT INTO private.ckn_verb (verb_key, verb_base_key, language, verb_infinitive, verb_yo, verb_tu, verb_el_ella_usted, verb_nosotros, verb_vosotros, verb_ellos_ellas_ustedes, curated) VALUES (113, 113, 'en', 'adjust', 'adjust', 'adjust', 'adjust', 'adjust', 'adjust', 'adjust', true);
INSERT INTO private.ckn_verb (verb_key, verb_base_key, language, verb_infinitive, verb_yo, verb_tu, verb_el_ella_usted, verb_nosotros, verb_vosotros, verb_ellos_ellas_ustedes, curated) VALUES (114, 113, 'es', 'ajustar', 'ajusto', 'ajustas', 'ajusta', 'ajustamos', 'ajustan', 'ajustan', true);
INSERT INTO private.ckn_verb (verb_key, verb_base_key, language, verb_infinitive, verb_yo, verb_tu, verb_el_ella_usted, verb_nosotros, verb_vosotros, verb_ellos_ellas_ustedes, curated) VALUES (121, 121, 'en', 'ask for', 'ask for', 'ask for', 'ask for', 'ask for', 'ask for', 'ask for', true);
INSERT INTO private.ckn_verb (verb_key, verb_base_key, language, verb_infinitive, verb_yo, verb_tu, verb_el_ella_usted, verb_nosotros, verb_vosotros, verb_ellos_ellas_ustedes, curated) VALUES (122, 121, 'es', 'pedir', 'pido', 'pides', 'pide', 'pedimos', 'piden', 'piden', true);
INSERT INTO private.ckn_verb (verb_key, verb_base_key, language, verb_infinitive, verb_yo, verb_tu, verb_el_ella_usted, verb_nosotros, verb_vosotros, verb_ellos_ellas_ustedes, curated) VALUES (123, 123, 'en', 'book', 'book', 'book', 'book', 'book', 'book', 'book', true);
INSERT INTO private.ckn_verb (verb_key, verb_base_key, language, verb_infinitive, verb_yo, verb_tu, verb_el_ella_usted, verb_nosotros, verb_vosotros, verb_ellos_ellas_ustedes, curated) VALUES (124, 123, 'es', 'reservar', 'reservo', 'reservas', 'reserva', 'reservamos', 'reservan', 'reservan', true);
INSERT INTO private.ckn_verb (verb_key, verb_base_key, language, verb_infinitive, verb_yo, verb_tu, verb_el_ella_usted, verb_nosotros, verb_vosotros, verb_ellos_ellas_ustedes, curated) VALUES (125, 125, 'en', 'bring', 'bring', 'bring', 'bring', 'bring', 'bring', 'bring', true);
INSERT INTO private.ckn_verb (verb_key, verb_base_key, language, verb_infinitive, verb_yo, verb_tu, verb_el_ella_usted, verb_nosotros, verb_vosotros, verb_ellos_ellas_ustedes, curated) VALUES (126, 125, 'es', 'traer', 'traigo', 'traes', 'trae', 'traemos', 'traen', 'traen', true);
INSERT INTO private.ckn_verb (verb_key, verb_base_key, language, verb_infinitive, verb_yo, verb_tu, verb_el_ella_usted, verb_nosotros, verb_vosotros, verb_ellos_ellas_ustedes, curated) VALUES (129, 129, 'en', 'call for', 'call for', 'call for', 'call for', 'call for', 'call for', 'call for', true);
INSERT INTO private.ckn_verb (verb_key, verb_base_key, language, verb_infinitive, verb_yo, verb_tu, verb_el_ella_usted, verb_nosotros, verb_vosotros, verb_ellos_ellas_ustedes, curated) VALUES (130, 129, 'es', 'llamar por', 'llamo por', 'llamas por', 'llama por', 'llamamos por', 'llaman por', 'llaman por', true);
INSERT INTO private.ckn_verb (verb_key, verb_base_key, language, verb_infinitive, verb_yo, verb_tu, verb_el_ella_usted, verb_nosotros, verb_vosotros, verb_ellos_ellas_ustedes, curated) VALUES (135, 135, 'en', 'change', 'change', 'change', 'change', 'change', 'change', 'change', true);
INSERT INTO private.ckn_verb (verb_key, verb_base_key, language, verb_infinitive, verb_yo, verb_tu, verb_el_ella_usted, verb_nosotros, verb_vosotros, verb_ellos_ellas_ustedes, curated) VALUES (136, 135, 'es', 'cambiar', 'cambio', 'cambias', 'cambia', 'cambiamos', 'cambian', 'cambian', true);
INSERT INTO private.ckn_verb (verb_key, verb_base_key, language, verb_infinitive, verb_yo, verb_tu, verb_el_ella_usted, verb_nosotros, verb_vosotros, verb_ellos_ellas_ustedes, curated) VALUES (137, 137, 'en', 'charge', 'charge', 'charge', 'charge', 'charge', 'charge', 'charge', true);
INSERT INTO private.ckn_verb (verb_key, verb_base_key, language, verb_infinitive, verb_yo, verb_tu, verb_el_ella_usted, verb_nosotros, verb_vosotros, verb_ellos_ellas_ustedes, curated) VALUES (138, 137, 'es', 'cobrar', 'cobro', 'cobras', 'cobra', 'cobramos', 'cobran', 'cobran', true);
INSERT INTO private.ckn_verb (verb_key, verb_base_key, language, verb_infinitive, verb_yo, verb_tu, verb_el_ella_usted, verb_nosotros, verb_vosotros, verb_ellos_ellas_ustedes, curated) VALUES (143, 143, 'en', 'check out', 'check out', 'check out', 'check out', 'check out', 'check out', 'check out', true);
INSERT INTO private.ckn_verb (verb_key, verb_base_key, language, verb_infinitive, verb_yo, verb_tu, verb_el_ella_usted, verb_nosotros, verb_vosotros, verb_ellos_ellas_ustedes, curated) VALUES (144, 143, 'es', 'salir', 'salgo', 'sales', 'sale', 'salimos', 'salen', 'salen', true);
INSERT INTO private.ckn_verb (verb_key, verb_base_key, language, verb_infinitive, verb_yo, verb_tu, verb_el_ella_usted, verb_nosotros, verb_vosotros, verb_ellos_ellas_ustedes, curated) VALUES (145, 145, 'en', 'clean', 'clean', 'clean', 'clean', 'clean', 'clean', 'clean', true);
INSERT INTO private.ckn_verb (verb_key, verb_base_key, language, verb_infinitive, verb_yo, verb_tu, verb_el_ella_usted, verb_nosotros, verb_vosotros, verb_ellos_ellas_ustedes, curated) VALUES (146, 145, 'es', 'limpiar', 'limpio', 'limpias', 'limpia', 'limpiamos', 'limpian', 'limpian', true);
INSERT INTO private.ckn_verb (verb_key, verb_base_key, language, verb_infinitive, verb_yo, verb_tu, verb_el_ella_usted, verb_nosotros, verb_vosotros, verb_ellos_ellas_ustedes, curated) VALUES (149, 149, 'en', 'come', 'come', 'come', 'come', 'come', 'come', 'come', true);
INSERT INTO private.ckn_verb (verb_key, verb_base_key, language, verb_infinitive, verb_yo, verb_tu, verb_el_ella_usted, verb_nosotros, verb_vosotros, verb_ellos_ellas_ustedes, curated) VALUES (150, 149, 'es', 'venir', 'vengo', 'vienes', 'viene', 'venimos', 'vienen', 'vienen', true);
INSERT INTO private.ckn_verb (verb_key, verb_base_key, language, verb_infinitive, verb_yo, verb_tu, verb_el_ella_usted, verb_nosotros, verb_vosotros, verb_ellos_ellas_ustedes, curated) VALUES (151, 151, 'en', 'complain', 'complain', 'complain', 'complain', 'complain', 'complain', 'complain', true);
INSERT INTO private.ckn_verb (verb_key, verb_base_key, language, verb_infinitive, verb_yo, verb_tu, verb_el_ella_usted, verb_nosotros, verb_vosotros, verb_ellos_ellas_ustedes, curated) VALUES (152, 151, 'es', 'quejarse', 'me quejo', 'te quejas', 'se queja', 'nos quejamos', 'se quejan', 'se quejan', true);
INSERT INTO private.ckn_verb (verb_key, verb_base_key, language, verb_infinitive, verb_yo, verb_tu, verb_el_ella_usted, verb_nosotros, verb_vosotros, verb_ellos_ellas_ustedes, curated) VALUES (153, 153, 'en', 'confirm', 'confirm', 'confirm', 'confirm', 'confirm', 'confirm', 'confirm', true);
INSERT INTO private.ckn_verb (verb_key, verb_base_key, language, verb_infinitive, verb_yo, verb_tu, verb_el_ella_usted, verb_nosotros, verb_vosotros, verb_ellos_ellas_ustedes, curated) VALUES (154, 153, 'es', 'confirmar', 'confirmo', 'confirmas', 'confirma', 'confirmamos', 'confirman', 'confirman', true);
INSERT INTO private.ckn_verb (verb_key, verb_base_key, language, verb_infinitive, verb_yo, verb_tu, verb_el_ella_usted, verb_nosotros, verb_vosotros, verb_ellos_ellas_ustedes, curated) VALUES (155, 155, 'en', 'connect', 'connect', 'connect', 'connect', 'connect', 'connect', 'connect', true);
INSERT INTO private.ckn_verb (verb_key, verb_base_key, language, verb_infinitive, verb_yo, verb_tu, verb_el_ella_usted, verb_nosotros, verb_vosotros, verb_ellos_ellas_ustedes, curated) VALUES (156, 155, 'es', 'conectar', 'conecto', 'conectas', 'conecta', 'conectamos', 'conectan', 'conectan', true);
INSERT INTO private.ckn_verb (verb_key, verb_base_key, language, verb_infinitive, verb_yo, verb_tu, verb_el_ella_usted, verb_nosotros, verb_vosotros, verb_ellos_ellas_ustedes, curated) VALUES (157, 157, 'en', 'disconnect', 'disconnect', 'disconnect', 'disconnect', 'disconnect', 'disconnect', 'disconnect', true);
INSERT INTO private.ckn_verb (verb_key, verb_base_key, language, verb_infinitive, verb_yo, verb_tu, verb_el_ella_usted, verb_nosotros, verb_vosotros, verb_ellos_ellas_ustedes, curated) VALUES (158, 157, 'es', 'desconectar', 'desconecto', 'desconectas', 'desconecta', 'desconectamos', 'desconectan', 'desconectan', true);
INSERT INTO private.ckn_verb (verb_key, verb_base_key, language, verb_infinitive, verb_yo, verb_tu, verb_el_ella_usted, verb_nosotros, verb_vosotros, verb_ellos_ellas_ustedes, curated) VALUES (159, 159, 'en', 'enjoy', 'enjoy', 'enjoy', 'enjoy', 'enjoy', 'enjoy', 'enjoy', true);
INSERT INTO private.ckn_verb (verb_key, verb_base_key, language, verb_infinitive, verb_yo, verb_tu, verb_el_ella_usted, verb_nosotros, verb_vosotros, verb_ellos_ellas_ustedes, curated) VALUES (160, 159, 'es', 'disfrutar', 'disfruto', 'disfrutas', 'disfruta', 'disfrutamos', 'disfrutan', 'disfrutan', true);
INSERT INTO private.ckn_verb (verb_key, verb_base_key, language, verb_infinitive, verb_yo, verb_tu, verb_el_ella_usted, verb_nosotros, verb_vosotros, verb_ellos_ellas_ustedes, curated) VALUES (161, 161, 'en', 'find', 'find', 'find', 'find', 'find', 'find', 'find', true);
INSERT INTO private.ckn_verb (verb_key, verb_base_key, language, verb_infinitive, verb_yo, verb_tu, verb_el_ella_usted, verb_nosotros, verb_vosotros, verb_ellos_ellas_ustedes, curated) VALUES (162, 161, 'es', 'encontrar', 'encuentro', 'encuentras', 'encuentra', 'encontramos', 'encuentran', 'encuentran', true);
INSERT INTO private.ckn_verb (verb_key, verb_base_key, language, verb_infinitive, verb_yo, verb_tu, verb_el_ella_usted, verb_nosotros, verb_vosotros, verb_ellos_ellas_ustedes, curated) VALUES (163, 163, 'en', 'fix', 'fix', 'fix', 'fix', 'fix', 'fix', 'fix', true);
INSERT INTO private.ckn_verb (verb_key, verb_base_key, language, verb_infinitive, verb_yo, verb_tu, verb_el_ella_usted, verb_nosotros, verb_vosotros, verb_ellos_ellas_ustedes, curated) VALUES (164, 163, 'es', 'arreglar', 'arreglo', 'arreglas', 'arregla', 'arreglamos', 'arreglan', 'arreglan', true);
INSERT INTO private.ckn_verb (verb_key, verb_base_key, language, verb_infinitive, verb_yo, verb_tu, verb_el_ella_usted, verb_nosotros, verb_vosotros, verb_ellos_ellas_ustedes, curated) VALUES (165, 165, 'en', 'forget', 'forget', 'forget', 'forget', 'forget', 'forget', 'forget', true);
INSERT INTO private.ckn_verb (verb_key, verb_base_key, language, verb_infinitive, verb_yo, verb_tu, verb_el_ella_usted, verb_nosotros, verb_vosotros, verb_ellos_ellas_ustedes, curated) VALUES (166, 165, 'es', 'olvidar', 'olvido', 'olvidas', 'olvida', 'olvidamos', 'olvidan', 'olvidan', true);
INSERT INTO private.ckn_verb (verb_key, verb_base_key, language, verb_infinitive, verb_yo, verb_tu, verb_el_ella_usted, verb_nosotros, verb_vosotros, verb_ellos_ellas_ustedes, curated) VALUES (169, 169, 'en', 'have', 'have', 'have', 'have', 'have', 'have', 'have', true);
INSERT INTO private.ckn_verb (verb_key, verb_base_key, language, verb_infinitive, verb_yo, verb_tu, verb_el_ella_usted, verb_nosotros, verb_vosotros, verb_ellos_ellas_ustedes, curated) VALUES (170, 169, 'es', 'tener', 'tengo', 'tienes', 'tiene', 'tenemos', 'tienen', 'tienen', true);
INSERT INTO private.ckn_verb (verb_key, verb_base_key, language, verb_infinitive, verb_yo, verb_tu, verb_el_ella_usted, verb_nosotros, verb_vosotros, verb_ellos_ellas_ustedes, curated) VALUES (175, 175, 'en', 'lock', 'lock', 'lock', 'lock', 'lock', 'lock', 'lock', true);
INSERT INTO private.ckn_verb (verb_key, verb_base_key, language, verb_infinitive, verb_yo, verb_tu, verb_el_ella_usted, verb_nosotros, verb_vosotros, verb_ellos_ellas_ustedes, curated) VALUES (176, 175, 'es', 'cerrar con llave', 'cierro con llave', 'cierras con llave', 'cierra con llave', 'cerramos con llave', 'cierran con llave', 'cierran con llave', true);
INSERT INTO private.ckn_verb (verb_key, verb_base_key, language, verb_infinitive, verb_yo, verb_tu, verb_el_ella_usted, verb_nosotros, verb_vosotros, verb_ellos_ellas_ustedes, curated) VALUES (177, 177, 'en', 'lose', 'lose', 'lose', 'lose', 'lose', 'lose', 'lose', true);
INSERT INTO private.ckn_verb (verb_key, verb_base_key, language, verb_infinitive, verb_yo, verb_tu, verb_el_ella_usted, verb_nosotros, verb_vosotros, verb_ellos_ellas_ustedes, curated) VALUES (178, 177, 'es', 'perder', 'pierdo', 'pierdes', 'pierde', 'perdemos', 'pierden', 'pierden', true);
INSERT INTO private.ckn_verb (verb_key, verb_base_key, language, verb_infinitive, verb_yo, verb_tu, verb_el_ella_usted, verb_nosotros, verb_vosotros, verb_ellos_ellas_ustedes, curated) VALUES (179, 179, 'en', 'move', 'move', 'move', 'move', 'move', 'move', 'move', true);
INSERT INTO private.ckn_verb (verb_key, verb_base_key, language, verb_infinitive, verb_yo, verb_tu, verb_el_ella_usted, verb_nosotros, verb_vosotros, verb_ellos_ellas_ustedes, curated) VALUES (180, 179, 'es', 'mover', 'muevo', 'mueves', 'mueve', 'movemos', 'mueven', 'mueven', true);
INSERT INTO private.ckn_verb (verb_key, verb_base_key, language, verb_infinitive, verb_yo, verb_tu, verb_el_ella_usted, verb_nosotros, verb_vosotros, verb_ellos_ellas_ustedes, curated) VALUES (181, 181, 'en', 'need', 'need', 'need', 'need', 'need', 'need', 'need', true);
INSERT INTO private.ckn_verb (verb_key, verb_base_key, language, verb_infinitive, verb_yo, verb_tu, verb_el_ella_usted, verb_nosotros, verb_vosotros, verb_ellos_ellas_ustedes, curated) VALUES (182, 181, 'es', 'necesitar', 'necesito', 'necesitas', 'necesita', 'necesitamos', 'necesitan', 'necesitan', true);
INSERT INTO private.ckn_verb (verb_key, verb_base_key, language, verb_infinitive, verb_yo, verb_tu, verb_el_ella_usted, verb_nosotros, verb_vosotros, verb_ellos_ellas_ustedes, curated) VALUES (189, 189, 'en', 'remember', 'remember', 'remember', 'remember', 'remember', 'remember', 'remember', true);
INSERT INTO private.ckn_verb (verb_key, verb_base_key, language, verb_infinitive, verb_yo, verb_tu, verb_el_ella_usted, verb_nosotros, verb_vosotros, verb_ellos_ellas_ustedes, curated) VALUES (190, 189, 'es', 'recordar', 'recuerdo', 'recuerdas', 'recuerda', 'recordamos', 'recuerdan', 'recuerdan', true);
INSERT INTO private.ckn_verb (verb_key, verb_base_key, language, verb_infinitive, verb_yo, verb_tu, verb_el_ella_usted, verb_nosotros, verb_vosotros, verb_ellos_ellas_ustedes, curated) VALUES (191, 191, 'en', 'repair', 'repair', 'repair', 'repair', 'repair', 'repair', 'repair', true);
INSERT INTO private.ckn_verb (verb_key, verb_base_key, language, verb_infinitive, verb_yo, verb_tu, verb_el_ella_usted, verb_nosotros, verb_vosotros, verb_ellos_ellas_ustedes, curated) VALUES (192, 191, 'es', 'reparar', 'reparo', 'reparas', 'repara', 'reparamos', 'reparan', 'reparan', true);
INSERT INTO private.ckn_verb (verb_key, verb_base_key, language, verb_infinitive, verb_yo, verb_tu, verb_el_ella_usted, verb_nosotros, verb_vosotros, verb_ellos_ellas_ustedes, curated) VALUES (193, 193, 'en', 'replace', 'replace', 'replace', 'replace', 'replace', 'replace', 'replace', true);
INSERT INTO private.ckn_verb (verb_key, verb_base_key, language, verb_infinitive, verb_yo, verb_tu, verb_el_ella_usted, verb_nosotros, verb_vosotros, verb_ellos_ellas_ustedes, curated) VALUES (194, 193, 'es', 'reemplazar', 'reemplazo', 'reemplazas', 'reemplaza', 'reemplazamos', 'reemplazan', 'reemplazan', true);
INSERT INTO private.ckn_verb (verb_key, verb_base_key, language, verb_infinitive, verb_yo, verb_tu, verb_el_ella_usted, verb_nosotros, verb_vosotros, verb_ellos_ellas_ustedes, curated) VALUES (195, 195, 'en', 'request', 'request', 'request', 'request', 'request', 'request', 'request', true);
INSERT INTO private.ckn_verb (verb_key, verb_base_key, language, verb_infinitive, verb_yo, verb_tu, verb_el_ella_usted, verb_nosotros, verb_vosotros, verb_ellos_ellas_ustedes, curated) VALUES (196, 195, 'es', 'solicitar', 'solicito', 'solicitas', 'solicita', 'solicitamos', 'solicitan', 'solicitan', true);
INSERT INTO private.ckn_verb (verb_key, verb_base_key, language, verb_infinitive, verb_yo, verb_tu, verb_el_ella_usted, verb_nosotros, verb_vosotros, verb_ellos_ellas_ustedes, curated) VALUES (197, 197, 'en', 'reserve', 'reserve', 'reserve', 'reserve', 'reserve', 'reserve', 'reserve', true);
INSERT INTO private.ckn_verb (verb_key, verb_base_key, language, verb_infinitive, verb_yo, verb_tu, verb_el_ella_usted, verb_nosotros, verb_vosotros, verb_ellos_ellas_ustedes, curated) VALUES (198, 197, 'es', 'reservar', 'reservo', 'reservas', 'reserva', 'reservamos', 'reservan', 'reservan', true);
INSERT INTO private.ckn_verb (verb_key, verb_base_key, language, verb_infinitive, verb_yo, verb_tu, verb_el_ella_usted, verb_nosotros, verb_vosotros, verb_ellos_ellas_ustedes, curated) VALUES (201, 201, 'en', 'sleep', 'sleep', 'sleep', 'sleep', 'sleep', 'sleep', 'sleep', true);
INSERT INTO private.ckn_verb (verb_key, verb_base_key, language, verb_infinitive, verb_yo, verb_tu, verb_el_ella_usted, verb_nosotros, verb_vosotros, verb_ellos_ellas_ustedes, curated) VALUES (202, 201, 'es', 'dormir', 'duermo', 'duermes', 'duerme', 'dormimos', 'duermen', 'duermen', true);
INSERT INTO private.ckn_verb (verb_key, verb_base_key, language, verb_infinitive, verb_yo, verb_tu, verb_el_ella_usted, verb_nosotros, verb_vosotros, verb_ellos_ellas_ustedes, curated) VALUES (325, 325, 'en', 'try', 'try', 'try', 'try', 'try', 'try', 'try', true);
INSERT INTO private.ckn_verb (verb_key, verb_base_key, language, verb_infinitive, verb_yo, verb_tu, verb_el_ella_usted, verb_nosotros, verb_vosotros, verb_ellos_ellas_ustedes, curated) VALUES (203, 203, 'en', 'sleep in', 'sleep in', 'sleep in', 'sleep in', 'sleep in', 'sleep in', 'sleep in', true);
INSERT INTO private.ckn_verb (verb_key, verb_base_key, language, verb_infinitive, verb_yo, verb_tu, verb_el_ella_usted, verb_nosotros, verb_vosotros, verb_ellos_ellas_ustedes, curated) VALUES (204, 203, 'es', 'dormir hasta tarde', 'duermo hasta tarde', 'duermes hasta tarde', 'duerme hasta tarde', 'dormimos hasta tarde', 'duermen hasta tarde', 'duermen hasta tarde', true);
INSERT INTO private.ckn_verb (verb_key, verb_base_key, language, verb_infinitive, verb_yo, verb_tu, verb_el_ella_usted, verb_nosotros, verb_vosotros, verb_ellos_ellas_ustedes, curated) VALUES (205, 205, 'en', 'stay', 'stay', 'stay', 'stay', 'stay', 'stay', 'stay', true);
INSERT INTO private.ckn_verb (verb_key, verb_base_key, language, verb_infinitive, verb_yo, verb_tu, verb_el_ella_usted, verb_nosotros, verb_vosotros, verb_ellos_ellas_ustedes, curated) VALUES (206, 205, 'es', 'quedarse', 'me quedo', 'te quedas', 'se queda', 'nos quedamos', 'se quedan', 'se quedan', true);
INSERT INTO private.ckn_verb (verb_key, verb_base_key, language, verb_infinitive, verb_yo, verb_tu, verb_el_ella_usted, verb_nosotros, verb_vosotros, verb_ellos_ellas_ustedes, curated) VALUES (207, 207, 'en', 'switch', 'switch', 'switch', 'switch', 'switch', 'switch', 'switch', true);
INSERT INTO private.ckn_verb (verb_key, verb_base_key, language, verb_infinitive, verb_yo, verb_tu, verb_el_ella_usted, verb_nosotros, verb_vosotros, verb_ellos_ellas_ustedes, curated) VALUES (208, 207, 'es', 'cambiar', 'cambio', 'cambias', 'cambia', 'cambiamos', 'cambian', 'cambian', true);
INSERT INTO private.ckn_verb (verb_key, verb_base_key, language, verb_infinitive, verb_yo, verb_tu, verb_el_ella_usted, verb_nosotros, verb_vosotros, verb_ellos_ellas_ustedes, curated) VALUES (209, 209, 'en', 'tidy', 'tidy', 'tidy', 'tidy', 'tidy', 'tidy', 'tidy', true);
INSERT INTO private.ckn_verb (verb_key, verb_base_key, language, verb_infinitive, verb_yo, verb_tu, verb_el_ella_usted, verb_nosotros, verb_vosotros, verb_ellos_ellas_ustedes, curated) VALUES (210, 209, 'es', 'ordenar', 'ordeno', 'ordenas', 'ordena', 'ordenamos', 'ordenan', 'ordenan', true);
INSERT INTO private.ckn_verb (verb_key, verb_base_key, language, verb_infinitive, verb_yo, verb_tu, verb_el_ella_usted, verb_nosotros, verb_vosotros, verb_ellos_ellas_ustedes, curated) VALUES (211, 211, 'en', 'turn', 'turn', 'turn', 'turn', 'turn', 'turn', 'turn', true);
INSERT INTO private.ckn_verb (verb_key, verb_base_key, language, verb_infinitive, verb_yo, verb_tu, verb_el_ella_usted, verb_nosotros, verb_vosotros, verb_ellos_ellas_ustedes, curated) VALUES (212, 211, 'es', 'girar', 'giro', 'giras', 'gira', 'giramos', 'giran', 'giran', true);
INSERT INTO private.ckn_verb (verb_key, verb_base_key, language, verb_infinitive, verb_yo, verb_tu, verb_el_ella_usted, verb_nosotros, verb_vosotros, verb_ellos_ellas_ustedes, curated) VALUES (213, 213, 'en', 'turn off', 'turn off', 'turn off', 'turn off', 'turn off', 'turn off', 'turn off', true);
INSERT INTO private.ckn_verb (verb_key, verb_base_key, language, verb_infinitive, verb_yo, verb_tu, verb_el_ella_usted, verb_nosotros, verb_vosotros, verb_ellos_ellas_ustedes, curated) VALUES (214, 213, 'es', 'apagar', 'apago', 'apagas', 'apaga', 'apagamos', 'apagan', 'apagan', true);
INSERT INTO private.ckn_verb (verb_key, verb_base_key, language, verb_infinitive, verb_yo, verb_tu, verb_el_ella_usted, verb_nosotros, verb_vosotros, verb_ellos_ellas_ustedes, curated) VALUES (215, 215, 'en', 'turn on', 'turn on', 'turn on', 'turn on', 'turn on', 'turn on', 'turn on', true);
INSERT INTO private.ckn_verb (verb_key, verb_base_key, language, verb_infinitive, verb_yo, verb_tu, verb_el_ella_usted, verb_nosotros, verb_vosotros, verb_ellos_ellas_ustedes, curated) VALUES (216, 215, 'es', 'encender', 'enciendo', 'enciendes', 'enciende', 'encendemos', 'encienden', 'encienden', true);
INSERT INTO private.ckn_verb (verb_key, verb_base_key, language, verb_infinitive, verb_yo, verb_tu, verb_el_ella_usted, verb_nosotros, verb_vosotros, verb_ellos_ellas_ustedes, curated) VALUES (217, 217, 'en', 'unlock', 'unlock', 'unlock', 'unlock', 'unlock', 'unlock', 'unlock', true);
INSERT INTO private.ckn_verb (verb_key, verb_base_key, language, verb_infinitive, verb_yo, verb_tu, verb_el_ella_usted, verb_nosotros, verb_vosotros, verb_ellos_ellas_ustedes, curated) VALUES (218, 217, 'es', 'abrir con llave', 'abro con llave', 'abres con llave', 'abre con llave', 'abrimos con llave', 'abren con llave', 'abren con llave', true);
INSERT INTO private.ckn_verb (verb_key, verb_base_key, language, verb_infinitive, verb_yo, verb_tu, verb_el_ella_usted, verb_nosotros, verb_vosotros, verb_ellos_ellas_ustedes, curated) VALUES (219, 219, 'en', 'use', 'use', 'use', 'use', 'use', 'use', 'use', true);
INSERT INTO private.ckn_verb (verb_key, verb_base_key, language, verb_infinitive, verb_yo, verb_tu, verb_el_ella_usted, verb_nosotros, verb_vosotros, verb_ellos_ellas_ustedes, curated) VALUES (220, 219, 'es', 'usar', 'uso', 'usas', 'usa', 'usamos', 'usan', 'usan', true);
INSERT INTO private.ckn_verb (verb_key, verb_base_key, language, verb_infinitive, verb_yo, verb_tu, verb_el_ella_usted, verb_nosotros, verb_vosotros, verb_ellos_ellas_ustedes, curated) VALUES (223, 223, 'en', 'wake', 'wake', 'wake', 'wake', 'wake', 'wake', 'wake', true);
INSERT INTO private.ckn_verb (verb_key, verb_base_key, language, verb_infinitive, verb_yo, verb_tu, verb_el_ella_usted, verb_nosotros, verb_vosotros, verb_ellos_ellas_ustedes, curated) VALUES (224, 223, 'es', 'despertarse', 'me despierto', 'te despiertas', 'se despierta', 'nos despertamos', 'se despiertan', 'se despiertan', true);
INSERT INTO private.ckn_verb (verb_key, verb_base_key, language, verb_infinitive, verb_yo, verb_tu, verb_el_ella_usted, verb_nosotros, verb_vosotros, verb_ellos_ellas_ustedes, curated) VALUES (225, 225, 'en', 'want', 'want', 'want', 'want', 'want', 'want', 'want', true);
INSERT INTO private.ckn_verb (verb_key, verb_base_key, language, verb_infinitive, verb_yo, verb_tu, verb_el_ella_usted, verb_nosotros, verb_vosotros, verb_ellos_ellas_ustedes, curated) VALUES (226, 225, 'es', 'querer', 'quiero', 'quieres', 'quiere', 'queremos', 'quieren', 'quieren', true);
INSERT INTO private.ckn_verb (verb_key, verb_base_key, language, verb_infinitive, verb_yo, verb_tu, verb_el_ella_usted, verb_nosotros, verb_vosotros, verb_ellos_ellas_ustedes, curated) VALUES (237, 237, 'en', 'choose', 'choose', 'choose', 'choose', 'choose', 'choose', 'choose', true);
INSERT INTO private.ckn_verb (verb_key, verb_base_key, language, verb_infinitive, verb_yo, verb_tu, verb_el_ella_usted, verb_nosotros, verb_vosotros, verb_ellos_ellas_ustedes, curated) VALUES (238, 237, 'es', 'elegir', 'elijo', 'eliges', 'elige', 'elegimos', 'elegís', 'eligen', true);
INSERT INTO private.ckn_verb (verb_key, verb_base_key, language, verb_infinitive, verb_yo, verb_tu, verb_el_ella_usted, verb_nosotros, verb_vosotros, verb_ellos_ellas_ustedes, curated) VALUES (243, 243, 'en', 'cook', 'cook', 'cook', 'cook', 'cook', 'cook', 'cook', true);
INSERT INTO private.ckn_verb (verb_key, verb_base_key, language, verb_infinitive, verb_yo, verb_tu, verb_el_ella_usted, verb_nosotros, verb_vosotros, verb_ellos_ellas_ustedes, curated) VALUES (244, 243, 'es', 'cocinar', 'cocino', 'cocinas', 'cocina', 'cocinamos', 'cocináis', 'cocinan', true);
INSERT INTO private.ckn_verb (verb_key, verb_base_key, language, verb_infinitive, verb_yo, verb_tu, verb_el_ella_usted, verb_nosotros, verb_vosotros, verb_ellos_ellas_ustedes, curated) VALUES (245, 245, 'en', 'count', 'count', 'count', 'count', 'count', 'count', 'count', true);
INSERT INTO private.ckn_verb (verb_key, verb_base_key, language, verb_infinitive, verb_yo, verb_tu, verb_el_ella_usted, verb_nosotros, verb_vosotros, verb_ellos_ellas_ustedes, curated) VALUES (246, 245, 'es', 'contar', 'cuento', 'cuentas', 'cuenta', 'contamos', 'contáis', 'cuentan', true);
INSERT INTO private.ckn_verb (verb_key, verb_base_key, language, verb_infinitive, verb_yo, verb_tu, verb_el_ella_usted, verb_nosotros, verb_vosotros, verb_ellos_ellas_ustedes, curated) VALUES (247, 247, 'en', 'deliver', 'deliver', 'deliver', 'deliver', 'deliver', 'deliver', 'deliver', true);
INSERT INTO private.ckn_verb (verb_key, verb_base_key, language, verb_infinitive, verb_yo, verb_tu, verb_el_ella_usted, verb_nosotros, verb_vosotros, verb_ellos_ellas_ustedes, curated) VALUES (248, 247, 'es', 'entregar', 'entrego', 'entregas', 'entrega', 'entregamos', 'entregáis', 'entregan', true);
INSERT INTO private.ckn_verb (verb_key, verb_base_key, language, verb_infinitive, verb_yo, verb_tu, verb_el_ella_usted, verb_nosotros, verb_vosotros, verb_ellos_ellas_ustedes, curated) VALUES (249, 249, 'en', 'dislike', 'dislike', 'dislike', 'dislike', 'dislike', 'dislike', 'dislike', true);
INSERT INTO private.ckn_verb (verb_key, verb_base_key, language, verb_infinitive, verb_yo, verb_tu, verb_el_ella_usted, verb_nosotros, verb_vosotros, verb_ellos_ellas_ustedes, curated) VALUES (250, 249, 'es', 'disgustar', 'me disgusta', 'te disgusta', 'le disgusta', 'nos disgusta', 'os disgusta', 'les disgusta', true);
INSERT INTO private.ckn_verb (verb_key, verb_base_key, language, verb_infinitive, verb_yo, verb_tu, verb_el_ella_usted, verb_nosotros, verb_vosotros, verb_ellos_ellas_ustedes, curated) VALUES (251, 251, 'en', 'drink', 'drink', 'drink', 'drink', 'drink', 'drink', 'drink', true);
INSERT INTO private.ckn_verb (verb_key, verb_base_key, language, verb_infinitive, verb_yo, verb_tu, verb_el_ella_usted, verb_nosotros, verb_vosotros, verb_ellos_ellas_ustedes, curated) VALUES (252, 251, 'es', 'beber', 'bebo', 'bebes', 'bebe', 'bebemos', 'bebéis', 'beben', true);
INSERT INTO private.ckn_verb (verb_key, verb_base_key, language, verb_infinitive, verb_yo, verb_tu, verb_el_ella_usted, verb_nosotros, verb_vosotros, verb_ellos_ellas_ustedes, curated) VALUES (253, 253, 'en', 'eat', 'eat', 'eat', 'eat', 'eat', 'eat', 'eat', true);
INSERT INTO private.ckn_verb (verb_key, verb_base_key, language, verb_infinitive, verb_yo, verb_tu, verb_el_ella_usted, verb_nosotros, verb_vosotros, verb_ellos_ellas_ustedes, curated) VALUES (254, 253, 'es', 'comer', 'como', 'comes', 'come', 'comemos', 'coméis', 'comen', true);
INSERT INTO private.ckn_verb (verb_key, verb_base_key, language, verb_infinitive, verb_yo, verb_tu, verb_el_ella_usted, verb_nosotros, verb_vosotros, verb_ellos_ellas_ustedes, curated) VALUES (255, 255, 'en', 'eat out', 'eat out', 'eat out', 'eat out', 'eat out', 'eat out', 'eat out', true);
INSERT INTO private.ckn_verb (verb_key, verb_base_key, language, verb_infinitive, verb_yo, verb_tu, verb_el_ella_usted, verb_nosotros, verb_vosotros, verb_ellos_ellas_ustedes, curated) VALUES (256, 255, 'es', 'comer fuera', 'como fuera', 'comes fuera', 'come fuera', 'comemos fuera', 'coméis fuera', 'comen fuera', true);
INSERT INTO private.ckn_verb (verb_key, verb_base_key, language, verb_infinitive, verb_yo, verb_tu, verb_el_ella_usted, verb_nosotros, verb_vosotros, verb_ellos_ellas_ustedes, curated) VALUES (259, 259, 'en', 'enter', 'enter', 'enter', 'enter', 'enter', 'enter', 'enter', true);
INSERT INTO private.ckn_verb (verb_key, verb_base_key, language, verb_infinitive, verb_yo, verb_tu, verb_el_ella_usted, verb_nosotros, verb_vosotros, verb_ellos_ellas_ustedes, curated) VALUES (260, 259, 'es', 'entrar', 'entro', 'entras', 'entra', 'entramos', 'entráis', 'entran', true);
INSERT INTO private.ckn_verb (verb_key, verb_base_key, language, verb_infinitive, verb_yo, verb_tu, verb_el_ella_usted, verb_nosotros, verb_vosotros, verb_ellos_ellas_ustedes, curated) VALUES (261, 261, 'en', 'finish', 'finish', 'finish', 'finish', 'finish', 'finish', 'finish', true);
INSERT INTO private.ckn_verb (verb_key, verb_base_key, language, verb_infinitive, verb_yo, verb_tu, verb_el_ella_usted, verb_nosotros, verb_vosotros, verb_ellos_ellas_ustedes, curated) VALUES (262, 261, 'es', 'terminar', 'termino', 'terminas', 'termina', 'terminamos', 'termináis', 'terminan', true);
INSERT INTO private.ckn_verb (verb_key, verb_base_key, language, verb_infinitive, verb_yo, verb_tu, verb_el_ella_usted, verb_nosotros, verb_vosotros, verb_ellos_ellas_ustedes, curated) VALUES (265, 265, 'en', 'greet', 'greet', 'greet', 'greet', 'greet', 'greet', 'greet', true);
INSERT INTO private.ckn_verb (verb_key, verb_base_key, language, verb_infinitive, verb_yo, verb_tu, verb_el_ella_usted, verb_nosotros, verb_vosotros, verb_ellos_ellas_ustedes, curated) VALUES (266, 265, 'es', 'saludar', 'saludo', 'saludas', 'saluda', 'saludamos', 'saludáis', 'saludan', true);
INSERT INTO private.ckn_verb (verb_key, verb_base_key, language, verb_infinitive, verb_yo, verb_tu, verb_el_ella_usted, verb_nosotros, verb_vosotros, verb_ellos_ellas_ustedes, curated) VALUES (267, 267, 'en', 'invite', 'invite', 'invite', 'invite', 'invite', 'invite', 'invite', true);
INSERT INTO private.ckn_verb (verb_key, verb_base_key, language, verb_infinitive, verb_yo, verb_tu, verb_el_ella_usted, verb_nosotros, verb_vosotros, verb_ellos_ellas_ustedes, curated) VALUES (268, 267, 'es', 'invitar', 'invito', 'invitas', 'invita', 'invitamos', 'invitáis', 'invitan', true);
INSERT INTO private.ckn_verb (verb_key, verb_base_key, language, verb_infinitive, verb_yo, verb_tu, verb_el_ella_usted, verb_nosotros, verb_vosotros, verb_ellos_ellas_ustedes, curated) VALUES (271, 271, 'en', 'like', 'like', 'like', 'like', 'like', 'like', 'like', true);
INSERT INTO private.ckn_verb (verb_key, verb_base_key, language, verb_infinitive, verb_yo, verb_tu, verb_el_ella_usted, verb_nosotros, verb_vosotros, verb_ellos_ellas_ustedes, curated) VALUES (272, 271, 'es', 'gustar', 'me gusta', 'te gusta', 'le gusta', 'nos gusta', 'os gusta', 'les gusta', true);
INSERT INTO private.ckn_verb (verb_key, verb_base_key, language, verb_infinitive, verb_yo, verb_tu, verb_el_ella_usted, verb_nosotros, verb_vosotros, verb_ellos_ellas_ustedes, curated) VALUES (275, 275, 'en', 'order', 'order', 'order', 'order', 'order', 'order', 'order', true);
INSERT INTO private.ckn_verb (verb_key, verb_base_key, language, verb_infinitive, verb_yo, verb_tu, verb_el_ella_usted, verb_nosotros, verb_vosotros, verb_ellos_ellas_ustedes, curated) VALUES (276, 275, 'es', 'pedir', 'pido', 'pides', 'pide', 'pedimos', 'pedís', 'piden', true);
INSERT INTO private.ckn_verb (verb_key, verb_base_key, language, verb_infinitive, verb_yo, verb_tu, verb_el_ella_usted, verb_nosotros, verb_vosotros, verb_ellos_ellas_ustedes, curated) VALUES (281, 281, 'en', 'prefer', 'prefer', 'prefer', 'prefer', 'prefer', 'prefer', 'prefer', true);
INSERT INTO private.ckn_verb (verb_key, verb_base_key, language, verb_infinitive, verb_yo, verb_tu, verb_el_ella_usted, verb_nosotros, verb_vosotros, verb_ellos_ellas_ustedes, curated) VALUES (282, 281, 'es', 'preferir', 'prefiero', 'prefieres', 'prefiere', 'preferimos', 'preferen', 'preferen', true);
INSERT INTO private.ckn_verb (verb_key, verb_base_key, language, verb_infinitive, verb_yo, verb_tu, verb_el_ella_usted, verb_nosotros, verb_vosotros, verb_ellos_ellas_ustedes, curated) VALUES (283, 283, 'en', 'prepare', 'prepare', 'prepare', 'prepare', 'prepare', 'prepare', 'prepare', true);
INSERT INTO private.ckn_verb (verb_key, verb_base_key, language, verb_infinitive, verb_yo, verb_tu, verb_el_ella_usted, verb_nosotros, verb_vosotros, verb_ellos_ellas_ustedes, curated) VALUES (284, 283, 'es', 'preparar', 'preparo', 'preparas', 'prepara', 'preparamos', 'preparan', 'preparan', true);
INSERT INTO private.ckn_verb (verb_key, verb_base_key, language, verb_infinitive, verb_yo, verb_tu, verb_el_ella_usted, verb_nosotros, verb_vosotros, verb_ellos_ellas_ustedes, curated) VALUES (289, 289, 'en', 'recommend', 'recommend', 'recommend', 'recommend', 'recommend', 'recommend', 'recommend', true);
INSERT INTO private.ckn_verb (verb_key, verb_base_key, language, verb_infinitive, verb_yo, verb_tu, verb_el_ella_usted, verb_nosotros, verb_vosotros, verb_ellos_ellas_ustedes, curated) VALUES (290, 289, 'es', 'recomendar', 'recomiendo', 'recomiendas', 'recomienda', 'recomendamos', 'recomiendan', 'recomiendan', true);
INSERT INTO private.ckn_verb (verb_key, verb_base_key, language, verb_infinitive, verb_yo, verb_tu, verb_el_ella_usted, verb_nosotros, verb_vosotros, verb_ellos_ellas_ustedes, curated) VALUES (291, 291, 'en', 'refill', 'refill', 'refill', 'refill', 'refill', 'refill', 'refill', true);
INSERT INTO private.ckn_verb (verb_key, verb_base_key, language, verb_infinitive, verb_yo, verb_tu, verb_el_ella_usted, verb_nosotros, verb_vosotros, verb_ellos_ellas_ustedes, curated) VALUES (292, 291, 'es', 'rellenar', 'relleno', 'rellenas', 'rellena', 'rellenamos', 'rellenan', 'rellenan', true);
INSERT INTO private.ckn_verb (verb_key, verb_base_key, language, verb_infinitive, verb_yo, verb_tu, verb_el_ella_usted, verb_nosotros, verb_vosotros, verb_ellos_ellas_ustedes, curated) VALUES (295, 295, 'en', 'seat', 'seat', 'seat', 'seat', 'seat', 'seat', 'seat', true);
INSERT INTO private.ckn_verb (verb_key, verb_base_key, language, verb_infinitive, verb_yo, verb_tu, verb_el_ella_usted, verb_nosotros, verb_vosotros, verb_ellos_ellas_ustedes, curated) VALUES (296, 295, 'es', 'sentar', 'siento', 'sientas', 'sienta', 'sentamos', 'sientan', 'sientan', true);
INSERT INTO private.ckn_verb (verb_key, verb_base_key, language, verb_infinitive, verb_yo, verb_tu, verb_el_ella_usted, verb_nosotros, verb_vosotros, verb_ellos_ellas_ustedes, curated) VALUES (297, 297, 'en', 'serve', 'serve', 'serve', 'serve', 'serve', 'serve', 'serve', true);
INSERT INTO private.ckn_verb (verb_key, verb_base_key, language, verb_infinitive, verb_yo, verb_tu, verb_el_ella_usted, verb_nosotros, verb_vosotros, verb_ellos_ellas_ustedes, curated) VALUES (298, 297, 'es', 'servir', 'sirvo', 'sirves', 'sirve', 'servimos', 'sirven', 'sirven', true);
INSERT INTO private.ckn_verb (verb_key, verb_base_key, language, verb_infinitive, verb_yo, verb_tu, verb_el_ella_usted, verb_nosotros, verb_vosotros, verb_ellos_ellas_ustedes, curated) VALUES (299, 299, 'en', 'share', 'share', 'share', 'share', 'share', 'share', 'share', true);
INSERT INTO private.ckn_verb (verb_key, verb_base_key, language, verb_infinitive, verb_yo, verb_tu, verb_el_ella_usted, verb_nosotros, verb_vosotros, verb_ellos_ellas_ustedes, curated) VALUES (300, 299, 'es', 'compartir', 'comparto', 'compartes', 'comparte', 'compartimos', 'comparten', 'comparten', true);
INSERT INTO private.ckn_verb (verb_key, verb_base_key, language, verb_infinitive, verb_yo, verb_tu, verb_el_ella_usted, verb_nosotros, verb_vosotros, verb_ellos_ellas_ustedes, curated) VALUES (301, 301, 'en', 'sign', 'sign', 'sign', 'sign', 'sign', 'sign', 'sign', true);
INSERT INTO private.ckn_verb (verb_key, verb_base_key, language, verb_infinitive, verb_yo, verb_tu, verb_el_ella_usted, verb_nosotros, verb_vosotros, verb_ellos_ellas_ustedes, curated) VALUES (302, 301, 'es', 'firmar', 'firmo', 'firmas', 'firma', 'firmamos', 'firman', 'firman', true);
INSERT INTO private.ckn_verb (verb_key, verb_base_key, language, verb_infinitive, verb_yo, verb_tu, verb_el_ella_usted, verb_nosotros, verb_vosotros, verb_ellos_ellas_ustedes, curated) VALUES (305, 305, 'en', 'smile', 'smile', 'smile', 'smile', 'smile', 'smile', 'smile', true);
INSERT INTO private.ckn_verb (verb_key, verb_base_key, language, verb_infinitive, verb_yo, verb_tu, verb_el_ella_usted, verb_nosotros, verb_vosotros, verb_ellos_ellas_ustedes, curated) VALUES (306, 305, 'es', 'sonreír', 'sonrío', 'sonríes', 'sonríe', 'sonreímos', 'sonríen', 'sonríen', true);
INSERT INTO private.ckn_verb (verb_key, verb_base_key, language, verb_infinitive, verb_yo, verb_tu, verb_el_ella_usted, verb_nosotros, verb_vosotros, verb_ellos_ellas_ustedes, curated) VALUES (307, 307, 'en', 'spill', 'spill', 'spill', 'spill', 'spill', 'spill', 'spill', true);
INSERT INTO private.ckn_verb (verb_key, verb_base_key, language, verb_infinitive, verb_yo, verb_tu, verb_el_ella_usted, verb_nosotros, verb_vosotros, verb_ellos_ellas_ustedes, curated) VALUES (308, 307, 'es', 'derramar', 'derramo', 'derramas', 'derrama', 'derramamos', 'derraman', 'derraman', true);
INSERT INTO private.ckn_verb (verb_key, verb_base_key, language, verb_infinitive, verb_yo, verb_tu, verb_el_ella_usted, verb_nosotros, verb_vosotros, verb_ellos_ellas_ustedes, curated) VALUES (309, 309, 'en', 'split', 'split', 'split', 'split', 'split', 'split', 'split', true);
INSERT INTO private.ckn_verb (verb_key, verb_base_key, language, verb_infinitive, verb_yo, verb_tu, verb_el_ella_usted, verb_nosotros, verb_vosotros, verb_ellos_ellas_ustedes, curated) VALUES (310, 309, 'es', 'dividir', 'divido', 'divides', 'divide', 'dividimos', 'dividen', 'dividen', true);
INSERT INTO private.ckn_verb (verb_key, verb_base_key, language, verb_infinitive, verb_yo, verb_tu, verb_el_ella_usted, verb_nosotros, verb_vosotros, verb_ellos_ellas_ustedes, curated) VALUES (313, 313, 'en', 'start', 'start', 'start', 'start', 'start', 'start', 'start', true);
INSERT INTO private.ckn_verb (verb_key, verb_base_key, language, verb_infinitive, verb_yo, verb_tu, verb_el_ella_usted, verb_nosotros, verb_vosotros, verb_ellos_ellas_ustedes, curated) VALUES (314, 313, 'es', 'empezar', 'empiezo', 'empiezas', 'empieza', 'empezamos', 'empiezan', 'empiezan', true);
INSERT INTO private.ckn_verb (verb_key, verb_base_key, language, verb_infinitive, verb_yo, verb_tu, verb_el_ella_usted, verb_nosotros, verb_vosotros, verb_ellos_ellas_ustedes, curated) VALUES (315, 315, 'en', 'suggest', 'suggest', 'suggest', 'suggest', 'suggest', 'suggest', 'suggest', true);
INSERT INTO private.ckn_verb (verb_key, verb_base_key, language, verb_infinitive, verb_yo, verb_tu, verb_el_ella_usted, verb_nosotros, verb_vosotros, verb_ellos_ellas_ustedes, curated) VALUES (316, 315, 'es', 'sugerir', 'sugiero', 'sugieres', 'sugiere', 'sugerimos', 'sugieren', 'sugieren', true);
INSERT INTO private.ckn_verb (verb_key, verb_base_key, language, verb_infinitive, verb_yo, verb_tu, verb_el_ella_usted, verb_nosotros, verb_vosotros, verb_ellos_ellas_ustedes, curated) VALUES (317, 317, 'en', 'take', 'take', 'take', 'take', 'take', 'take', 'take', true);
INSERT INTO private.ckn_verb (verb_key, verb_base_key, language, verb_infinitive, verb_yo, verb_tu, verb_el_ella_usted, verb_nosotros, verb_vosotros, verb_ellos_ellas_ustedes, curated) VALUES (318, 317, 'es', 'tomar', 'tomo', 'tomas', 'toma', 'tomamos', 'toman', 'toman', true);
INSERT INTO private.ckn_verb (verb_key, verb_base_key, language, verb_infinitive, verb_yo, verb_tu, verb_el_ella_usted, verb_nosotros, verb_vosotros, verb_ellos_ellas_ustedes, curated) VALUES (319, 319, 'en', 'taste', 'taste', 'taste', 'taste', 'taste', 'taste', 'taste', true);
INSERT INTO private.ckn_verb (verb_key, verb_base_key, language, verb_infinitive, verb_yo, verb_tu, verb_el_ella_usted, verb_nosotros, verb_vosotros, verb_ellos_ellas_ustedes, curated) VALUES (320, 319, 'es', 'probar', 'pruebo', 'pruebas', 'prueba', 'probamos', 'prueban', 'prueban', true);
INSERT INTO private.ckn_verb (verb_key, verb_base_key, language, verb_infinitive, verb_yo, verb_tu, verb_el_ella_usted, verb_nosotros, verb_vosotros, verb_ellos_ellas_ustedes, curated) VALUES (321, 321, 'en', 'thank', 'thank', 'thank', 'thank', 'thank', 'thank', 'thank', true);
INSERT INTO private.ckn_verb (verb_key, verb_base_key, language, verb_infinitive, verb_yo, verb_tu, verb_el_ella_usted, verb_nosotros, verb_vosotros, verb_ellos_ellas_ustedes, curated) VALUES (322, 321, 'es', 'agradecer', 'agradezco', 'agradeces', 'agradece', 'agradecemos', 'agradecen', 'agradecen', true);
INSERT INTO private.ckn_verb (verb_key, verb_base_key, language, verb_infinitive, verb_yo, verb_tu, verb_el_ella_usted, verb_nosotros, verb_vosotros, verb_ellos_ellas_ustedes, curated) VALUES (323, 323, 'en', 'tip', 'tip', 'tip', 'tip', 'tip', 'tip', 'tip', true);
INSERT INTO private.ckn_verb (verb_key, verb_base_key, language, verb_infinitive, verb_yo, verb_tu, verb_el_ella_usted, verb_nosotros, verb_vosotros, verb_ellos_ellas_ustedes, curated) VALUES (324, 323, 'es', 'dar propina', 'doy propina', 'das propina', 'da propina', 'damos propina', 'dan propina', 'dan propina', true);
INSERT INTO private.ckn_verb (verb_key, verb_base_key, language, verb_infinitive, verb_yo, verb_tu, verb_el_ella_usted, verb_nosotros, verb_vosotros, verb_ellos_ellas_ustedes, curated) VALUES (326, 325, 'es', 'intentar', 'intento', 'intentas', 'intenta', 'intentamos', 'intentan', 'intentan', true);
INSERT INTO private.ckn_verb (verb_key, verb_base_key, language, verb_infinitive, verb_yo, verb_tu, verb_el_ella_usted, verb_nosotros, verb_vosotros, verb_ellos_ellas_ustedes, curated) VALUES (331, 331, 'en', 'wash', 'wash', 'wash', 'wash', 'wash', 'wash', 'wash', true);
INSERT INTO private.ckn_verb (verb_key, verb_base_key, language, verb_infinitive, verb_yo, verb_tu, verb_el_ella_usted, verb_nosotros, verb_vosotros, verb_ellos_ellas_ustedes, curated) VALUES (332, 331, 'es', 'lavar', 'lavo', 'lavas', 'lava', 'lavamos', 'lavan', 'lavan', true);
INSERT INTO private.ckn_verb (verb_key, verb_base_key, language, verb_infinitive, verb_yo, verb_tu, verb_el_ella_usted, verb_nosotros, verb_vosotros, verb_ellos_ellas_ustedes, curated) VALUES (333, 333, 'en', 'write', 'write', 'write', 'write', 'write', 'write', 'write', true);
INSERT INTO private.ckn_verb (verb_key, verb_base_key, language, verb_infinitive, verb_yo, verb_tu, verb_el_ella_usted, verb_nosotros, verb_vosotros, verb_ellos_ellas_ustedes, curated) VALUES (334, 333, 'es', 'escribir', 'escribo', 'escribes', 'escribe', 'escribimos', 'escriben', 'escriben', true);
INSERT INTO private.ckn_verb (verb_key, verb_base_key, language, verb_infinitive, verb_yo, verb_tu, verb_el_ella_usted, verb_nosotros, verb_vosotros, verb_ellos_ellas_ustedes, curated) VALUES (335, 335, 'en', 'accept', 'accept', 'accept', 'accept', 'accept', 'accept', 'accept', true);
INSERT INTO private.ckn_verb (verb_key, verb_base_key, language, verb_infinitive, verb_yo, verb_tu, verb_el_ella_usted, verb_nosotros, verb_vosotros, verb_ellos_ellas_ustedes, curated) VALUES (336, 335, 'es', 'aceptar', 'acepto', 'aceptas', 'acepta', 'aceptamos', 'aceptan', 'aceptan', true);
INSERT INTO private.ckn_verb (verb_key, verb_base_key, language, verb_infinitive, verb_yo, verb_tu, verb_el_ella_usted, verb_nosotros, verb_vosotros, verb_ellos_ellas_ustedes, curated) VALUES (357, 357, 'en', 'communicate', 'communicate', 'communicate', 'communicate', 'communicate', 'communicate', 'communicate', true);
INSERT INTO private.ckn_verb (verb_key, verb_base_key, language, verb_infinitive, verb_yo, verb_tu, verb_el_ella_usted, verb_nosotros, verb_vosotros, verb_ellos_ellas_ustedes, curated) VALUES (358, 357, 'es', 'comunicar', 'comunico', 'comunicas', 'comunica', 'comunicamos', 'comunican', 'comunican', true);
INSERT INTO private.ckn_verb (verb_key, verb_base_key, language, verb_infinitive, verb_yo, verb_tu, verb_el_ella_usted, verb_nosotros, verb_vosotros, verb_ellos_ellas_ustedes, curated) VALUES (361, 361, 'en', 'drive', 'drive', 'drive', 'drive', 'drive', 'drive', 'drive', true);
INSERT INTO private.ckn_verb (verb_key, verb_base_key, language, verb_infinitive, verb_yo, verb_tu, verb_el_ella_usted, verb_nosotros, verb_vosotros, verb_ellos_ellas_ustedes, curated) VALUES (362, 361, 'es', 'conducir', 'conduzco', 'conduces', 'conduce', 'conducimos', 'conducen', 'conducen', true);
INSERT INTO private.ckn_verb (verb_key, verb_base_key, language, verb_infinitive, verb_yo, verb_tu, verb_el_ella_usted, verb_nosotros, verb_vosotros, verb_ellos_ellas_ustedes, curated) VALUES (365, 365, 'en', 'end', 'end', 'end', 'end', 'end', 'end', 'end', true);
INSERT INTO private.ckn_verb (verb_key, verb_base_key, language, verb_infinitive, verb_yo, verb_tu, verb_el_ella_usted, verb_nosotros, verb_vosotros, verb_ellos_ellas_ustedes, curated) VALUES (366, 365, 'es', 'terminar', 'termino', 'terminas', 'termina', 'terminamos', 'terminan', 'terminan', true);
INSERT INTO private.ckn_verb (verb_key, verb_base_key, language, verb_infinitive, verb_yo, verb_tu, verb_el_ella_usted, verb_nosotros, verb_vosotros, verb_ellos_ellas_ustedes, curated) VALUES (371, 371, 'en', 'give', 'give', 'give', 'give', 'give', 'give', 'give', true);
INSERT INTO private.ckn_verb (verb_key, verb_base_key, language, verb_infinitive, verb_yo, verb_tu, verb_el_ella_usted, verb_nosotros, verb_vosotros, verb_ellos_ellas_ustedes, curated) VALUES (372, 371, 'es', 'dar', 'doy', 'das', 'da', 'damos', 'dan', 'dan', true);
INSERT INTO private.ckn_verb (verb_key, verb_base_key, language, verb_infinitive, verb_yo, verb_tu, verb_el_ella_usted, verb_nosotros, verb_vosotros, verb_ellos_ellas_ustedes, curated) VALUES (375, 375, 'en', 'hail', 'hail', 'hail', 'hail', 'hail', 'hail', 'hail', true);
INSERT INTO private.ckn_verb (verb_key, verb_base_key, language, verb_infinitive, verb_yo, verb_tu, verb_el_ella_usted, verb_nosotros, verb_vosotros, verb_ellos_ellas_ustedes, curated) VALUES (376, 375, 'es', 'llamar', 'llamo', 'llamas', 'llama', 'llamamos', 'llaman', 'llaman', true);
INSERT INTO private.ckn_verb (verb_key, verb_base_key, language, verb_infinitive, verb_yo, verb_tu, verb_el_ella_usted, verb_nosotros, verb_vosotros, verb_ellos_ellas_ustedes, curated) VALUES (377, 377, 'en', 'identify', 'identify', 'identify', 'identify', 'identify', 'identify', 'identify', true);
INSERT INTO private.ckn_verb (verb_key, verb_base_key, language, verb_infinitive, verb_yo, verb_tu, verb_el_ella_usted, verb_nosotros, verb_vosotros, verb_ellos_ellas_ustedes, curated) VALUES (378, 377, 'es', 'identificar', 'identifico', 'identificas', 'identifica', 'identificamos', 'identifican', 'identifican', true);
INSERT INTO private.ckn_verb (verb_key, verb_base_key, language, verb_infinitive, verb_yo, verb_tu, verb_el_ella_usted, verb_nosotros, verb_vosotros, verb_ellos_ellas_ustedes, curated) VALUES (379, 379, 'en', 'input', 'input', 'input', 'input', 'input', 'input', 'input', true);
INSERT INTO private.ckn_verb (verb_key, verb_base_key, language, verb_infinitive, verb_yo, verb_tu, verb_el_ella_usted, verb_nosotros, verb_vosotros, verb_ellos_ellas_ustedes, curated) VALUES (380, 379, 'es', 'ingresar', 'ingreso', 'ingresas', 'ingresa', 'ingresamos', 'ingresan', 'ingresan', true);
INSERT INTO private.ckn_verb (verb_key, verb_base_key, language, verb_infinitive, verb_yo, verb_tu, verb_el_ella_usted, verb_nosotros, verb_vosotros, verb_ellos_ellas_ustedes, curated) VALUES (387, 387, 'en', 'navigate', 'navigate', 'navigate', 'navigate', 'navigate', 'navigate', 'navigate', true);
INSERT INTO private.ckn_verb (verb_key, verb_base_key, language, verb_infinitive, verb_yo, verb_tu, verb_el_ella_usted, verb_nosotros, verb_vosotros, verb_ellos_ellas_ustedes, curated) VALUES (388, 387, 'es', 'navegar', 'navego', 'navegas', 'navega', 'navegamos', 'navegan', 'navegan', true);
INSERT INTO private.ckn_verb (verb_key, verb_base_key, language, verb_infinitive, verb_yo, verb_tu, verb_el_ella_usted, verb_nosotros, verb_vosotros, verb_ellos_ellas_ustedes, curated) VALUES (395, 395, 'en', 'pick', 'pick', 'pick', 'pick', 'pick', 'pick', 'pick', true);
INSERT INTO private.ckn_verb (verb_key, verb_base_key, language, verb_infinitive, verb_yo, verb_tu, verb_el_ella_usted, verb_nosotros, verb_vosotros, verb_ellos_ellas_ustedes, curated) VALUES (396, 395, 'es', 'recoger', 'recojo', 'recoges', 'recoge', 'recogemos', 'recogen', 'recogen', true);
INSERT INTO private.ckn_verb (verb_key, verb_base_key, language, verb_infinitive, verb_yo, verb_tu, verb_el_ella_usted, verb_nosotros, verb_vosotros, verb_ellos_ellas_ustedes, curated) VALUES (399, 399, 'en', 'rate', 'rate', 'rate', 'rate', 'rate', 'rate', 'rate', true);
INSERT INTO private.ckn_verb (verb_key, verb_base_key, language, verb_infinitive, verb_yo, verb_tu, verb_el_ella_usted, verb_nosotros, verb_vosotros, verb_ellos_ellas_ustedes, curated) VALUES (400, 399, 'es', 'calificar', 'califico', 'calificas', 'califica', 'calificamos', 'califican', 'califican', true);
INSERT INTO private.ckn_verb (verb_key, verb_base_key, language, verb_infinitive, verb_yo, verb_tu, verb_el_ella_usted, verb_nosotros, verb_vosotros, verb_ellos_ellas_ustedes, curated) VALUES (401, 401, 'en', 'recognize', 'recognize', 'recognize', 'recognize', 'recognize', 'recognize', 'recognize', true);
INSERT INTO private.ckn_verb (verb_key, verb_base_key, language, verb_infinitive, verb_yo, verb_tu, verb_el_ella_usted, verb_nosotros, verb_vosotros, verb_ellos_ellas_ustedes, curated) VALUES (402, 401, 'es', 'reconocer', 'reconozco', 'reconoces', 'reconoce', 'reconocemos', 'reconocen', 'reconocen', true);
INSERT INTO private.ckn_verb (verb_key, verb_base_key, language, verb_infinitive, verb_yo, verb_tu, verb_el_ella_usted, verb_nosotros, verb_vosotros, verb_ellos_ellas_ustedes, curated) VALUES (403, 403, 'en', 'reject', 'reject', 'reject', 'reject', 'reject', 'reject', 'reject', true);
INSERT INTO private.ckn_verb (verb_key, verb_base_key, language, verb_infinitive, verb_yo, verb_tu, verb_el_ella_usted, verb_nosotros, verb_vosotros, verb_ellos_ellas_ustedes, curated) VALUES (404, 403, 'es', 'rechazar', 'rechazo', 'rechazas', 'rechaza', 'rechazamos', 'rechazan', 'rechazan', true);
INSERT INTO private.ckn_verb (verb_key, verb_base_key, language, verb_infinitive, verb_yo, verb_tu, verb_el_ella_usted, verb_nosotros, verb_vosotros, verb_ellos_ellas_ustedes, curated) VALUES (405, 405, 'en', 'review', 'review', 'review', 'review', 'review', 'review', 'review', true);
INSERT INTO private.ckn_verb (verb_key, verb_base_key, language, verb_infinitive, verb_yo, verb_tu, verb_el_ella_usted, verb_nosotros, verb_vosotros, verb_ellos_ellas_ustedes, curated) VALUES (406, 405, 'es', 'revisar', 'reviso', 'revisas', 'revisa', 'revisamos', 'revistan', 'revistan', true);
INSERT INTO private.ckn_verb (verb_key, verb_base_key, language, verb_infinitive, verb_yo, verb_tu, verb_el_ella_usted, verb_nosotros, verb_vosotros, verb_ellos_ellas_ustedes, curated) VALUES (407, 407, 'en', 'ride', 'ride', 'ride', 'ride', 'ride', 'ride', 'ride', true);
INSERT INTO private.ckn_verb (verb_key, verb_base_key, language, verb_infinitive, verb_yo, verb_tu, verb_el_ella_usted, verb_nosotros, verb_vosotros, verb_ellos_ellas_ustedes, curated) VALUES (408, 407, 'es', 'viajar', 'viajo', 'viajas', 'viaja', 'viajamos', 'vianjan', 'vianjan', true);
INSERT INTO private.ckn_verb (verb_key, verb_base_key, language, verb_infinitive, verb_yo, verb_tu, verb_el_ella_usted, verb_nosotros, verb_vosotros, verb_ellos_ellas_ustedes, curated) VALUES (415, 415, 'en', 'signal', 'signal', 'signal', 'signal', 'signal', 'signal', 'signal', true);
INSERT INTO private.ckn_verb (verb_key, verb_base_key, language, verb_infinitive, verb_yo, verb_tu, verb_el_ella_usted, verb_nosotros, verb_vosotros, verb_ellos_ellas_ustedes, curated) VALUES (416, 415, 'es', 'señalar', 'señalo', 'señalas', 'señala', 'señalamos', 'señalan', 'señalan', true);
INSERT INTO private.ckn_verb (verb_key, verb_base_key, language, verb_infinitive, verb_yo, verb_tu, verb_el_ella_usted, verb_nosotros, verb_vosotros, verb_ellos_ellas_ustedes, curated) VALUES (421, 421, 'en', 'stop', 'stop', 'stop', 'stop', 'stop', 'stop', 'stop', true);
INSERT INTO private.ckn_verb (verb_key, verb_base_key, language, verb_infinitive, verb_yo, verb_tu, verb_el_ella_usted, verb_nosotros, verb_vosotros, verb_ellos_ellas_ustedes, curated) VALUES (422, 421, 'es', 'parar', 'paro', 'paras', 'para', 'paramos', 'paran', 'paran', true);
INSERT INTO private.ckn_verb (verb_key, verb_base_key, language, verb_infinitive, verb_yo, verb_tu, verb_el_ella_usted, verb_nosotros, verb_vosotros, verb_ellos_ellas_ustedes, curated) VALUES (425, 425, 'en', 'talk', 'talk', 'talk', 'talk', 'talk', 'talk', 'talk', true);
INSERT INTO private.ckn_verb (verb_key, verb_base_key, language, verb_infinitive, verb_yo, verb_tu, verb_el_ella_usted, verb_nosotros, verb_vosotros, verb_ellos_ellas_ustedes, curated) VALUES (426, 425, 'es', 'hablar', 'hablo', 'hablas', 'habla', 'hablamos', 'hablan', 'hablan', true);
INSERT INTO private.ckn_verb (verb_key, verb_base_key, language, verb_infinitive, verb_yo, verb_tu, verb_el_ella_usted, verb_nosotros, verb_vosotros, verb_ellos_ellas_ustedes, curated) VALUES (877, 169, 'es', 'tener', 'tengo', 'tienes', 'tiene', 'tenemos', 'tenéis', 'tienen', false);
INSERT INTO private.ckn_verb (verb_key, verb_base_key, language, verb_infinitive, verb_yo, verb_tu, verb_el_ella_usted, verb_nosotros, verb_vosotros, verb_ellos_ellas_ustedes, curated) VALUES (878, 878, 'es', 'sí', 'sí', 'sí', 'sí', 'sí', 'sí', 'sí', false);
INSERT INTO private.ckn_verb (verb_key, verb_base_key, language, verb_infinitive, verb_yo, verb_tu, verb_el_ella_usted, verb_nosotros, verb_vosotros, verb_ellos_ellas_ustedes, curated) VALUES (879, 43, 'es', 'seguir', 'sigo', 'sigues', 'sigue', 'seguimos', 'seguís', 'siguen', false);
INSERT INTO private.ckn_verb (verb_key, verb_base_key, language, verb_infinitive, verb_yo, verb_tu, verb_el_ella_usted, verb_nosotros, verb_vosotros, verb_ellos_ellas_ustedes, curated) VALUES (880, 880, 'es', 'sonar', 'suena', 'suena', 'suena', 'sonamos', 'sonáis', 'suena', false);
INSERT INTO private.ckn_verb (verb_key, verb_base_key, language, verb_infinitive, verb_yo, verb_tu, verb_el_ella_usted, verb_nosotros, verb_vosotros, verb_ellos_ellas_ustedes, curated) VALUES (881, 275, 'es', 'ordenar', 'ordeno', 'ordenas', 'ordena', 'ordenamos', 'ordenáis', 'ordenan', false);
INSERT INTO private.ckn_verb (verb_key, verb_base_key, language, verb_infinitive, verb_yo, verb_tu, verb_el_ella_usted, verb_nosotros, verb_vosotros, verb_ellos_ellas_ustedes, curated) VALUES (882, 882, 'es', 'desear', 'deseo', 'deseas', 'desea', 'deseamos', 'deseáis', 'desean', false);
INSERT INTO private.ckn_verb (verb_key, verb_base_key, language, verb_infinitive, verb_yo, verb_tu, verb_el_ella_usted, verb_nosotros, verb_vosotros, verb_ellos_ellas_ustedes, curated) VALUES (883, 883, 'es', 'acompañar', 'acompaño', 'acompañas', 'acompaña', 'acompañamos', 'acompañáis', 'acompañan', false);
INSERT INTO private.ckn_verb (verb_key, verb_base_key, language, verb_infinitive, verb_yo, verb_tu, verb_el_ella_usted, verb_nosotros, verb_vosotros, verb_ellos_ellas_ustedes, curated) VALUES (884, 884, 'es', 'gracias', 'gracias', 'gracias', 'gracias', 'gracias', 'gracias', 'gracias', false);
INSERT INTO private.ckn_verb (verb_key, verb_base_key, language, verb_infinitive, verb_yo, verb_tu, verb_el_ella_usted, verb_nosotros, verb_vosotros, verb_ellos_ellas_ustedes, curated) VALUES (885, 9, 'es', 'pedir', 'he pedido', 'has pedido', 'ha pedido', 'hemos pedido', 'habéis pedido', 'han pedido', false);
INSERT INTO private.ckn_verb (verb_key, verb_base_key, language, verb_infinitive, verb_yo, verb_tu, verb_el_ella_usted, verb_nosotros, verb_vosotros, verb_ellos_ellas_ustedes, curated) VALUES (886, 886, 'es', 'estar', 'estoy', 'estás', 'está', 'estamos', 'estáis', 'están', false);
INSERT INTO private.ckn_verb (verb_key, verb_base_key, language, verb_infinitive, verb_yo, verb_tu, verb_el_ella_usted, verb_nosotros, verb_vosotros, verb_ellos_ellas_ustedes, curated) VALUES (888, 271, 'es', 'gustar', 'me gusta', 'te gusta', 'le gusta', 'nos gusta', 'os gusta', 'les gusta', false);
INSERT INTO private.ckn_verb (verb_key, verb_base_key, language, verb_infinitive, verb_yo, verb_tu, verb_el_ella_usted, verb_nosotros, verb_vosotros, verb_ellos_ellas_ustedes, curated) VALUES (889, 67, 'es', 'pagar', 'pagaré', 'pagarás', 'pagará', 'pagaremos', 'pagaréis', 'pagarán', false);
INSERT INTO private.ckn_verb (verb_key, verb_base_key, language, verb_infinitive, verb_yo, verb_tu, verb_el_ella_usted, verb_nosotros, verb_vosotros, verb_ellos_ellas_ustedes, curated) VALUES (891, 891, 'es', 'ver', 'veo', 'ves', 've', 'vemos', 'veis', 'ven', false);
INSERT INTO private.ckn_verb (verb_key, verb_base_key, language, verb_infinitive, verb_yo, verb_tu, verb_el_ella_usted, verb_nosotros, verb_vosotros, verb_ellos_ellas_ustedes, curated) VALUES (892, 892, 'es', 'bienvenido', 'bienvenido', 'bienvenido', 'bienvenido', 'bienvenidos', 'bienvenidos', 'bienvenidos', false);


--
-- Data for Name: ckn_verb_scenarios; Type: TABLE DATA; Schema: private; Owner: postgres
--

INSERT INTO private.ckn_verb_scenarios (verb_key, scenario_key) VALUES (1, 3);
INSERT INTO private.ckn_verb_scenarios (verb_key, scenario_key) VALUES (2, 3);
INSERT INTO private.ckn_verb_scenarios (verb_key, scenario_key) VALUES (3, 3);
INSERT INTO private.ckn_verb_scenarios (verb_key, scenario_key) VALUES (4, 3);
INSERT INTO private.ckn_verb_scenarios (verb_key, scenario_key) VALUES (5, 3);
INSERT INTO private.ckn_verb_scenarios (verb_key, scenario_key) VALUES (6, 3);
INSERT INTO private.ckn_verb_scenarios (verb_key, scenario_key) VALUES (7, 3);
INSERT INTO private.ckn_verb_scenarios (verb_key, scenario_key) VALUES (8, 3);
INSERT INTO private.ckn_verb_scenarios (verb_key, scenario_key) VALUES (9, 3);
INSERT INTO private.ckn_verb_scenarios (verb_key, scenario_key) VALUES (10, 3);
INSERT INTO private.ckn_verb_scenarios (verb_key, scenario_key) VALUES (11, 3);
INSERT INTO private.ckn_verb_scenarios (verb_key, scenario_key) VALUES (12, 3);
INSERT INTO private.ckn_verb_scenarios (verb_key, scenario_key) VALUES (13, 3);
INSERT INTO private.ckn_verb_scenarios (verb_key, scenario_key) VALUES (14, 3);
INSERT INTO private.ckn_verb_scenarios (verb_key, scenario_key) VALUES (15, 3);
INSERT INTO private.ckn_verb_scenarios (verb_key, scenario_key) VALUES (16, 3);
INSERT INTO private.ckn_verb_scenarios (verb_key, scenario_key) VALUES (17, 3);
INSERT INTO private.ckn_verb_scenarios (verb_key, scenario_key) VALUES (18, 3);
INSERT INTO private.ckn_verb_scenarios (verb_key, scenario_key) VALUES (19, 3);
INSERT INTO private.ckn_verb_scenarios (verb_key, scenario_key) VALUES (20, 3);
INSERT INTO private.ckn_verb_scenarios (verb_key, scenario_key) VALUES (21, 3);
INSERT INTO private.ckn_verb_scenarios (verb_key, scenario_key) VALUES (22, 3);
INSERT INTO private.ckn_verb_scenarios (verb_key, scenario_key) VALUES (23, 3);
INSERT INTO private.ckn_verb_scenarios (verb_key, scenario_key) VALUES (24, 3);
INSERT INTO private.ckn_verb_scenarios (verb_key, scenario_key) VALUES (25, 3);
INSERT INTO private.ckn_verb_scenarios (verb_key, scenario_key) VALUES (26, 3);
INSERT INTO private.ckn_verb_scenarios (verb_key, scenario_key) VALUES (27, 3);
INSERT INTO private.ckn_verb_scenarios (verb_key, scenario_key) VALUES (28, 3);
INSERT INTO private.ckn_verb_scenarios (verb_key, scenario_key) VALUES (29, 3);
INSERT INTO private.ckn_verb_scenarios (verb_key, scenario_key) VALUES (30, 3);
INSERT INTO private.ckn_verb_scenarios (verb_key, scenario_key) VALUES (31, 3);
INSERT INTO private.ckn_verb_scenarios (verb_key, scenario_key) VALUES (32, 3);
INSERT INTO private.ckn_verb_scenarios (verb_key, scenario_key) VALUES (33, 3);
INSERT INTO private.ckn_verb_scenarios (verb_key, scenario_key) VALUES (34, 3);
INSERT INTO private.ckn_verb_scenarios (verb_key, scenario_key) VALUES (35, 3);
INSERT INTO private.ckn_verb_scenarios (verb_key, scenario_key) VALUES (36, 3);
INSERT INTO private.ckn_verb_scenarios (verb_key, scenario_key) VALUES (37, 3);
INSERT INTO private.ckn_verb_scenarios (verb_key, scenario_key) VALUES (38, 3);
INSERT INTO private.ckn_verb_scenarios (verb_key, scenario_key) VALUES (39, 3);
INSERT INTO private.ckn_verb_scenarios (verb_key, scenario_key) VALUES (40, 3);
INSERT INTO private.ckn_verb_scenarios (verb_key, scenario_key) VALUES (41, 3);
INSERT INTO private.ckn_verb_scenarios (verb_key, scenario_key) VALUES (42, 3);
INSERT INTO private.ckn_verb_scenarios (verb_key, scenario_key) VALUES (43, 3);
INSERT INTO private.ckn_verb_scenarios (verb_key, scenario_key) VALUES (44, 3);
INSERT INTO private.ckn_verb_scenarios (verb_key, scenario_key) VALUES (45, 3);
INSERT INTO private.ckn_verb_scenarios (verb_key, scenario_key) VALUES (46, 3);
INSERT INTO private.ckn_verb_scenarios (verb_key, scenario_key) VALUES (47, 3);
INSERT INTO private.ckn_verb_scenarios (verb_key, scenario_key) VALUES (48, 3);
INSERT INTO private.ckn_verb_scenarios (verb_key, scenario_key) VALUES (49, 3);
INSERT INTO private.ckn_verb_scenarios (verb_key, scenario_key) VALUES (50, 3);
INSERT INTO private.ckn_verb_scenarios (verb_key, scenario_key) VALUES (51, 3);
INSERT INTO private.ckn_verb_scenarios (verb_key, scenario_key) VALUES (52, 3);
INSERT INTO private.ckn_verb_scenarios (verb_key, scenario_key) VALUES (53, 3);
INSERT INTO private.ckn_verb_scenarios (verb_key, scenario_key) VALUES (54, 3);
INSERT INTO private.ckn_verb_scenarios (verb_key, scenario_key) VALUES (55, 3);
INSERT INTO private.ckn_verb_scenarios (verb_key, scenario_key) VALUES (56, 3);
INSERT INTO private.ckn_verb_scenarios (verb_key, scenario_key) VALUES (57, 3);
INSERT INTO private.ckn_verb_scenarios (verb_key, scenario_key) VALUES (59, 3);
INSERT INTO private.ckn_verb_scenarios (verb_key, scenario_key) VALUES (60, 3);
INSERT INTO private.ckn_verb_scenarios (verb_key, scenario_key) VALUES (61, 3);
INSERT INTO private.ckn_verb_scenarios (verb_key, scenario_key) VALUES (62, 3);
INSERT INTO private.ckn_verb_scenarios (verb_key, scenario_key) VALUES (63, 3);
INSERT INTO private.ckn_verb_scenarios (verb_key, scenario_key) VALUES (64, 3);
INSERT INTO private.ckn_verb_scenarios (verb_key, scenario_key) VALUES (65, 3);
INSERT INTO private.ckn_verb_scenarios (verb_key, scenario_key) VALUES (66, 3);
INSERT INTO private.ckn_verb_scenarios (verb_key, scenario_key) VALUES (67, 3);
INSERT INTO private.ckn_verb_scenarios (verb_key, scenario_key) VALUES (68, 3);
INSERT INTO private.ckn_verb_scenarios (verb_key, scenario_key) VALUES (69, 3);
INSERT INTO private.ckn_verb_scenarios (verb_key, scenario_key) VALUES (70, 3);
INSERT INTO private.ckn_verb_scenarios (verb_key, scenario_key) VALUES (71, 3);
INSERT INTO private.ckn_verb_scenarios (verb_key, scenario_key) VALUES (72, 3);
INSERT INTO private.ckn_verb_scenarios (verb_key, scenario_key) VALUES (73, 3);
INSERT INTO private.ckn_verb_scenarios (verb_key, scenario_key) VALUES (74, 3);
INSERT INTO private.ckn_verb_scenarios (verb_key, scenario_key) VALUES (75, 3);
INSERT INTO private.ckn_verb_scenarios (verb_key, scenario_key) VALUES (76, 3);
INSERT INTO private.ckn_verb_scenarios (verb_key, scenario_key) VALUES (77, 3);
INSERT INTO private.ckn_verb_scenarios (verb_key, scenario_key) VALUES (78, 3);
INSERT INTO private.ckn_verb_scenarios (verb_key, scenario_key) VALUES (79, 3);
INSERT INTO private.ckn_verb_scenarios (verb_key, scenario_key) VALUES (80, 3);
INSERT INTO private.ckn_verb_scenarios (verb_key, scenario_key) VALUES (81, 3);
INSERT INTO private.ckn_verb_scenarios (verb_key, scenario_key) VALUES (82, 3);
INSERT INTO private.ckn_verb_scenarios (verb_key, scenario_key) VALUES (83, 3);
INSERT INTO private.ckn_verb_scenarios (verb_key, scenario_key) VALUES (84, 3);
INSERT INTO private.ckn_verb_scenarios (verb_key, scenario_key) VALUES (85, 3);
INSERT INTO private.ckn_verb_scenarios (verb_key, scenario_key) VALUES (86, 3);
INSERT INTO private.ckn_verb_scenarios (verb_key, scenario_key) VALUES (87, 3);
INSERT INTO private.ckn_verb_scenarios (verb_key, scenario_key) VALUES (88, 3);
INSERT INTO private.ckn_verb_scenarios (verb_key, scenario_key) VALUES (89, 3);
INSERT INTO private.ckn_verb_scenarios (verb_key, scenario_key) VALUES (90, 3);
INSERT INTO private.ckn_verb_scenarios (verb_key, scenario_key) VALUES (91, 3);
INSERT INTO private.ckn_verb_scenarios (verb_key, scenario_key) VALUES (92, 3);
INSERT INTO private.ckn_verb_scenarios (verb_key, scenario_key) VALUES (93, 3);
INSERT INTO private.ckn_verb_scenarios (verb_key, scenario_key) VALUES (94, 3);
INSERT INTO private.ckn_verb_scenarios (verb_key, scenario_key) VALUES (95, 3);
INSERT INTO private.ckn_verb_scenarios (verb_key, scenario_key) VALUES (96, 3);
INSERT INTO private.ckn_verb_scenarios (verb_key, scenario_key) VALUES (97, 3);
INSERT INTO private.ckn_verb_scenarios (verb_key, scenario_key) VALUES (99, 3);
INSERT INTO private.ckn_verb_scenarios (verb_key, scenario_key) VALUES (100, 3);
INSERT INTO private.ckn_verb_scenarios (verb_key, scenario_key) VALUES (101, 3);
INSERT INTO private.ckn_verb_scenarios (verb_key, scenario_key) VALUES (102, 3);
INSERT INTO private.ckn_verb_scenarios (verb_key, scenario_key) VALUES (103, 3);
INSERT INTO private.ckn_verb_scenarios (verb_key, scenario_key) VALUES (104, 3);
INSERT INTO private.ckn_verb_scenarios (verb_key, scenario_key) VALUES (105, 3);
INSERT INTO private.ckn_verb_scenarios (verb_key, scenario_key) VALUES (106, 3);
INSERT INTO private.ckn_verb_scenarios (verb_key, scenario_key) VALUES (107, 3);
INSERT INTO private.ckn_verb_scenarios (verb_key, scenario_key) VALUES (108, 3);
INSERT INTO private.ckn_verb_scenarios (verb_key, scenario_key) VALUES (109, 3);
INSERT INTO private.ckn_verb_scenarios (verb_key, scenario_key) VALUES (110, 3);
INSERT INTO private.ckn_verb_scenarios (verb_key, scenario_key) VALUES (111, 3);
INSERT INTO private.ckn_verb_scenarios (verb_key, scenario_key) VALUES (112, 3);
INSERT INTO private.ckn_verb_scenarios (verb_key, scenario_key) VALUES (113, 1);
INSERT INTO private.ckn_verb_scenarios (verb_key, scenario_key) VALUES (114, 1);
INSERT INTO private.ckn_verb_scenarios (verb_key, scenario_key) VALUES (5, 1);
INSERT INTO private.ckn_verb_scenarios (verb_key, scenario_key) VALUES (6, 1);
INSERT INTO private.ckn_verb_scenarios (verb_key, scenario_key) VALUES (7, 1);
INSERT INTO private.ckn_verb_scenarios (verb_key, scenario_key) VALUES (8, 1);
INSERT INTO private.ckn_verb_scenarios (verb_key, scenario_key) VALUES (9, 1);
INSERT INTO private.ckn_verb_scenarios (verb_key, scenario_key) VALUES (10, 1);
INSERT INTO private.ckn_verb_scenarios (verb_key, scenario_key) VALUES (121, 1);
INSERT INTO private.ckn_verb_scenarios (verb_key, scenario_key) VALUES (122, 1);
INSERT INTO private.ckn_verb_scenarios (verb_key, scenario_key) VALUES (123, 1);
INSERT INTO private.ckn_verb_scenarios (verb_key, scenario_key) VALUES (124, 1);
INSERT INTO private.ckn_verb_scenarios (verb_key, scenario_key) VALUES (125, 1);
INSERT INTO private.ckn_verb_scenarios (verb_key, scenario_key) VALUES (126, 1);
INSERT INTO private.ckn_verb_scenarios (verb_key, scenario_key) VALUES (15, 1);
INSERT INTO private.ckn_verb_scenarios (verb_key, scenario_key) VALUES (16, 1);
INSERT INTO private.ckn_verb_scenarios (verb_key, scenario_key) VALUES (129, 1);
INSERT INTO private.ckn_verb_scenarios (verb_key, scenario_key) VALUES (130, 1);
INSERT INTO private.ckn_verb_scenarios (verb_key, scenario_key) VALUES (17, 1);
INSERT INTO private.ckn_verb_scenarios (verb_key, scenario_key) VALUES (18, 1);
INSERT INTO private.ckn_verb_scenarios (verb_key, scenario_key) VALUES (19, 1);
INSERT INTO private.ckn_verb_scenarios (verb_key, scenario_key) VALUES (20, 1);
INSERT INTO private.ckn_verb_scenarios (verb_key, scenario_key) VALUES (135, 1);
INSERT INTO private.ckn_verb_scenarios (verb_key, scenario_key) VALUES (136, 1);
INSERT INTO private.ckn_verb_scenarios (verb_key, scenario_key) VALUES (137, 1);
INSERT INTO private.ckn_verb_scenarios (verb_key, scenario_key) VALUES (138, 1);
INSERT INTO private.ckn_verb_scenarios (verb_key, scenario_key) VALUES (21, 1);
INSERT INTO private.ckn_verb_scenarios (verb_key, scenario_key) VALUES (22, 1);
INSERT INTO private.ckn_verb_scenarios (verb_key, scenario_key) VALUES (23, 1);
INSERT INTO private.ckn_verb_scenarios (verb_key, scenario_key) VALUES (24, 1);
INSERT INTO private.ckn_verb_scenarios (verb_key, scenario_key) VALUES (143, 1);
INSERT INTO private.ckn_verb_scenarios (verb_key, scenario_key) VALUES (32, 1);
INSERT INTO private.ckn_verb_scenarios (verb_key, scenario_key) VALUES (145, 1);
INSERT INTO private.ckn_verb_scenarios (verb_key, scenario_key) VALUES (146, 1);
INSERT INTO private.ckn_verb_scenarios (verb_key, scenario_key) VALUES (27, 1);
INSERT INTO private.ckn_verb_scenarios (verb_key, scenario_key) VALUES (28, 1);
INSERT INTO private.ckn_verb_scenarios (verb_key, scenario_key) VALUES (149, 1);
INSERT INTO private.ckn_verb_scenarios (verb_key, scenario_key) VALUES (150, 1);
INSERT INTO private.ckn_verb_scenarios (verb_key, scenario_key) VALUES (151, 1);
INSERT INTO private.ckn_verb_scenarios (verb_key, scenario_key) VALUES (152, 1);
INSERT INTO private.ckn_verb_scenarios (verb_key, scenario_key) VALUES (153, 1);
INSERT INTO private.ckn_verb_scenarios (verb_key, scenario_key) VALUES (154, 1);
INSERT INTO private.ckn_verb_scenarios (verb_key, scenario_key) VALUES (155, 1);
INSERT INTO private.ckn_verb_scenarios (verb_key, scenario_key) VALUES (156, 1);
INSERT INTO private.ckn_verb_scenarios (verb_key, scenario_key) VALUES (157, 1);
INSERT INTO private.ckn_verb_scenarios (verb_key, scenario_key) VALUES (158, 1);
INSERT INTO private.ckn_verb_scenarios (verb_key, scenario_key) VALUES (159, 1);
INSERT INTO private.ckn_verb_scenarios (verb_key, scenario_key) VALUES (160, 1);
INSERT INTO private.ckn_verb_scenarios (verb_key, scenario_key) VALUES (161, 1);
INSERT INTO private.ckn_verb_scenarios (verb_key, scenario_key) VALUES (162, 1);
INSERT INTO private.ckn_verb_scenarios (verb_key, scenario_key) VALUES (163, 1);
INSERT INTO private.ckn_verb_scenarios (verb_key, scenario_key) VALUES (164, 1);
INSERT INTO private.ckn_verb_scenarios (verb_key, scenario_key) VALUES (165, 1);
INSERT INTO private.ckn_verb_scenarios (verb_key, scenario_key) VALUES (166, 1);
INSERT INTO private.ckn_verb_scenarios (verb_key, scenario_key) VALUES (45, 1);
INSERT INTO private.ckn_verb_scenarios (verb_key, scenario_key) VALUES (46, 1);
INSERT INTO private.ckn_verb_scenarios (verb_key, scenario_key) VALUES (169, 1);
INSERT INTO private.ckn_verb_scenarios (verb_key, scenario_key) VALUES (170, 1);
INSERT INTO private.ckn_verb_scenarios (verb_key, scenario_key) VALUES (49, 1);
INSERT INTO private.ckn_verb_scenarios (verb_key, scenario_key) VALUES (50, 1);
INSERT INTO private.ckn_verb_scenarios (verb_key, scenario_key) VALUES (57, 1);
INSERT INTO private.ckn_verb_scenarios (verb_key, scenario_key) VALUES (175, 1);
INSERT INTO private.ckn_verb_scenarios (verb_key, scenario_key) VALUES (176, 1);
INSERT INTO private.ckn_verb_scenarios (verb_key, scenario_key) VALUES (177, 1);
INSERT INTO private.ckn_verb_scenarios (verb_key, scenario_key) VALUES (178, 1);
INSERT INTO private.ckn_verb_scenarios (verb_key, scenario_key) VALUES (179, 1);
INSERT INTO private.ckn_verb_scenarios (verb_key, scenario_key) VALUES (180, 1);
INSERT INTO private.ckn_verb_scenarios (verb_key, scenario_key) VALUES (181, 1);
INSERT INTO private.ckn_verb_scenarios (verb_key, scenario_key) VALUES (182, 1);
INSERT INTO private.ckn_verb_scenarios (verb_key, scenario_key) VALUES (63, 1);
INSERT INTO private.ckn_verb_scenarios (verb_key, scenario_key) VALUES (64, 1);
INSERT INTO private.ckn_verb_scenarios (verb_key, scenario_key) VALUES (67, 1);
INSERT INTO private.ckn_verb_scenarios (verb_key, scenario_key) VALUES (68, 1);
INSERT INTO private.ckn_verb_scenarios (verb_key, scenario_key) VALUES (73, 1);
INSERT INTO private.ckn_verb_scenarios (verb_key, scenario_key) VALUES (74, 1);
INSERT INTO private.ckn_verb_scenarios (verb_key, scenario_key) VALUES (189, 1);
INSERT INTO private.ckn_verb_scenarios (verb_key, scenario_key) VALUES (190, 1);
INSERT INTO private.ckn_verb_scenarios (verb_key, scenario_key) VALUES (191, 1);
INSERT INTO private.ckn_verb_scenarios (verb_key, scenario_key) VALUES (192, 1);
INSERT INTO private.ckn_verb_scenarios (verb_key, scenario_key) VALUES (193, 1);
INSERT INTO private.ckn_verb_scenarios (verb_key, scenario_key) VALUES (194, 1);
INSERT INTO private.ckn_verb_scenarios (verb_key, scenario_key) VALUES (195, 1);
INSERT INTO private.ckn_verb_scenarios (verb_key, scenario_key) VALUES (196, 1);
INSERT INTO private.ckn_verb_scenarios (verb_key, scenario_key) VALUES (197, 1);
INSERT INTO private.ckn_verb_scenarios (verb_key, scenario_key) VALUES (87, 1);
INSERT INTO private.ckn_verb_scenarios (verb_key, scenario_key) VALUES (88, 1);
INSERT INTO private.ckn_verb_scenarios (verb_key, scenario_key) VALUES (201, 1);
INSERT INTO private.ckn_verb_scenarios (verb_key, scenario_key) VALUES (202, 1);
INSERT INTO private.ckn_verb_scenarios (verb_key, scenario_key) VALUES (203, 1);
INSERT INTO private.ckn_verb_scenarios (verb_key, scenario_key) VALUES (204, 1);
INSERT INTO private.ckn_verb_scenarios (verb_key, scenario_key) VALUES (205, 1);
INSERT INTO private.ckn_verb_scenarios (verb_key, scenario_key) VALUES (206, 1);
INSERT INTO private.ckn_verb_scenarios (verb_key, scenario_key) VALUES (207, 1);
INSERT INTO private.ckn_verb_scenarios (verb_key, scenario_key) VALUES (209, 1);
INSERT INTO private.ckn_verb_scenarios (verb_key, scenario_key) VALUES (210, 1);
INSERT INTO private.ckn_verb_scenarios (verb_key, scenario_key) VALUES (211, 1);
INSERT INTO private.ckn_verb_scenarios (verb_key, scenario_key) VALUES (212, 1);
INSERT INTO private.ckn_verb_scenarios (verb_key, scenario_key) VALUES (213, 1);
INSERT INTO private.ckn_verb_scenarios (verb_key, scenario_key) VALUES (214, 1);
INSERT INTO private.ckn_verb_scenarios (verb_key, scenario_key) VALUES (215, 1);
INSERT INTO private.ckn_verb_scenarios (verb_key, scenario_key) VALUES (216, 1);
INSERT INTO private.ckn_verb_scenarios (verb_key, scenario_key) VALUES (217, 1);
INSERT INTO private.ckn_verb_scenarios (verb_key, scenario_key) VALUES (218, 1);
INSERT INTO private.ckn_verb_scenarios (verb_key, scenario_key) VALUES (219, 1);
INSERT INTO private.ckn_verb_scenarios (verb_key, scenario_key) VALUES (220, 1);
INSERT INTO private.ckn_verb_scenarios (verb_key, scenario_key) VALUES (109, 1);
INSERT INTO private.ckn_verb_scenarios (verb_key, scenario_key) VALUES (110, 1);
INSERT INTO private.ckn_verb_scenarios (verb_key, scenario_key) VALUES (223, 1);
INSERT INTO private.ckn_verb_scenarios (verb_key, scenario_key) VALUES (224, 1);
INSERT INTO private.ckn_verb_scenarios (verb_key, scenario_key) VALUES (225, 1);
INSERT INTO private.ckn_verb_scenarios (verb_key, scenario_key) VALUES (226, 1);
INSERT INTO private.ckn_verb_scenarios (verb_key, scenario_key) VALUES (125, 2);
INSERT INTO private.ckn_verb_scenarios (verb_key, scenario_key) VALUES (126, 2);
INSERT INTO private.ckn_verb_scenarios (verb_key, scenario_key) VALUES (15, 2);
INSERT INTO private.ckn_verb_scenarios (verb_key, scenario_key) VALUES (16, 2);
INSERT INTO private.ckn_verb_scenarios (verb_key, scenario_key) VALUES (17, 2);
INSERT INTO private.ckn_verb_scenarios (verb_key, scenario_key) VALUES (18, 2);
INSERT INTO private.ckn_verb_scenarios (verb_key, scenario_key) VALUES (19, 2);
INSERT INTO private.ckn_verb_scenarios (verb_key, scenario_key) VALUES (20, 2);
INSERT INTO private.ckn_verb_scenarios (verb_key, scenario_key) VALUES (21, 2);
INSERT INTO private.ckn_verb_scenarios (verb_key, scenario_key) VALUES (22, 2);
INSERT INTO private.ckn_verb_scenarios (verb_key, scenario_key) VALUES (237, 2);
INSERT INTO private.ckn_verb_scenarios (verb_key, scenario_key) VALUES (238, 2);
INSERT INTO private.ckn_verb_scenarios (verb_key, scenario_key) VALUES (145, 2);
INSERT INTO private.ckn_verb_scenarios (verb_key, scenario_key) VALUES (146, 2);
INSERT INTO private.ckn_verb_scenarios (verb_key, scenario_key) VALUES (151, 2);
INSERT INTO private.ckn_verb_scenarios (verb_key, scenario_key) VALUES (152, 2);
INSERT INTO private.ckn_verb_scenarios (verb_key, scenario_key) VALUES (243, 2);
INSERT INTO private.ckn_verb_scenarios (verb_key, scenario_key) VALUES (244, 2);
INSERT INTO private.ckn_verb_scenarios (verb_key, scenario_key) VALUES (245, 2);
INSERT INTO private.ckn_verb_scenarios (verb_key, scenario_key) VALUES (246, 2);
INSERT INTO private.ckn_verb_scenarios (verb_key, scenario_key) VALUES (247, 2);
INSERT INTO private.ckn_verb_scenarios (verb_key, scenario_key) VALUES (248, 2);
INSERT INTO private.ckn_verb_scenarios (verb_key, scenario_key) VALUES (249, 2);
INSERT INTO private.ckn_verb_scenarios (verb_key, scenario_key) VALUES (250, 2);
INSERT INTO private.ckn_verb_scenarios (verb_key, scenario_key) VALUES (251, 2);
INSERT INTO private.ckn_verb_scenarios (verb_key, scenario_key) VALUES (252, 2);
INSERT INTO private.ckn_verb_scenarios (verb_key, scenario_key) VALUES (253, 2);
INSERT INTO private.ckn_verb_scenarios (verb_key, scenario_key) VALUES (254, 2);
INSERT INTO private.ckn_verb_scenarios (verb_key, scenario_key) VALUES (255, 2);
INSERT INTO private.ckn_verb_scenarios (verb_key, scenario_key) VALUES (256, 2);
INSERT INTO private.ckn_verb_scenarios (verb_key, scenario_key) VALUES (159, 2);
INSERT INTO private.ckn_verb_scenarios (verb_key, scenario_key) VALUES (160, 2);
INSERT INTO private.ckn_verb_scenarios (verb_key, scenario_key) VALUES (259, 2);
INSERT INTO private.ckn_verb_scenarios (verb_key, scenario_key) VALUES (260, 2);
INSERT INTO private.ckn_verb_scenarios (verb_key, scenario_key) VALUES (261, 2);
INSERT INTO private.ckn_verb_scenarios (verb_key, scenario_key) VALUES (262, 2);
INSERT INTO private.ckn_verb_scenarios (verb_key, scenario_key) VALUES (45, 2);
INSERT INTO private.ckn_verb_scenarios (verb_key, scenario_key) VALUES (46, 2);
INSERT INTO private.ckn_verb_scenarios (verb_key, scenario_key) VALUES (265, 2);
INSERT INTO private.ckn_verb_scenarios (verb_key, scenario_key) VALUES (266, 2);
INSERT INTO private.ckn_verb_scenarios (verb_key, scenario_key) VALUES (267, 2);
INSERT INTO private.ckn_verb_scenarios (verb_key, scenario_key) VALUES (268, 2);
INSERT INTO private.ckn_verb_scenarios (verb_key, scenario_key) VALUES (57, 2);
INSERT INTO private.ckn_verb_scenarios (verb_key, scenario_key) VALUES (32, 2);
INSERT INTO private.ckn_verb_scenarios (verb_key, scenario_key) VALUES (271, 2);
INSERT INTO private.ckn_verb_scenarios (verb_key, scenario_key) VALUES (272, 2);
INSERT INTO private.ckn_verb_scenarios (verb_key, scenario_key) VALUES (181, 2);
INSERT INTO private.ckn_verb_scenarios (verb_key, scenario_key) VALUES (182, 2);
INSERT INTO private.ckn_verb_scenarios (verb_key, scenario_key) VALUES (275, 2);
INSERT INTO private.ckn_verb_scenarios (verb_key, scenario_key) VALUES (122, 2);
INSERT INTO private.ckn_verb_scenarios (verb_key, scenario_key) VALUES (65, 2);
INSERT INTO private.ckn_verb_scenarios (verb_key, scenario_key) VALUES (66, 2);
INSERT INTO private.ckn_verb_scenarios (verb_key, scenario_key) VALUES (67, 2);
INSERT INTO private.ckn_verb_scenarios (verb_key, scenario_key) VALUES (68, 2);
INSERT INTO private.ckn_verb_scenarios (verb_key, scenario_key) VALUES (281, 2);
INSERT INTO private.ckn_verb_scenarios (verb_key, scenario_key) VALUES (282, 2);
INSERT INTO private.ckn_verb_scenarios (verb_key, scenario_key) VALUES (283, 2);
INSERT INTO private.ckn_verb_scenarios (verb_key, scenario_key) VALUES (284, 2);
INSERT INTO private.ckn_verb_scenarios (verb_key, scenario_key) VALUES (73, 2);
INSERT INTO private.ckn_verb_scenarios (verb_key, scenario_key) VALUES (74, 2);
INSERT INTO private.ckn_verb_scenarios (verb_key, scenario_key) VALUES (75, 2);
INSERT INTO private.ckn_verb_scenarios (verb_key, scenario_key) VALUES (76, 2);
INSERT INTO private.ckn_verb_scenarios (verb_key, scenario_key) VALUES (289, 2);
INSERT INTO private.ckn_verb_scenarios (verb_key, scenario_key) VALUES (290, 2);
INSERT INTO private.ckn_verb_scenarios (verb_key, scenario_key) VALUES (291, 2);
INSERT INTO private.ckn_verb_scenarios (verb_key, scenario_key) VALUES (292, 2);
INSERT INTO private.ckn_verb_scenarios (verb_key, scenario_key) VALUES (197, 2);
INSERT INTO private.ckn_verb_scenarios (verb_key, scenario_key) VALUES (124, 2);
INSERT INTO private.ckn_verb_scenarios (verb_key, scenario_key) VALUES (295, 2);
INSERT INTO private.ckn_verb_scenarios (verb_key, scenario_key) VALUES (296, 2);
INSERT INTO private.ckn_verb_scenarios (verb_key, scenario_key) VALUES (297, 2);
INSERT INTO private.ckn_verb_scenarios (verb_key, scenario_key) VALUES (298, 2);
INSERT INTO private.ckn_verb_scenarios (verb_key, scenario_key) VALUES (299, 2);
INSERT INTO private.ckn_verb_scenarios (verb_key, scenario_key) VALUES (300, 2);
INSERT INTO private.ckn_verb_scenarios (verb_key, scenario_key) VALUES (301, 2);
INSERT INTO private.ckn_verb_scenarios (verb_key, scenario_key) VALUES (302, 2);
INSERT INTO private.ckn_verb_scenarios (verb_key, scenario_key) VALUES (91, 2);
INSERT INTO private.ckn_verb_scenarios (verb_key, scenario_key) VALUES (92, 2);
INSERT INTO private.ckn_verb_scenarios (verb_key, scenario_key) VALUES (305, 2);
INSERT INTO private.ckn_verb_scenarios (verb_key, scenario_key) VALUES (306, 2);
INSERT INTO private.ckn_verb_scenarios (verb_key, scenario_key) VALUES (307, 2);
INSERT INTO private.ckn_verb_scenarios (verb_key, scenario_key) VALUES (308, 2);
INSERT INTO private.ckn_verb_scenarios (verb_key, scenario_key) VALUES (309, 2);
INSERT INTO private.ckn_verb_scenarios (verb_key, scenario_key) VALUES (310, 2);
INSERT INTO private.ckn_verb_scenarios (verb_key, scenario_key) VALUES (95, 2);
INSERT INTO private.ckn_verb_scenarios (verb_key, scenario_key) VALUES (96, 2);
INSERT INTO private.ckn_verb_scenarios (verb_key, scenario_key) VALUES (313, 2);
INSERT INTO private.ckn_verb_scenarios (verb_key, scenario_key) VALUES (314, 2);
INSERT INTO private.ckn_verb_scenarios (verb_key, scenario_key) VALUES (315, 2);
INSERT INTO private.ckn_verb_scenarios (verb_key, scenario_key) VALUES (316, 2);
INSERT INTO private.ckn_verb_scenarios (verb_key, scenario_key) VALUES (317, 2);
INSERT INTO private.ckn_verb_scenarios (verb_key, scenario_key) VALUES (318, 2);
INSERT INTO private.ckn_verb_scenarios (verb_key, scenario_key) VALUES (319, 2);
INSERT INTO private.ckn_verb_scenarios (verb_key, scenario_key) VALUES (320, 2);
INSERT INTO private.ckn_verb_scenarios (verb_key, scenario_key) VALUES (321, 2);
INSERT INTO private.ckn_verb_scenarios (verb_key, scenario_key) VALUES (322, 2);
INSERT INTO private.ckn_verb_scenarios (verb_key, scenario_key) VALUES (323, 2);
INSERT INTO private.ckn_verb_scenarios (verb_key, scenario_key) VALUES (324, 2);
INSERT INTO private.ckn_verb_scenarios (verb_key, scenario_key) VALUES (325, 2);
INSERT INTO private.ckn_verb_scenarios (verb_key, scenario_key) VALUES (326, 2);
INSERT INTO private.ckn_verb_scenarios (verb_key, scenario_key) VALUES (109, 2);
INSERT INTO private.ckn_verb_scenarios (verb_key, scenario_key) VALUES (110, 2);
INSERT INTO private.ckn_verb_scenarios (verb_key, scenario_key) VALUES (225, 2);
INSERT INTO private.ckn_verb_scenarios (verb_key, scenario_key) VALUES (226, 2);
INSERT INTO private.ckn_verb_scenarios (verb_key, scenario_key) VALUES (331, 2);
INSERT INTO private.ckn_verb_scenarios (verb_key, scenario_key) VALUES (332, 2);
INSERT INTO private.ckn_verb_scenarios (verb_key, scenario_key) VALUES (333, 2);
INSERT INTO private.ckn_verb_scenarios (verb_key, scenario_key) VALUES (334, 2);
INSERT INTO private.ckn_verb_scenarios (verb_key, scenario_key) VALUES (335, 4);
INSERT INTO private.ckn_verb_scenarios (verb_key, scenario_key) VALUES (336, 4);
INSERT INTO private.ckn_verb_scenarios (verb_key, scenario_key) VALUES (113, 4);
INSERT INTO private.ckn_verb_scenarios (verb_key, scenario_key) VALUES (114, 4);
INSERT INTO private.ckn_verb_scenarios (verb_key, scenario_key) VALUES (3, 4);
INSERT INTO private.ckn_verb_scenarios (verb_key, scenario_key) VALUES (4, 4);
INSERT INTO private.ckn_verb_scenarios (verb_key, scenario_key) VALUES (7, 4);
INSERT INTO private.ckn_verb_scenarios (verb_key, scenario_key) VALUES (8, 4);
INSERT INTO private.ckn_verb_scenarios (verb_key, scenario_key) VALUES (9, 4);
INSERT INTO private.ckn_verb_scenarios (verb_key, scenario_key) VALUES (10, 4);
INSERT INTO private.ckn_verb_scenarios (verb_key, scenario_key) VALUES (123, 4);
INSERT INTO private.ckn_verb_scenarios (verb_key, scenario_key) VALUES (124, 4);
INSERT INTO private.ckn_verb_scenarios (verb_key, scenario_key) VALUES (15, 4);
INSERT INTO private.ckn_verb_scenarios (verb_key, scenario_key) VALUES (16, 4);
INSERT INTO private.ckn_verb_scenarios (verb_key, scenario_key) VALUES (17, 4);
INSERT INTO private.ckn_verb_scenarios (verb_key, scenario_key) VALUES (18, 4);
INSERT INTO private.ckn_verb_scenarios (verb_key, scenario_key) VALUES (135, 4);
INSERT INTO private.ckn_verb_scenarios (verb_key, scenario_key) VALUES (136, 4);
INSERT INTO private.ckn_verb_scenarios (verb_key, scenario_key) VALUES (21, 4);
INSERT INTO private.ckn_verb_scenarios (verb_key, scenario_key) VALUES (22, 4);
INSERT INTO private.ckn_verb_scenarios (verb_key, scenario_key) VALUES (27, 4);
INSERT INTO private.ckn_verb_scenarios (verb_key, scenario_key) VALUES (28, 4);
INSERT INTO private.ckn_verb_scenarios (verb_key, scenario_key) VALUES (357, 4);
INSERT INTO private.ckn_verb_scenarios (verb_key, scenario_key) VALUES (358, 4);
INSERT INTO private.ckn_verb_scenarios (verb_key, scenario_key) VALUES (153, 4);
INSERT INTO private.ckn_verb_scenarios (verb_key, scenario_key) VALUES (154, 4);
INSERT INTO private.ckn_verb_scenarios (verb_key, scenario_key) VALUES (361, 4);
INSERT INTO private.ckn_verb_scenarios (verb_key, scenario_key) VALUES (362, 4);
INSERT INTO private.ckn_verb_scenarios (verb_key, scenario_key) VALUES (35, 4);
INSERT INTO private.ckn_verb_scenarios (verb_key, scenario_key) VALUES (36, 4);
INSERT INTO private.ckn_verb_scenarios (verb_key, scenario_key) VALUES (365, 4);
INSERT INTO private.ckn_verb_scenarios (verb_key, scenario_key) VALUES (262, 4);
INSERT INTO private.ckn_verb_scenarios (verb_key, scenario_key) VALUES (37, 4);
INSERT INTO private.ckn_verb_scenarios (verb_key, scenario_key) VALUES (38, 4);
INSERT INTO private.ckn_verb_scenarios (verb_key, scenario_key) VALUES (43, 4);
INSERT INTO private.ckn_verb_scenarios (verb_key, scenario_key) VALUES (44, 4);
INSERT INTO private.ckn_verb_scenarios (verb_key, scenario_key) VALUES (371, 4);
INSERT INTO private.ckn_verb_scenarios (verb_key, scenario_key) VALUES (372, 4);
INSERT INTO private.ckn_verb_scenarios (verb_key, scenario_key) VALUES (45, 4);
INSERT INTO private.ckn_verb_scenarios (verb_key, scenario_key) VALUES (46, 4);
INSERT INTO private.ckn_verb_scenarios (verb_key, scenario_key) VALUES (375, 4);
INSERT INTO private.ckn_verb_scenarios (verb_key, scenario_key) VALUES (377, 4);
INSERT INTO private.ckn_verb_scenarios (verb_key, scenario_key) VALUES (378, 4);
INSERT INTO private.ckn_verb_scenarios (verb_key, scenario_key) VALUES (379, 4);
INSERT INTO private.ckn_verb_scenarios (verb_key, scenario_key) VALUES (380, 4);
INSERT INTO private.ckn_verb_scenarios (verb_key, scenario_key) VALUES (57, 4);
INSERT INTO private.ckn_verb_scenarios (verb_key, scenario_key) VALUES (32, 4);
INSERT INTO private.ckn_verb_scenarios (verb_key, scenario_key) VALUES (59, 4);
INSERT INTO private.ckn_verb_scenarios (verb_key, scenario_key) VALUES (60, 4);
INSERT INTO private.ckn_verb_scenarios (verb_key, scenario_key) VALUES (175, 4);
INSERT INTO private.ckn_verb_scenarios (verb_key, scenario_key) VALUES (176, 4);
INSERT INTO private.ckn_verb_scenarios (verb_key, scenario_key) VALUES (387, 4);
INSERT INTO private.ckn_verb_scenarios (verb_key, scenario_key) VALUES (388, 4);
INSERT INTO private.ckn_verb_scenarios (verb_key, scenario_key) VALUES (63, 4);
INSERT INTO private.ckn_verb_scenarios (verb_key, scenario_key) VALUES (64, 4);
INSERT INTO private.ckn_verb_scenarios (verb_key, scenario_key) VALUES (275, 4);
INSERT INTO private.ckn_verb_scenarios (verb_key, scenario_key) VALUES (122, 4);
INSERT INTO private.ckn_verb_scenarios (verb_key, scenario_key) VALUES (67, 4);
INSERT INTO private.ckn_verb_scenarios (verb_key, scenario_key) VALUES (68, 4);
INSERT INTO private.ckn_verb_scenarios (verb_key, scenario_key) VALUES (395, 4);
INSERT INTO private.ckn_verb_scenarios (verb_key, scenario_key) VALUES (396, 4);
INSERT INTO private.ckn_verb_scenarios (verb_key, scenario_key) VALUES (69, 4);
INSERT INTO private.ckn_verb_scenarios (verb_key, scenario_key) VALUES (70, 4);
INSERT INTO private.ckn_verb_scenarios (verb_key, scenario_key) VALUES (399, 4);
INSERT INTO private.ckn_verb_scenarios (verb_key, scenario_key) VALUES (400, 4);
INSERT INTO private.ckn_verb_scenarios (verb_key, scenario_key) VALUES (401, 4);
INSERT INTO private.ckn_verb_scenarios (verb_key, scenario_key) VALUES (402, 4);
INSERT INTO private.ckn_verb_scenarios (verb_key, scenario_key) VALUES (403, 4);
INSERT INTO private.ckn_verb_scenarios (verb_key, scenario_key) VALUES (404, 4);
INSERT INTO private.ckn_verb_scenarios (verb_key, scenario_key) VALUES (405, 4);
INSERT INTO private.ckn_verb_scenarios (verb_key, scenario_key) VALUES (407, 4);
INSERT INTO private.ckn_verb_scenarios (verb_key, scenario_key) VALUES (102, 4);
INSERT INTO private.ckn_verb_scenarios (verb_key, scenario_key) VALUES (81, 4);
INSERT INTO private.ckn_verb_scenarios (verb_key, scenario_key) VALUES (82, 4);
INSERT INTO private.ckn_verb_scenarios (verb_key, scenario_key) VALUES (299, 4);
INSERT INTO private.ckn_verb_scenarios (verb_key, scenario_key) VALUES (300, 4);
INSERT INTO private.ckn_verb_scenarios (verb_key, scenario_key) VALUES (87, 4);
INSERT INTO private.ckn_verb_scenarios (verb_key, scenario_key) VALUES (88, 4);
INSERT INTO private.ckn_verb_scenarios (verb_key, scenario_key) VALUES (415, 4);
INSERT INTO private.ckn_verb_scenarios (verb_key, scenario_key) VALUES (416, 4);
INSERT INTO private.ckn_verb_scenarios (verb_key, scenario_key) VALUES (309, 4);
INSERT INTO private.ckn_verb_scenarios (verb_key, scenario_key) VALUES (310, 4);
INSERT INTO private.ckn_verb_scenarios (verb_key, scenario_key) VALUES (313, 4);
INSERT INTO private.ckn_verb_scenarios (verb_key, scenario_key) VALUES (314, 4);
INSERT INTO private.ckn_verb_scenarios (verb_key, scenario_key) VALUES (421, 4);
INSERT INTO private.ckn_verb_scenarios (verb_key, scenario_key) VALUES (422, 4);
INSERT INTO private.ckn_verb_scenarios (verb_key, scenario_key) VALUES (317, 4);
INSERT INTO private.ckn_verb_scenarios (verb_key, scenario_key) VALUES (318, 4);
INSERT INTO private.ckn_verb_scenarios (verb_key, scenario_key) VALUES (425, 4);
INSERT INTO private.ckn_verb_scenarios (verb_key, scenario_key) VALUES (94, 4);
INSERT INTO private.ckn_verb_scenarios (verb_key, scenario_key) VALUES (97, 4);
INSERT INTO private.ckn_verb_scenarios (verb_key, scenario_key) VALUES (323, 4);
INSERT INTO private.ckn_verb_scenarios (verb_key, scenario_key) VALUES (324, 4);
INSERT INTO private.ckn_verb_scenarios (verb_key, scenario_key) VALUES (101, 4);
INSERT INTO private.ckn_verb_scenarios (verb_key, scenario_key) VALUES (211, 4);
INSERT INTO private.ckn_verb_scenarios (verb_key, scenario_key) VALUES (212, 4);
INSERT INTO private.ckn_verb_scenarios (verb_key, scenario_key) VALUES (217, 4);
INSERT INTO private.ckn_verb_scenarios (verb_key, scenario_key) VALUES (218, 4);
INSERT INTO private.ckn_verb_scenarios (verb_key, scenario_key) VALUES (109, 4);
INSERT INTO private.ckn_verb_scenarios (verb_key, scenario_key) VALUES (110, 4);
INSERT INTO private.ckn_verb_scenarios (verb_key, scenario_key) VALUES (170, 2);
INSERT INTO private.ckn_verb_scenarios (verb_key, scenario_key) VALUES (878, 2);
INSERT INTO private.ckn_verb_scenarios (verb_key, scenario_key) VALUES (44, 2);
INSERT INTO private.ckn_verb_scenarios (verb_key, scenario_key) VALUES (880, 2);
INSERT INTO private.ckn_verb_scenarios (verb_key, scenario_key) VALUES (210, 2);
INSERT INTO private.ckn_verb_scenarios (verb_key, scenario_key) VALUES (882, 2);
INSERT INTO private.ckn_verb_scenarios (verb_key, scenario_key) VALUES (883, 2);
INSERT INTO private.ckn_verb_scenarios (verb_key, scenario_key) VALUES (884, 2);
INSERT INTO private.ckn_verb_scenarios (verb_key, scenario_key) VALUES (886, 2);
INSERT INTO private.ckn_verb_scenarios (verb_key, scenario_key) VALUES (891, 2);
INSERT INTO private.ckn_verb_scenarios (verb_key, scenario_key) VALUES (892, 2);


--
-- Name: ckn_noun_base_noun_base_key_seq; Type: SEQUENCE SET; Schema: private; Owner: postgres
--

SELECT pg_catalog.setval('private.ckn_noun_base_noun_base_key_seq', 225, true);


--
-- Name: ckn_noun_noun_key_seq; Type: SEQUENCE SET; Schema: private; Owner: postgres
--

SELECT pg_catalog.setval('private.ckn_noun_noun_key_seq', 436, true);


--
-- Name: ckn_scenarios_scenario_key_seq; Type: SEQUENCE SET; Schema: private; Owner: postgres
--

SELECT pg_catalog.setval('private.ckn_scenarios_scenario_key_seq', 900, true);


--
-- Name: ckn_tts_cache_tts_cache_key_seq; Type: SEQUENCE SET; Schema: private; Owner: postgres
--

SELECT pg_catalog.setval('private.ckn_tts_cache_tts_cache_key_seq', 180, true);


--
-- Name: ckn_verb_base_verb_base_key_seq; Type: SEQUENCE SET; Schema: private; Owner: postgres
--

SELECT pg_catalog.setval('private.ckn_verb_base_verb_base_key_seq', 896, true);


--
-- Name: ckn_verb_verb_key_seq; Type: SEQUENCE SET; Schema: private; Owner: postgres
--

SELECT pg_catalog.setval('private.ckn_verb_verb_key_seq', 896, true);


--
-- PostgreSQL database dump complete
--

